corridor,seller_id,n_orders,avg_delta,std_delta,avg_actual,std_actual,pct_late
BA_AL,53243585a1d6dc2643021fd1853d8905,5,-13.6,6.2289646009589745,18.4,5.029910535983716,0.0
BA_BA,53243585a1d6dc2643021fd1853d8905,43,-10.581395348837209,6.576410072008584,8.930232558139535,3.978485885940657,0.023255813953488372
BA_BA,75d34ebb1bd0bd7dde40dd507b8169c3,8,-1.0,15.071259308460496,22.125,10.894789055848147,0.375
BA_CE,53243585a1d6dc2643021fd1853d8905,10,-13.5,5.441609239104836,12.6,4.812021982031623,0.0
BA_DF,53243585a1d6dc2643021fd1853d8905,12,-10.416666666666666,4.273774855458757,12.083333333333334,4.358029857908759,0.0
BA_ES,53243585a1d6dc2643021fd1853d8905,5,-13.2,2.9495762407505253,13.0,6.782329983125268,0.0
BA_MA,53243585a1d6dc2643021fd1853d8905,12,-12.083333333333334,4.718596350097295,14.083333333333334,3.4761089357690347,0.0
BA_MG,53243585a1d6dc2643021fd1853d8905,35,-14.457142857142857,4.571927493782393,10.628571428571428,3.4563302052024714,0.0
BA_MG,75d34ebb1bd0bd7dde40dd507b8169c3,7,-24.428571428571427,6.320789582985733,11.571428571428571,2.760262237369417,0.0
BA_PA,53243585a1d6dc2643021fd1853d8905,5,-17.8,13.516656391282572,24.6,12.621410380777577,0.2
BA_PE,53243585a1d6dc2643021fd1853d8905,18,-7.777777777777778,11.573578202885253,17.77777777777778,10.406759995059522,0.1111111111111111
BA_RJ,4aba391bc3b88717ce08eb11e44937b2,10,-12.3,19.77119116290164,19.8,16.605220062779456,0.2
BA_RJ,53243585a1d6dc2643021fd1853d8905,50,-11.74,6.592543716431559,12.54,4.563430503380508,0.0
BA_RJ,75d34ebb1bd0bd7dde40dd507b8169c3,7,-22.714285714285715,12.324964985944662,12.857142857142858,6.20291790016525,0.14285714285714285
BA_RJ,a3dd39f583bc80bd8c5901c95878921e,5,-11.0,5.612486080160911,11.8,4.381780460041329,0.0
BA_RN,53243585a1d6dc2643021fd1853d8905,5,-11.0,10.099504938362077,17.8,8.64291617453276,0.2
BA_RS,53243585a1d6dc2643021fd1853d8905,17,-11.235294117647058,8.64240571083007,18.176470588235293,9.71619327538856,0.058823529411764705
BA_SC,53243585a1d6dc2643021fd1853d8905,9,-11.333333333333334,5.2201532544552744,15.444444444444445,4.0034707164881045,0.0
BA_SE,53243585a1d6dc2643021fd1853d8905,7,-12.285714285714286,6.969320524371696,16.428571428571427,2.5727509827124,0.0
BA_SP,4aba391bc3b88717ce08eb11e44937b2,6,-19.333333333333332,9.647106647418525,13.166666666666666,4.708148963941845,0.0
BA_SP,53243585a1d6dc2643021fd1853d8905,86,-10.209302325581396,6.554955519335359,11.511627906976743,5.679155252109682,0.05813953488372093
BA_SP,75d34ebb1bd0bd7dde40dd507b8169c3,12,-19.666666666666668,6.786796450506384,11.666666666666666,3.984819679582488,0.0
BA_SP,a3dd39f583bc80bd8c5901c95878921e,12,-12.083333333333334,6.200562046860727,12.0,4.369314487526514,0.0
BA_SP,c72de06d72748d1a0dfb2125be43ba63,6,-22.333333333333332,7.941452428030195,7.833333333333333,1.4719601443879744,0.0
CE_CE,dbdd0ec73a4817971d962698f2fea022,5,-18.2,11.211601134539169,6.2,3.271085446759225,0.0
CE_PE,8d79c8a04e42d722a75097ce5cbcf2ef,6,-7.666666666666667,8.891943919451284,17.0,10.21763181955584,0.16666666666666666
CE_RJ,bbf9ad41dca6603e614efcdad7aab8c4,5,-25.0,7.968688725254614,14.0,5.656854249492381,0.0
CE_SP,8d79c8a04e42d722a75097ce5cbcf2ef,5,-27.6,4.61519230368573,11.6,2.701851217221259,0.0
CE_SP,bbf9ad41dca6603e614efcdad7aab8c4,5,-20.6,6.18869937870632,10.6,4.03732584763727,0.0
CE_SP,c4fabeea6e569d42d02993bb1f4f1cbc,6,-8.5,3.6193922141707713,16.333333333333332,1.9663841605003505,0.0
DF_BA,44073f8b7e41514de3b7815dd0237f4f,12,-14.583333333333334,6.666856057915882,16.25,6.593729803932879,0.0
DF_BA,5656537e588803a555b8eb41f07a944b,6,-6.833333333333333,12.188792666489435,20.166666666666668,11.565754046609614,0.16666666666666666
DF_DF,5656537e588803a555b8eb41f07a944b,17,-8.352941176470589,5.134943724990911,2.8823529411764706,1.3639259941972872,0.0
DF_DF,bd0389da23d89b726abf911cccc54596,5,-12.6,2.6076809620810595,2.2,0.8366600265340756,0.0
DF_ES,5656537e588803a555b8eb41f07a944b,6,-7.166666666666667,7.4139508136125825,16.333333333333332,6.0553007081949835,0.16666666666666666
DF_GO,5656537e588803a555b8eb41f07a944b,7,-11.571428571428571,8.30375703837612,7.142857142857143,4.488079449258573,0.0
DF_MG,432c37c9dfba871172ec162e20118b8c,9,-13.333333333333334,9.041570660012564,13.444444444444445,4.850544070285083,0.0
DF_MG,44073f8b7e41514de3b7815dd0237f4f,21,-19.238095238095237,6.057266395865066,8.047619047619047,2.9576374097612184,0.0
DF_MG,5656537e588803a555b8eb41f07a944b,20,-15.2,6.444908230941939,8.25,5.664989431866391,0.05
DF_MG,bd0389da23d89b726abf911cccc54596,9,-20.333333333333332,3.5,10.0,4.242640687119285,0.0
DF_MG,c9a06ece156bb057372c68718ec8909b,7,-33.142857142857146,11.480832888319725,11.571428571428571,8.223080178318074,0.0
DF_MG,f3b80352b986ab4d1057a4b724be19d0,9,-16.11111111111111,2.758824226207808,9.555555555555555,2.2973414586817036,0.0
DF_PR,3c487ae8f8d7542beff5788e2e0aea83,5,-8.2,1.6431676725154984,12.6,0.5477225575051662,0.0
DF_PR,5656537e588803a555b8eb41f07a944b,7,-11.428571428571429,6.133436852128472,12.857142857142858,7.033931367037247,0.0
DF_RJ,432c37c9dfba871172ec162e20118b8c,5,-10.4,10.89954127475097,17.2,12.457929201917949,0.2
DF_RJ,44073f8b7e41514de3b7815dd0237f4f,17,-11.058823529411764,9.430473133910715,15.529411764705882,9.131796421425136,0.11764705882352941
DF_RJ,5656537e588803a555b8eb41f07a944b,26,-17.115384615384617,11.068249809529684,11.538461538461538,8.24733057046106,0.038461538461538464
DF_RJ,7ecd59e5e20407131822c1a68ac59c1f,6,-27.666666666666668,9.973297682645729,11.833333333333334,5.076087732365021,0.0
DF_RJ,bd0389da23d89b726abf911cccc54596,7,-12.714285714285714,21.34411929716072,18.285714285714285,17.736161607614783,0.14285714285714285
DF_RJ,f3b80352b986ab4d1057a4b724be19d0,8,-17.25,9.114352888243276,10.75,2.9640705601780613,0.0
DF_RS,44073f8b7e41514de3b7815dd0237f4f,5,-17.8,14.75466028073842,20.8,11.189280584559492,0.2
DF_RS,bd0389da23d89b726abf911cccc54596,5,-10.6,20.255863348670182,20.8,17.73978579352073,0.2
DF_SP,2addf05f476d0637864454e93ba673d5,5,-11.2,4.43846820423443,12.4,5.176871642217915,0.0
DF_SP,3c487ae8f8d7542beff5788e2e0aea83,7,-12.0,4.690415759823429,11.285714285714286,1.7994708216848745,0.0
DF_SP,42bde9fef835393bb8a8849cb6b7f245,12,-13.833333333333334,5.305800142439889,9.166666666666666,4.802145984932784,0.0
DF_SP,432c37c9dfba871172ec162e20118b8c,9,-15.333333333333334,3.840572873934304,8.333333333333334,3.278719262151,0.0
DF_SP,44073f8b7e41514de3b7815dd0237f4f,51,-17.647058823529413,7.802111328125907,10.470588235294118,4.708940182998593,0.0
DF_SP,5656537e588803a555b8eb41f07a944b,54,-11.166666666666666,7.5354508072128334,10.685185185185185,6.62420966898273,0.018518518518518517
DF_SP,6b333a05bf188ef3e1f1662a86bd9855,6,-9.166666666666666,7.985403350280227,11.166666666666666,6.112828041640519,0.16666666666666666
DF_SP,768de2a4fc06aacecb9a586ccc30746a,7,-11.428571428571429,7.828519290754433,14.857142857142858,5.727959829601096,0.0
DF_SP,77e4abfd739aed9c46480f90f81c0eb4,9,-12.777777777777779,8.089774066341066,10.666666666666666,4.301162633521313,0.0
DF_SP,7ecd59e5e20407131822c1a68ac59c1f,14,-6.642857142857143,8.176957708257843,18.571428571428573,6.259937155180808,0.21428571428571427
DF_SP,bd0389da23d89b726abf911cccc54596,30,-14.1,5.610027967230061,9.433333333333334,3.3495582141358664,0.0
DF_SP,d3674f271c91f824f82d24d92011f669,12,-10.166666666666666,7.408021860037123,13.166666666666666,6.978321409692282,0.08333333333333333
DF_SP,e38db885400cd35c71dfd162f2c1dbcf,15,-12.133333333333333,6.916508890914204,11.066666666666666,4.787881527754162,0.0
DF_SP,f3b80352b986ab4d1057a4b724be19d0,46,-13.152173913043478,3.9886917448893926,9.58695652173913,2.745307810764653,0.0
ES_BA,001cca7ae9ae17fb1caed9dfb1094831,14,-14.5,5.080127194046652,13.071428571428571,4.565157099231016,0.0
ES_ES,001cca7ae9ae17fb1caed9dfb1094831,5,-13.8,12.755391017134675,7.6,3.7815340802378077,0.2
ES_MG,001cca7ae9ae17fb1caed9dfb1094831,30,-13.533333333333333,4.264798441559277,10.866666666666667,2.932967584303432,0.0
ES_MG,15aac934c58d886785ac1b17953ea898,5,-15.6,6.024948132556827,9.8,4.494441010848846,0.0
ES_PR,001cca7ae9ae17fb1caed9dfb1094831,11,-17.818181818181817,5.075789235541244,11.545454545454545,4.844866073765845,0.0
ES_RJ,001cca7ae9ae17fb1caed9dfb1094831,37,-11.81081081081081,7.5639416452808,12.324324324324325,7.55738804840099,0.08108108108108109
ES_RJ,15aac934c58d886785ac1b17953ea898,6,-1.5,17.120163550620656,15.833333333333334,15.61302874738488,0.16666666666666666
ES_RS,001cca7ae9ae17fb1caed9dfb1094831,13,-11.846153846153847,11.97807826716619,18.692307692307693,10.781037483970142,0.15384615384615385
ES_SC,001cca7ae9ae17fb1caed9dfb1094831,10,-10.2,10.064238117656442,20.0,10.0,0.1
ES_SP,001cca7ae9ae17fb1caed9dfb1094831,58,-12.120689655172415,10.948167492592356,12.53448275862069,9.708407492661047,0.06896551724137931
ES_SP,15aac934c58d886785ac1b17953ea898,6,-5.333333333333333,7.711463328491335,14.833333333333334,8.232051182218601,0.3333333333333333
ES_SP,41da412d33e8da4f22baf55cb1bde82c,7,-16.571428571428573,4.7559486560567095,10.285714285714286,4.029651999626672,0.0
ES_SP,cb6c9f5888a7a090c75beaf615925792,5,-9.6,8.590692637965812,9.0,5.1478150704935,0.0
GO_DF,9d5a9018aee56acb367ba9c3f05d1d6a,5,-13.8,3.8340579025361623,10.0,2.1213203435596424,0.0
GO_GO,b410bdd36d5db7a65dcd42b7ead933b8,5,-10.2,5.761944116355173,4.8,2.7748873851023212,0.0
GO_MG,65b081a070633e057c462abdd6fb9dd8,5,-21.6,5.319774431308155,11.6,3.9115214431215892,0.0
GO_MG,750303a20e9c56b2a6bc45cdce0b897d,11,-18.727272727272727,9.43494471728276,8.545454545454545,2.2074254852038093,0.0
GO_MG,9a84ba99f5367fdbd4598363496f1ea2,5,-24.2,4.3817804600413295,7.4,0.894427190999916,0.0
GO_MG,9d5a9018aee56acb367ba9c3f05d1d6a,14,-15.0,7.912988349251161,12.142857142857142,3.324897751051159,0.0
GO_MG,b410bdd36d5db7a65dcd42b7ead933b8,12,-15.833333333333334,10.443208609455528,8.5,3.0600059417648784,0.0
GO_PA,9d5a9018aee56acb367ba9c3f05d1d6a,6,-16.0,5.8309518948453,21.0,5.932958789676531,0.0
GO_RJ,376a891762bbdecbc02b4b6adec3fdda,5,-22.0,5.787918451395113,10.2,1.7888543819998322,0.0
GO_RJ,750303a20e9c56b2a6bc45cdce0b897d,9,-7.333333333333333,16.560495161679196,18.444444444444443,17.103443447966193,0.1111111111111111
GO_RJ,75fbb52eda0cbc24f479d3b2fbfa8d3e,9,-15.333333333333334,5.1720402163943,13.0,5.196152422706631,0.0
GO_RJ,9d5a9018aee56acb367ba9c3f05d1d6a,6,-15.0,5.215361924162119,13.833333333333334,3.4302575219167823,0.0
GO_RJ,b410bdd36d5db7a65dcd42b7ead933b8,5,-20.6,6.730527468185536,8.4,2.3021728866442674,0.0
GO_SC,376a891762bbdecbc02b4b6adec3fdda,5,-5.6,5.128352561983234,20.6,5.8991524815010505,0.2
GO_SP,376a891762bbdecbc02b4b6adec3fdda,15,-16.466666666666665,4.5176900966670805,7.933333333333334,3.7505555144093874,0.0
GO_SP,6b89abe95848c850399130d149a39b63,5,-11.0,5.291502622129181,15.0,4.358898943540674,0.0
GO_SP,750303a20e9c56b2a6bc45cdce0b897d,12,-7.833333333333333,11.368483814582499,12.833333333333334,13.065105039645479,0.08333333333333333
GO_SP,75fbb52eda0cbc24f479d3b2fbfa8d3e,10,-17.4,5.680375574437544,10.5,5.212165257037297,0.0
GO_SP,8ab42aa58097fd4668d60cc648225d5f,11,-14.818181818181818,5.74139672585307,11.0,5.531726674375733,0.0
GO_SP,9a84ba99f5367fdbd4598363496f1ea2,7,-21.857142857142858,10.399175791516228,10.285714285714286,5.822779568622009,0.0
GO_SP,9d5a9018aee56acb367ba9c3f05d1d6a,15,-13.066666666666666,5.216274897810104,12.866666666666667,4.911599487316685,0.0
GO_SP,b410bdd36d5db7a65dcd42b7ead933b8,14,-14.642857142857142,10.551027240234754,8.785714285714286,4.370857536501916,0.0
MA_BA,06a2c3af7b3aee5d69171b0e14f0ee87,10,-3.1,7.992357460585568,21.8,8.416914187779536,0.2
MA_CE,06a2c3af7b3aee5d69171b0e14f0ee87,9,-15.555555555555555,12.640323483905693,13.11111111111111,10.705657901834483,0.1111111111111111
MA_DF,06a2c3af7b3aee5d69171b0e14f0ee87,27,-11.814814814814815,10.630279817711713,16.11111111111111,5.970010522689692,0.18518518518518517
MA_ES,06a2c3af7b3aee5d69171b0e14f0ee87,13,-2.3846153846153846,17.192723565210475,28.53846153846154,13.357990022301163,0.46153846153846156
MA_GO,06a2c3af7b3aee5d69171b0e14f0ee87,16,-8.125,13.700973201443272,21.375,9.858160747996216,0.3125
MA_MA,06a2c3af7b3aee5d69171b0e14f0ee87,14,-6.642857142857143,8.445364161726587,9.857142857142858,7.112904230580262,0.2857142857142857
MA_MG,06a2c3af7b3aee5d69171b0e14f0ee87,31,-13.290322580645162,10.74924353427439,17.419354838709676,7.473393667084976,0.12903225806451613
MA_PA,06a2c3af7b3aee5d69171b0e14f0ee87,5,-16.8,15.17234326002414,27.6,12.739701723352868,0.2
MA_PE,06a2c3af7b3aee5d69171b0e14f0ee87,21,-11.761904761904763,13.85967085433403,15.476190476190476,9.410733486923576,0.14285714285714285
MA_PI,06a2c3af7b3aee5d69171b0e14f0ee87,5,-16.4,13.277801022759755,14.2,8.043631020876083,0.2
MA_PR,06a2c3af7b3aee5d69171b0e14f0ee87,9,-10.555555555555555,13.473224475892094,19.22222222222222,7.917982346813135,0.3333333333333333
MA_RJ,06a2c3af7b3aee5d69171b0e14f0ee87,41,-19.24390243902439,12.334464900847703,16.658536585365855,7.926568476010159,0.04878048780487805
MA_RS,06a2c3af7b3aee5d69171b0e14f0ee87,17,-17.0,13.379088160259652,18.941176470588236,9.2498012697253,0.11764705882352941
MA_SC,06a2c3af7b3aee5d69171b0e14f0ee87,19,-13.210526315789474,10.804211870934722,16.94736842105263,7.352049481535565,0.10526315789473684
MA_SE,06a2c3af7b3aee5d69171b0e14f0ee87,5,0.8,13.21741275741966,29.2,8.87130204648675,0.6
MA_SP,06a2c3af7b3aee5d69171b0e14f0ee87,123,-9.8130081300813,12.070387550989443,16.089430894308943,8.454320973093395,0.2032520325203252
MG_BA,080102cd0a76b09e0dcf55fcacc60e05,5,-8.4,6.465291950097845,15.2,7.854934754662192,0.0
MG_BA,0c8380b62e38e8a1e6adbeba7eb9688c,5,15.0,53.73546315051169,44.0,54.85890994177701,0.2
MG_BA,0df3984f9dfb3d49ac6366acbd3bbb85,5,-18.6,7.829431652425354,12.0,8.916277250063503,0.0
MG_BA,0ea22c1cfbdc755f86b9b54b39c16043,8,-15.75,5.007137762377681,17.0,6.502746672423453,0.0
MG_BA,1554a68530182680ad5c8b042c3ab563,11,-7.454545454545454,10.699192832766744,21.90909090909091,9.914177176695455,0.18181818181818182
MG_BA,282f23a9769b2690c5dda22e316f9941,5,-15.2,3.3466401061363027,10.4,6.06630035524124,0.0
MG_BA,2a84855fd20af891be03bc5924d2b453,6,-15.0,5.5497747702046425,8.833333333333334,2.714160398109638,0.0
MG_BA,3db66a856d18a9cba7c9241fc5221c50,7,-9.285714285714286,14.874074601066622,24.428571428571427,11.501552690211625,0.2857142857142857
MG_BA,4305fe92735c8a43d154ff6dd2b8d927,5,-12.8,2.3874672772626644,12.6,1.140175425099138,0.0
MG_BA,59b22a78efb79a4797979612b885db36,6,-7.0,9.757048734120374,18.166666666666668,7.305249254246338,0.16666666666666666
MG_BA,5cf13accae3222c70a9cac40818ae839,11,-15.272727272727273,13.806454353605123,15.363636363636363,8.285803850837011,0.09090909090909091
MG_BA,6cd68b3ed6d59aaa9fece558ad360c0a,6,-16.833333333333332,2.9944392908634274,12.5,2.258317958127243,0.0
MG_BA,7299e27ed73d2ad986de7f7c77d919fa,11,-6.909090909090909,12.58137151072605,20.727272727272727,10.826734587038782,0.2727272727272727
MG_BA,7ea5bfa6c340f58f8e71fc1f0412b0d6,6,-17.833333333333332,8.773064838850027,11.833333333333334,4.167333280008532,0.0
MG_BA,85d9eb9ddc5d00ca9336a2219c97bb13,33,-16.151515151515152,7.941667064135575,17.151515151515152,7.18123079684644,0.030303030303030304
MG_BA,8f54d64f28a993550aa7943f12572959,5,-9.8,5.449770637375485,12.8,6.3796551630946325,0.0
MG_BA,a1043bafd471dff536d0c462352beb48,43,-8.674418604651162,8.727954351045343,19.186046511627907,8.636180300819415,0.13953488372093023
MG_BA,aac29b1b99776be73c3049939652091d,6,16.333333333333332,60.12875074926027,44.666666666666664,61.00382501668783,0.3333333333333333
MG_BA,d921b68bf747894be13a97ae52b0f386,7,-15.857142857142858,14.484803202305644,15.571428571428571,9.289010404005062,0.14285714285714285
MG_BA,dbc22125167c298ef99da25668e1011f,14,-9.785714285714286,7.637746057258308,19.285714285714285,7.975236398025804,0.14285714285714285
MG_BA,fc906263ca5083d09dce42fe02247800,7,-17.428571428571427,5.996030432909839,13.571428571428571,6.704653678780207,0.0
MG_CE,6cd68b3ed6d59aaa9fece558ad360c0a,5,-17.2,4.43846820423443,16.2,2.8635642126552705,0.0
MG_CE,85d9eb9ddc5d00ca9336a2219c97bb13,5,-17.4,7.503332592921629,18.0,4.795831523312719,0.0
MG_CE,dbc22125167c298ef99da25668e1011f,7,-16.0,5.715476066494082,19.0,7.118052168020874,0.0
MG_DF,0c8380b62e38e8a1e6adbeba7eb9688c,5,-9.4,3.361547262794322,14.2,1.6431676725154984,0.0
MG_DF,0ea22c1cfbdc755f86b9b54b39c16043,6,-13.833333333333334,4.665476038590989,10.166666666666666,2.48327740429189,0.0
MG_DF,1554a68530182680ad5c8b042c3ab563,8,-12.75,5.444525428617001,12.375,4.926241685388278,0.0
MG_DF,66922902710d126a0e7d26b0e3805106,5,-14.4,4.277849927241488,11.2,5.357238094391549,0.0
MG_DF,6cd68b3ed6d59aaa9fece558ad360c0a,5,-12.8,1.6431676725154984,12.6,4.159326868617084,0.0
MG_DF,7299e27ed73d2ad986de7f7c77d919fa,11,-14.181818181818182,5.400336689840399,6.818181818181818,2.482667187449088,0.0
MG_DF,85d9eb9ddc5d00ca9336a2219c97bb13,9,-15.11111111111111,4.484541349024571,12.0,2.7386127875258306,0.0
MG_DF,a1043bafd471dff536d0c462352beb48,11,-12.727272727272727,4.076540422733696,11.454545454545455,2.6594599588501557,0.0
MG_DF,d921b68bf747894be13a97ae52b0f386,5,-19.2,9.833615815151617,7.8,1.9235384061671346,0.0
MG_DF,dbc22125167c298ef99da25668e1011f,9,-11.0,13.74772708486752,15.11111111111111,12.128936932440167,0.1111111111111111
MG_ES,1554a68530182680ad5c8b042c3ab563,6,-17.0,9.859006035092989,11.666666666666666,2.943920288775949,0.0
MG_ES,7299e27ed73d2ad986de7f7c77d919fa,7,-10.428571428571429,8.599557020706412,15.0,6.0553007081949835,0.0
MG_ES,85d9eb9ddc5d00ca9336a2219c97bb13,21,-16.857142857142858,9.095524802262453,14.904761904761905,7.700030921397406,0.0
MG_ES,8e6cc767478edae941d9bd9eb778d77a,5,-10.4,5.549774770204643,17.4,3.361547262794322,0.0
MG_ES,a1043bafd471dff536d0c462352beb48,23,-12.565217391304348,6.894174661899327,12.608695652173912,4.438868922625781,0.043478260869565216
MG_ES,b92e3c8f9738272ff7c59e111e108d7c,5,-49.6,25.244801445050026,12.8,4.54972526643093,0.0
MG_ES,d94a40fd42351c259927028d163af842,5,-12.8,12.049896265113654,18.8,11.945710527214361,0.2
MG_ES,dbc22125167c298ef99da25668e1011f,13,-11.76923076923077,4.639573366769947,13.615384615384615,4.78780502141398,0.0
MG_GO,0ea22c1cfbdc755f86b9b54b39c16043,6,-16.166666666666668,10.107752800037536,11.333333333333334,4.412104562073146,0.0
MG_GO,1554a68530182680ad5c8b042c3ab563,7,-12.857142857142858,12.005950905399253,17.714285714285715,8.077010290825143,0.14285714285714285
MG_GO,229c3efbfb0ea2058de4ccdfbc3d784a,5,-15.4,3.7815340802378077,10.2,3.63318042491699,0.0
MG_GO,7299e27ed73d2ad986de7f7c77d919fa,7,-15.714285714285714,3.6839419880650364,9.714285714285714,1.380131118684708,0.0
MG_GO,85d9eb9ddc5d00ca9336a2219c97bb13,11,-17.818181818181817,9.020179397530647,15.636363636363637,7.460197413912413,0.0
MG_GO,a1043bafd471dff536d0c462352beb48,18,-6.777777777777778,11.101433694138764,19.444444444444443,11.520938596476888,0.1111111111111111
MG_GO,d921b68bf747894be13a97ae52b0f386,6,-12.166666666666666,5.845225972250061,12.5,3.2093613071762426,0.0
MG_GO,dbc22125167c298ef99da25668e1011f,5,-10.0,7.035623639735144,17.0,4.242640687119285,0.0
MG_MA,3db66a856d18a9cba7c9241fc5221c50,5,-16.6,11.717508267545622,23.6,5.176871642217914,0.2
MG_MA,85d9eb9ddc5d00ca9336a2219c97bb13,11,-13.0,9.539392014169456,21.727272727272727,8.343751064010828,0.09090909090909091
MG_MG,0509040ea3fe50071181bbc359eb7738,29,-11.241379310344827,4.968868600840013,6.551724137931035,5.754415738596825,0.0
MG_MG,05d2173d43ea568aa0540eba70d2ca76,9,-12.88888888888889,6.030017505041848,9.0,4.301162633521313,0.0
MG_MG,05f51e13da97139648b8125c31e5f51b,11,-8.090909090909092,7.816067367347155,8.636363636363637,7.7106773667781905,0.18181818181818182
MG_MG,080102cd0a76b09e0dcf55fcacc60e05,26,-10.0,6.788225099390855,5.769230769230769,5.077855392251278,0.07692307692307693
MG_MG,0c8380b62e38e8a1e6adbeba7eb9688c,39,-13.025641025641026,6.563404040937019,8.051282051282051,2.990764010369591,0.0
MG_MG,0cbcee27c791afa0cdcb08587a2013a8,5,-20.8,7.085195833567341,6.8,1.0954451150103321,0.0
MG_MG,0d85bbda9889ce1f7e63778d24f346eb,10,-12.2,5.573747990954262,8.1,3.212821536005731,0.0
MG_MG,0df3984f9dfb3d49ac6366acbd3bbb85,17,-13.764705882352942,5.662700457430909,6.0,2.979093821953246,0.0
MG_MG,0ea22c1cfbdc755f86b9b54b39c16043,54,-15.074074074074074,6.742856043031841,7.092592592592593,4.005979109199188,0.0
MG_MG,0ebd97a106433a45a4aebe57c1799778,7,-14.714285714285714,5.794085654478071,3.857142857142857,2.9680841985233184,0.0
MG_MG,11305281b50fff20ae8bb473f8e11876,6,-17.5,12.581732790041283,12.333333333333334,3.2041639575194445,0.0
MG_MG,1554a68530182680ad5c8b042c3ab563,21,-11.238095238095237,16.5707717439616,13.428571428571429,10.70313705682324,0.09523809523809523
MG_MG,17ca9b9e9b9ef8fdb529001b49ebb50f,20,-10.55,5.762629151424036,5.95,4.605203007125974,0.0
MG_MG,1838dd9b8977065acf51d95e0053ea7a,10,-9.2,3.457680661303984,7.0,5.185449728701348,0.0
MG_MG,1d29dfba02015238dfbe2449a5eaa361,5,-17.2,5.540758070878027,8.2,5.215361924162119,0.0
MG_MG,1da366cade6d8276e7d8beea7af5d4bf,10,-8.5,9.03388682191177,14.8,9.101892355133874,0.1
MG_MG,229c3efbfb0ea2058de4ccdfbc3d784a,16,-12.0,4.305035810923451,5.625,3.461695153148719,0.0
MG_MG,25c5c91f63607446a97b143d2d535d31,20,-11.05,4.762518130922802,8.2,3.6935220675065543,0.0
MG_MG,276677b5d08786d5dce7c2149dcce48b,7,-8.0,3.3166247903554,8.142857142857142,4.450789122113495,0.0
MG_MG,282f23a9769b2690c5dda22e316f9941,15,-11.8,5.185143612834103,4.4,1.804755622554715,0.0
MG_MG,2a1348e9addc1af5aaa619b1a3679d6b,12,-2.4166666666666665,34.86456480135495,19.25,31.311122043714178,0.25
MG_MG,2a5b78b41cd05baeac8df54c6606b92c,9,-15.444444444444445,2.7436796055257213,5.0,2.6457513110645907,0.0
MG_MG,2a84855fd20af891be03bc5924d2b453,44,-10.159090909090908,5.2736430275703166,4.840909090909091,3.44351889934526,0.0
MG_MG,2b1a40c1daabc6ca280c4b815c101841,9,-17.555555555555557,7.213028336127468,6.666666666666667,3.24037034920393,0.0
MG_MG,31344c16881c08a8a72c6d2eb29918c1,13,-10.923076923076923,6.396112601436626,11.23076923076923,4.603510366264825,0.07692307692307693
MG_MG,3db66a856d18a9cba7c9241fc5221c50,21,-11.142857142857142,8.187097863624903,10.142857142857142,5.694608979427072,0.09523809523809523
MG_MG,4e06067cc08b3f41d837768d392c3ee3,6,-12.166666666666666,4.915960401250875,4.166666666666667,2.316606713852541,0.0
MG_MG,50c9975695009e5e6473912e83a6d1da,17,-5.0,7.3824115301167,14.941176470588236,7.154287073455452,0.17647058823529413
MG_MG,58f1a6197ed863543e0136bdedb3fce2,11,-14.545454545454545,5.465594869062952,7.090909090909091,3.780331875762906,0.0
MG_MG,594f9aaa48e5bf431f011ddc5669b0d5,6,-7.833333333333333,3.3115957885386114,3.1666666666666665,1.4719601443879746,0.0
MG_MG,59b22a78efb79a4797979612b885db36,25,-9.12,6.326663154196425,9.6,6.089608635481704,0.08
MG_MG,5b51032eddd242adc84c38acab88f23d,5,-14.2,5.805170109479997,9.0,3.5355339059327378,0.0
MG_MG,5cf13accae3222c70a9cac40818ae839,18,-12.11111111111111,6.910255710675844,6.777777777777778,2.734433064276128,0.0
MG_MG,66922902710d126a0e7d26b0e3805106,24,-8.333333333333334,5.12170714293301,6.041666666666667,3.014157415852104,0.08333333333333333
MG_MG,6cd68b3ed6d59aaa9fece558ad360c0a,34,-13.588235294117647,4.899707146838184,6.911764705882353,3.545100306815485,0.0
MG_MG,6df688df543f90e9b38f4319e75a9d88,10,-14.0,3.9440531887330774,5.5,1.7159383568311668,0.0
MG_MG,7299e27ed73d2ad986de7f7c77d919fa,57,-13.0,6.96162953009464,8.017543859649123,3.39900840619193,0.03508771929824561
MG_MG,7a241947449cc45dbfda4f9d0798d9d0,6,-6.5,5.431390245600108,10.666666666666666,7.659416862050705,0.16666666666666666
MG_MG,7e26c750b4cb9f6766f58265ff9ebe95,5,-11.6,3.130495168499706,5.8,3.271085446759225,0.0
MG_MG,7ea5bfa6c340f58f8e71fc1f0412b0d6,24,-12.041666666666666,6.01793816104361,5.666666666666667,3.171430436647279,0.0
MG_MG,8444e55c1f13cd5c179851e5ca5ebd00,21,-17.095238095238095,12.79024926224959,22.952380952380953,17.373762374558343,0.14285714285714285
MG_MG,85d9eb9ddc5d00ca9336a2219c97bb13,103,-14.029126213592233,7.940287334505104,10.048543689320388,5.826542782778064,0.009708737864077669
MG_MG,870d0118f7a9d85960f29ad89d5d989a,7,-6.571428571428571,13.389761547007263,14.285714285714286,14.395766573478996,0.14285714285714285
MG_MG,8e6cc767478edae941d9bd9eb778d77a,16,-14.375,7.7190241179396075,12.1875,4.901955392153897,0.0
MG_MG,93dc87703c046b603023e75222018b45,10,-15.4,4.195235392680606,10.9,4.508017549014447,0.0
MG_MG,95f83f51203c626648c875dd41874c7f,16,-13.3125,7.217744338318816,9.1875,4.621958459354649,0.0
MG_MG,a1043bafd471dff536d0c462352beb48,186,-11.741935483870968,4.909787744201622,9.091397849462366,3.885834451801332,0.010752688172043012
MG_MG,aac29b1b99776be73c3049939652091d,15,-14.0,2.390457218668787,7.933333333333334,2.433887738538802,0.0
MG_MG,acce39e832338debb07b02385cde5967,5,-7.0,2.5495097567963922,5.4,1.9493588689617927,0.0
MG_MG,afe0067131b73e40875c9b6c10bd2e21,5,-11.4,3.7815340802378077,7.6,3.0495901363953815,0.0
MG_MG,b19f3ca2ea475913750f25a5c37c8d8f,8,-9.25,8.013381665332416,12.5,7.634508123364221,0.125
MG_MG,b335c59ab742f751a85db9c411a86739,6,-8.833333333333334,4.262237284181474,12.333333333333334,2.6583202716502514,0.0
MG_MG,b92e3c8f9738272ff7c59e111e108d7c,12,-39.416666666666664,26.043524176177684,13.75,5.97152333237432,0.0
MG_MG,c8467937e403e76a8ee9f0ab13f6f5ef,6,-13.5,2.8809720581775866,10.166666666666666,2.48327740429189,0.0
MG_MG,cb8bcce248bb1fb274ba762d8b971456,12,-10.833333333333334,4.174235549683609,8.916666666666666,2.8749176536296677,0.0
MG_MG,cc5a78bbad32776dc4e3af205218368c,9,-13.222222222222221,8.089774066341064,5.333333333333333,2.1794494717703365,0.0
MG_MG,ce7d1888639e6fb06b2749cbfdac1ff7,11,-10.636363636363637,13.713298124614132,13.363636363636363,11.05687774439717,0.09090909090909091
MG_MG,cfa5ab0e4d3fc212fd0b3410e7081c62,5,-12.4,6.024948132556827,10.4,5.412947441089743,0.0
MG_MG,d66c305afaec317ebee552073a674429,6,-22.666666666666668,10.65207335060488,5.5,2.258317958127243,0.0
MG_MG,d921b68bf747894be13a97ae52b0f386,8,-12.5,6.2105900340811875,6.875,3.563204817496262,0.0
MG_MG,d94a40fd42351c259927028d163af842,16,-11.6875,6.467547190911456,10.1875,6.209871174187111,0.0625
MG_MG,daeb5653dd96c1b11860f72209795012,11,-12.181818181818182,6.968761465542953,5.7272727272727275,2.4531982835029496,0.0
MG_MG,dbc22125167c298ef99da25668e1011f,101,-12.643564356435643,5.7871999419682085,7.792079207920792,3.7425040592714627,0.009900990099009901
MG_MG,dd2bdf855a9172734fbc3744021ae9b9,18,-23.666666666666668,12.778658679496013,11.11111111111111,9.821278752783126,0.0
MG_MG,f789d2c4f2c2eb38fc4373e7a4b35264,5,-10.8,6.723094525588644,9.8,8.843076387773657,0.0
MG_MG,fc906263ca5083d09dce42fe02247800,19,-11.68421052631579,3.4002063920844465,5.473684210526316,3.2036163775859374,0.0
MG_MS,7299e27ed73d2ad986de7f7c77d919fa,5,-14.6,4.39317652729776,13.6,4.39317652729776,0.0
MG_MS,a1043bafd471dff536d0c462352beb48,7,-10.428571428571429,7.9342536480995465,17.714285714285715,6.369570517030843,0.14285714285714285
MG_MT,a1043bafd471dff536d0c462352beb48,9,-4.777777777777778,10.50925518028963,27.333333333333332,9.1104335791443,0.1111111111111111
MG_PA,0ea22c1cfbdc755f86b9b54b39c16043,5,-17.2,12.457929201917949,24.6,9.685040010242602,0.0
MG_PA,85d9eb9ddc5d00ca9336a2219c97bb13,12,-14.416666666666666,13.173377652974152,26.0,13.803820288074405,0.08333333333333333
MG_PA,a1043bafd471dff536d0c462352beb48,10,-10.0,5.962847939999439,28.0,6.073622386096199,0.1
MG_PE,080102cd0a76b09e0dcf55fcacc60e05,5,-16.6,6.6558245169174945,8.6,2.1908902300206643,0.0
MG_PE,85d9eb9ddc5d00ca9336a2219c97bb13,5,-20.2,8.012490249604053,10.6,5.856620185738529,0.0
MG_PE,dbc22125167c298ef99da25668e1011f,9,-7.333333333333333,13.444329659748753,22.77777777777778,13.198274297969581,0.2222222222222222
MG_PR,080102cd0a76b09e0dcf55fcacc60e05,6,-15.333333333333334,6.8019605016985105,8.333333333333334,1.3662601021279464,0.0
MG_PR,0d85bbda9889ce1f7e63778d24f346eb,6,-12.833333333333334,4.750438576243952,13.333333333333334,3.07679486912382,0.0
MG_PR,0df3984f9dfb3d49ac6366acbd3bbb85,8,-15.25,5.599744892148468,11.125,4.969550137731641,0.0
MG_PR,0ea22c1cfbdc755f86b9b54b39c16043,8,-20.625,13.93800047147571,10.75,3.693623849670827,0.0
MG_PR,1554a68530182680ad5c8b042c3ab563,8,-13.25,8.68084920138248,12.5,4.3094580368566735,0.0
MG_PR,17ca9b9e9b9ef8fdb529001b49ebb50f,5,-15.8,4.604345773288535,7.2,3.03315017762062,0.0
MG_PR,25c5c91f63607446a97b143d2d535d31,7,-13.571428571428571,4.928053803045811,12.714285714285714,4.956957592256421,0.0
MG_PR,2a84855fd20af891be03bc5924d2b453,6,-20.333333333333332,7.5542482529148245,7.166666666666667,2.562550812504343,0.0
MG_PR,59b22a78efb79a4797979612b885db36,8,-13.25,10.646931147384343,13.375,9.07016301633312,0.125
MG_PR,5cf13accae3222c70a9cac40818ae839,6,-17.5,7.867655305108378,13.833333333333334,3.600925806881706,0.0
MG_PR,66922902710d126a0e7d26b0e3805106,8,-13.375,4.838461975226661,12.5,5.042675027063655,0.0
MG_PR,6cd68b3ed6d59aaa9fece558ad360c0a,12,-18.75,3.720337228116437,8.416666666666666,3.964807305493795,0.0
MG_PR,7299e27ed73d2ad986de7f7c77d919fa,14,-14.142857142857142,5.50324579550235,11.571428571428571,3.32159103939167,0.0
MG_PR,85d9eb9ddc5d00ca9336a2219c97bb13,32,-18.5625,9.993344559449103,14.4375,7.0204195261095785,0.0
MG_PR,a1043bafd471dff536d0c462352beb48,37,-14.216216216216216,7.913192694394508,14.972972972972974,6.264922126351552,0.02702702702702703
MG_PR,aac29b1b99776be73c3049939652091d,6,-11.5,3.391164991562634,14.0,4.516635916254486,0.0
MG_PR,bba74270a87732727b5a3b4fd9ac1c39,7,-17.428571428571427,3.3594217189442417,10.0,3.1091263510296048,0.0
MG_PR,cb8bcce248bb1fb274ba762d8b971456,5,-11.6,3.9749213828703582,12.6,2.8809720581775866,0.0
MG_PR,d921b68bf747894be13a97ae52b0f386,7,-17.857142857142858,8.668497975016038,9.0,1.2909944487358054,0.0
MG_PR,dbc22125167c298ef99da25668e1011f,21,-17.523809523809526,5.775976520200263,11.619047619047619,3.007926037591192,0.0
MG_RJ,02dcd3e8e25bee036e32512bcf175493,5,-9.2,24.631280924872748,19.8,18.780308836651223,0.4
MG_RJ,0509040ea3fe50071181bbc359eb7738,8,-4.125,7.3569694847810805,16.25,9.953463144626024,0.375
MG_RJ,05d2173d43ea568aa0540eba70d2ca76,11,-14.090909090909092,7.1477905041284675,13.272727272727273,3.9772077916777016,0.0
MG_RJ,05f51e13da97139648b8125c31e5f51b,7,-14.285714285714286,2.870208222079931,9.142857142857142,2.9113897843110044,0.0
MG_RJ,080102cd0a76b09e0dcf55fcacc60e05,19,-10.947368421052632,10.606463879323393,11.473684210526315,9.518218910493191,0.05263157894736842
MG_RJ,0afccdb8a34ee5c79f7c06faf2b4d56e,5,-4.4,12.157302332343306,18.8,11.122050170719426,0.4
MG_RJ,0c8380b62e38e8a1e6adbeba7eb9688c,29,-13.310344827586206,7.221512743561331,11.758620689655173,4.84513874498224,0.034482758620689655
MG_RJ,0cbcee27c791afa0cdcb08587a2013a8,8,-10.125,13.44233716923618,14.875,9.402697181432266,0.25
MG_RJ,0d85bbda9889ce1f7e63778d24f346eb,6,-12.833333333333334,5.8109092805400655,10.333333333333334,1.2110601416389968,0.0
MG_RJ,0ea22c1cfbdc755f86b9b54b39c16043,24,-15.166666666666666,9.466952434960108,12.916666666666666,8.909773171692672,0.041666666666666664
MG_RJ,11305281b50fff20ae8bb473f8e11876,8,-14.125,6.0812945050493035,11.375,3.8890872965260113,0.0
MG_RJ,1554a68530182680ad5c8b042c3ab563,48,-13.916666666666666,13.932715721491146,13.958333333333334,8.402021877572427,0.0625
MG_RJ,17ca9b9e9b9ef8fdb529001b49ebb50f,15,-17.133333333333333,7.029190836043918,7.533333333333333,3.9436507137905803,0.0
MG_RJ,1838dd9b8977065acf51d95e0053ea7a,7,-9.0,5.0990195135927845,15.428571428571429,5.740416444159862,0.0
MG_RJ,1da366cade6d8276e7d8beea7af5d4bf,7,-5.0,8.888194417315589,21.285714285714285,8.320943169983511,0.2857142857142857
MG_RJ,229c3efbfb0ea2058de4ccdfbc3d784a,23,-10.695652173913043,7.156908821098519,11.73913043478261,8.114058458258212,0.043478260869565216
MG_RJ,25c5c91f63607446a97b143d2d535d31,22,-9.5,9.936704445544068,16.681818181818183,10.530619136306251,0.18181818181818182
MG_RJ,282f23a9769b2690c5dda22e316f9941,18,-7.611111111111111,12.252917486382767,15.222222222222221,11.948692055202752,0.1111111111111111
MG_RJ,2a1348e9addc1af5aaa619b1a3679d6b,6,-12.666666666666666,5.08592829940284,12.0,4.47213595499958,0.0
MG_RJ,2a5b78b41cd05baeac8df54c6606b92c,6,-25.5,14.18097316829843,9.833333333333334,3.6560452221856705,0.0
MG_RJ,2a84855fd20af891be03bc5924d2b453,15,-11.0,13.789229751616192,14.133333333333333,11.482077130819809,0.13333333333333333
MG_RJ,31344c16881c08a8a72c6d2eb29918c1,6,-6.333333333333333,28.211108923022977,26.666666666666668,25.60208324856918,0.16666666666666666
MG_RJ,34d1ca11b242c0fee2c834ae8d788566,6,-18.833333333333332,7.13909424693824,9.5,3.3911649915626336,0.0
MG_RJ,3db66a856d18a9cba7c9241fc5221c50,6,-10.833333333333334,10.303721010715822,16.333333333333332,4.320493798938574,0.0
MG_RJ,49067458c68f7701fd334ce326accbe0,5,-20.4,16.04057355583023,9.8,2.04939015319192,0.0
MG_RJ,4e06067cc08b3f41d837768d392c3ee3,5,-9.4,3.286335345030997,11.8,1.9235384061671346,0.0
MG_RJ,50c9975695009e5e6473912e83a6d1da,6,-10.666666666666666,7.312090444371341,16.0,9.2951600308978,0.16666666666666666
MG_RJ,55a5b51f93f2b70ea513f5a047b0262a,5,-9.6,9.555103348473002,13.8,7.014271166700073,0.0
MG_RJ,58f1a6197ed863543e0136bdedb3fce2,7,-22.571428571428573,8.017837257372731,9.0,3.6514837167011076,0.0
MG_RJ,594f9aaa48e5bf431f011ddc5669b0d5,6,-11.666666666666666,11.448435118681795,7.833333333333333,3.7638632635454052,0.16666666666666666
MG_RJ,59b22a78efb79a4797979612b885db36,13,-3.230769230769231,11.973260807272776,19.384615384615383,16.681019460944533,0.23076923076923078
MG_RJ,5bc24d989e71e93c33e50a7782431b0e,5,-20.0,5.916079783099616,7.6,1.6733200530681511,0.0
MG_RJ,5cf13accae3222c70a9cac40818ae839,27,-11.666666666666666,8.801223691143093,14.444444444444445,5.950651763484099,0.07407407407407407
MG_RJ,66922902710d126a0e7d26b0e3805106,20,-9.3,10.110442751510883,13.7,11.197274104371163,0.15
MG_RJ,679769a98cfcc6da877c8486ff1c13f3,5,-13.2,6.220932405998316,9.6,4.8270073544588685,0.0
MG_RJ,6cd68b3ed6d59aaa9fece558ad360c0a,17,-9.823529411764707,9.869367343690572,12.941176470588236,9.633733623544495,0.11764705882352941
MG_RJ,6df688df543f90e9b38f4319e75a9d88,8,-12.875,3.681517544243328,10.0,3.8544964466377265,0.0
MG_RJ,7299e27ed73d2ad986de7f7c77d919fa,48,-13.125,8.850111190550455,12.0,5.469450942921171,0.020833333333333332
MG_RJ,7a241947449cc45dbfda4f9d0798d9d0,5,-14.0,3.3166247903554,12.4,3.361547262794322,0.0
MG_RJ,7ea5bfa6c340f58f8e71fc1f0412b0d6,11,5.090909090909091,38.52909172418822,30.09090909090909,38.31306447011136,0.36363636363636365
MG_RJ,8444e55c1f13cd5c179851e5ca5ebd00,15,-28.666666666666668,12.309500782883502,20.866666666666667,14.242123972150196,0.0
MG_RJ,85d9eb9ddc5d00ca9336a2219c97bb13,52,-15.096153846153847,9.923747741189777,14.634615384615385,6.976230922811121,0.057692307692307696
MG_RJ,870d0118f7a9d85960f29ad89d5d989a,9,-7.666666666666667,12.519984025548915,17.0,12.893796958227627,0.1111111111111111
MG_RJ,8e6cc767478edae941d9bd9eb778d77a,19,-8.842105263157896,14.279990499120466,19.473684210526315,12.34399728636749,0.21052631578947367
MG_RJ,93dc87703c046b603023e75222018b45,5,-21.4,14.25833089811006,16.2,3.7013511046643495,0.0
MG_RJ,a1043bafd471dff536d0c462352beb48,187,-13.411764705882353,10.015389802228144,14.764705882352942,9.5640588008629,0.08021390374331551
MG_RJ,aac29b1b99776be73c3049939652091d,15,-9.6,17.7313282074412,17.4,17.24943063242544,0.13333333333333333
MG_RJ,acce39e832338debb07b02385cde5967,9,-13.0,7.762087348130011,6.888888888888889,4.013864859597431,0.0
MG_RJ,ad420dd0c4f92f8af951ac24b86d0cf5,12,-8.25,27.755834767420772,18.333333333333332,25.37118384500356,0.16666666666666666
MG_RJ,afe0067131b73e40875c9b6c10bd2e21,7,-10.571428571428571,3.59894164336975,12.0,2.516611478423583,0.0
MG_RJ,b335c59ab742f751a85db9c411a86739,7,-10.0,6.757711644237764,22.714285714285715,13.49955907569189,0.0
MG_RJ,b92e3c8f9738272ff7c59e111e108d7c,10,-43.1,22.893230440459902,14.7,4.9899899799498595,0.0
MG_RJ,c847e075301870dd144a116762eaff9a,6,-13.333333333333334,8.524474568362947,10.666666666666666,4.633213427705082,0.0
MG_RJ,cb8bcce248bb1fb274ba762d8b971456,5,-10.4,5.813776741499453,15.4,9.6850400102426,0.0
MG_RJ,cc5a78bbad32776dc4e3af205218368c,6,-28.333333333333332,7.0898989179442236,7.666666666666667,3.7237973450050514,0.0
MG_RJ,ce7d1888639e6fb06b2749cbfdac1ff7,21,-17.238095238095237,15.112593297990793,14.333333333333334,11.381271165091066,0.09523809523809523
MG_RJ,cfa5ab0e4d3fc212fd0b3410e7081c62,5,-21.4,9.889388252060893,10.2,4.868264577855234,0.0
MG_RJ,d66c305afaec317ebee552073a674429,5,-19.2,5.118593556827891,12.6,4.09878030638384,0.0
MG_RJ,d921b68bf747894be13a97ae52b0f386,7,-19.142857142857142,10.318730080595698,8.428571428571429,3.59894164336975,0.0
MG_RJ,d94a40fd42351c259927028d163af842,18,-16.555555555555557,8.262048045641997,16.5,9.432422182837986,0.05555555555555555
MG_RJ,daeb5653dd96c1b11860f72209795012,6,-16.333333333333332,21.19119313928941,14.5,14.19506956657839,0.16666666666666666
MG_RJ,dbc22125167c298ef99da25668e1011f,37,-15.08108108108108,8.125332056046757,11.378378378378379,6.613753982553458,0.02702702702702703
MG_RJ,dd2bdf855a9172734fbc3744021ae9b9,16,-19.8125,19.964030154254925,19.375,12.93509438182291,0.1875
MG_RJ,fc906263ca5083d09dce42fe02247800,11,-15.818181818181818,3.709937514788674,7.0,2.1908902300206643,0.0
MG_RS,0c8380b62e38e8a1e6adbeba7eb9688c,9,-16.444444444444443,6.24722160466377,15.777777777777779,5.868938953886337,0.0
MG_RS,0ea22c1cfbdc755f86b9b54b39c16043,6,-26.333333333333332,15.279616051022574,16.333333333333332,5.046450898073483,0.0
MG_RS,1554a68530182680ad5c8b042c3ab563,14,-25.357142857142858,15.20428655578188,17.142857142857142,5.036133175625657,0.0
MG_RS,25c5c91f63607446a97b143d2d535d31,5,-17.2,4.658325879540846,14.4,5.549774770204643,0.0
MG_RS,59b22a78efb79a4797979612b885db36,7,-8.714285714285714,13.548853404308003,22.0,12.124355652982139,0.2857142857142857
MG_RS,66922902710d126a0e7d26b0e3805106,10,-14.6,6.719788356455548,14.1,5.586690532964137,0.0
MG_RS,7299e27ed73d2ad986de7f7c77d919fa,15,-15.8,8.419365432484462,15.133333333333333,7.029190836043919,0.0
MG_RS,7a241947449cc45dbfda4f9d0798d9d0,5,-13.0,15.7797338380595,21.4,13.464768843169942,0.4
MG_RS,85d9eb9ddc5d00ca9336a2219c97bb13,25,-21.08,8.567963585356791,16.28,8.309231813671667,0.0
MG_RS,8e6cc767478edae941d9bd9eb778d77a,5,-16.0,3.6742346141747673,21.6,7.436396977031283,0.0
MG_RS,a1043bafd471dff536d0c462352beb48,25,-13.84,8.947439112207844,18.24,7.907169742286638,0.04
MG_RS,dbc22125167c298ef99da25668e1011f,17,-15.941176470588236,3.799187219578915,17.11764705882353,4.442442359518811,0.0
MG_RS,dd2bdf855a9172734fbc3744021ae9b9,5,-27.0,8.455767262643882,15.0,3.8078865529319543,0.0
MG_RS,fc906263ca5083d09dce42fe02247800,8,-17.625,5.9985117201805025,13.0,5.503245795502349,0.0
MG_SC,0ea22c1cfbdc755f86b9b54b39c16043,10,-22.7,10.252912865240893,14.3,4.3982319680121975,0.0
MG_SC,1554a68530182680ad5c8b042c3ab563,7,-3.5714285714285716,32.62339213334067,25.857142857142858,32.256413168177744,0.14285714285714285
MG_SC,17ca9b9e9b9ef8fdb529001b49ebb50f,6,-12.833333333333334,5.636192568273964,11.166666666666666,3.710345895825168,0.0
MG_SC,229c3efbfb0ea2058de4ccdfbc3d784a,6,-16.166666666666668,1.9407902170679516,14.0,6.4807406984078595,0.0
MG_SC,2b1a40c1daabc6ca280c4b815c101841,5,-9.8,7.661592523751182,18.8,5.540758070878027,0.0
MG_SC,5cf13accae3222c70a9cac40818ae839,5,-14.0,4.183300132670378,14.0,3.7416573867739418,0.0
MG_SC,66922902710d126a0e7d26b0e3805106,7,-9.428571428571429,6.133436852128472,12.285714285714286,4.386125310350268,0.0
MG_SC,6cd68b3ed6d59aaa9fece558ad360c0a,5,-11.8,4.43846820423443,16.6,4.929503017546495,0.0
MG_SC,7299e27ed73d2ad986de7f7c77d919fa,15,-10.866666666666667,4.867775477077604,15.933333333333334,6.238894896038042,0.0
MG_SC,85d9eb9ddc5d00ca9336a2219c97bb13,20,-10.65,11.73960906728293,22.1,12.272776891623955,0.1
MG_SC,8e6cc767478edae941d9bd9eb778d77a,5,-6.6,7.021395872616783,22.4,1.9493588689617924,0.2
MG_SC,a1043bafd471dff536d0c462352beb48,24,-13.791666666666666,7.348345963942982,14.708333333333334,5.481027884135115,0.0
MG_SC,dbc22125167c298ef99da25668e1011f,11,-13.454545454545455,8.710495236938442,17.545454545454547,9.585026200941094,0.09090909090909091
MG_SC,fc906263ca5083d09dce42fe02247800,5,-16.4,7.700649323271382,13.8,2.9495762407505257,0.0
MG_SE,85d9eb9ddc5d00ca9336a2219c97bb13,6,-18.5,5.856620185738529,15.833333333333334,2.9268868558020253,0.0
MG_SP,014c0679dd340a0e338872e7ec85666a,6,-5.166666666666667,11.267948645013725,22.833333333333332,10.048217088949993,0.3333333333333333
MG_SP,0509040ea3fe50071181bbc359eb7738,27,-11.444444444444445,4.551697344721936,11.62962962962963,2.989058871028293,0.0
MG_SP,05d2173d43ea568aa0540eba70d2ca76,28,-11.321428571428571,8.932062809438033,14.0,8.679477710861025,0.03571428571428571
MG_SP,05f51e13da97139648b8125c31e5f51b,19,-10.052631578947368,9.732383996000879,11.894736842105264,9.121980394398436,0.15789473684210525
MG_SP,06bb3a2fe5e7b7a845b13e8fb91bd944,5,-12.2,2.6832815729997477,8.6,2.6076809620810595,0.0
MG_SP,080102cd0a76b09e0dcf55fcacc60e05,29,-10.724137931034482,6.88111573035807,9.620689655172415,4.483412229728031,0.034482758620689655
MG_SP,0afccdb8a34ee5c79f7c06faf2b4d56e,8,-13.5,6.568322247184372,10.875,5.938674695827104,0.0
MG_SP,0c8380b62e38e8a1e6adbeba7eb9688c,69,-12.057971014492754,10.25682564409014,12.028985507246377,7.840263753240392,0.043478260869565216
MG_SP,0cbcee27c791afa0cdcb08587a2013a8,15,-14.133333333333333,6.6318136569834625,11.466666666666667,6.7280507330627835,0.06666666666666667
MG_SP,0d85bbda9889ce1f7e63778d24f346eb,5,-14.2,7.758865896508329,9.0,2.7386127875258306,0.0
MG_SP,0df3984f9dfb3d49ac6366acbd3bbb85,34,-12.970588235294118,7.629628427815084,9.470588235294118,5.6151056770737515,0.029411764705882353
MG_SP,0ea22c1cfbdc755f86b9b54b39c16043,78,-16.205128205128204,7.869650686746009,9.974358974358974,3.8035334186603995,0.01282051282051282
MG_SP,0ebd97a106433a45a4aebe57c1799778,8,-18.375,6.300510183423924,5.625,1.8468119248354138,0.0
MG_SP,11305281b50fff20ae8bb473f8e11876,16,-8.9375,10.459246308091867,14.1875,8.79559548865226,0.25
MG_SP,1554a68530182680ad5c8b042c3ab563,88,-14.795454545454545,14.156075086689073,10.375,11.375828882267026,0.022727272727272728
MG_SP,15cd6eefe58588619aaed41dfa6621b1,7,-12.0,4.163331998932265,10.857142857142858,3.625307868699863,0.0
MG_SP,17ca9b9e9b9ef8fdb529001b49ebb50f,51,-13.490196078431373,7.85206354793339,8.27450980392157,6.010252678124436,0.0196078431372549
MG_SP,1838dd9b8977065acf51d95e0053ea7a,23,-13.434782608695652,6.221853618544307,8.652173913043478,3.3521864730646516,0.0
MG_SP,1987cd4be10fe09ee50454f9c354d1c6,7,-16.714285714285715,6.8729975438737965,12.142857142857142,5.11300861947808,0.0
MG_SP,198c7ea11960a9844b544d9bcdca860c,9,-7.444444444444445,8.368260140422128,15.11111111111111,9.089065469623986,0.1111111111111111
MG_SP,1d29dfba02015238dfbe2449a5eaa361,6,-1.6666666666666667,27.580186124583474,21.333333333333332,26.18141834711532,0.16666666666666666
MG_SP,1da366cade6d8276e7d8beea7af5d4bf,11,-8.909090909090908,9.310795298518226,15.454545454545455,5.335984189699898,0.0
MG_SP,21e83881401b92b49fb09a16d3852291,5,-12.0,3.391164991562634,10.8,5.019960159204453,0.0
MG_SP,229c3efbfb0ea2058de4ccdfbc3d784a,43,-13.046511627906977,4.795600604780996,9.511627906976743,3.8629626739272327,0.0
MG_SP,25c5c91f63607446a97b143d2d535d31,68,-12.132352941176471,8.301958790199475,13.397058823529411,7.479603521063736,0.04411764705882353
MG_SP,276677b5d08786d5dce7c2149dcce48b,12,-9.333333333333334,5.959458995173263,10.666666666666666,4.599077641388016,0.0
MG_SP,282f23a9769b2690c5dda22e316f9941,34,-11.058823529411764,4.235071295386342,9.029411764705882,3.880684835825877,0.029411764705882353
MG_SP,2a1348e9addc1af5aaa619b1a3679d6b,13,-16.384615384615383,12.052236732507799,11.923076923076923,6.170650134055817,0.0
MG_SP,2a5b78b41cd05baeac8df54c6606b92c,25,-19.04,9.098901032542337,8.44,4.052571200279316,0.0
MG_SP,2a84855fd20af891be03bc5924d2b453,59,-12.423728813559322,10.527801273263467,8.05084745762712,9.81277093421446,0.01694915254237288
MG_SP,2e3be8a987a30d7544dbbda6861cc14e,7,-18.0,5.259911279353167,6.857142857142857,4.450789122113495,0.0
MG_SP,31344c16881c08a8a72c6d2eb29918c1,13,-9.0,3.8297084310253524,13.692307692307692,4.553105449115936,0.0
MG_SP,34d1ca11b242c0fee2c834ae8d788566,13,-11.846153846153847,4.862203784399173,9.461538461538462,3.9710490766585558,0.0
MG_SP,3d2531eccfbde1d7c8db7a3a12fb267a,6,-14.833333333333334,4.355073669487885,8.333333333333334,1.9663841605003503,0.0
MG_SP,3db66a856d18a9cba7c9241fc5221c50,36,-11.444444444444445,9.676021745810456,15.63888888888889,7.9969736339184765,0.1111111111111111
MG_SP,49067458c68f7701fd334ce326accbe0,5,-12.2,4.868264577855234,12.4,5.683308895353129,0.0
MG_SP,49e7217cfe4e427191c378ec626d8737,5,-10.6,4.722287581247038,14.2,4.08656334834051,0.0
MG_SP,4e06067cc08b3f41d837768d392c3ee3,10,-13.6,6.077280093375105,8.2,3.3928028399998595,0.0
MG_SP,50c9975695009e5e6473912e83a6d1da,14,-8.642857142857142,9.085975184587786,15.428571428571429,6.813045018021122,0.14285714285714285
MG_SP,55a5b51f93f2b70ea513f5a047b0262a,9,-7.222222222222222,6.610177338350647,15.666666666666666,6.519202405202649,0.1111111111111111
MG_SP,562f8cfc51f265411f487d07e9c40e7f,5,-7.6,3.361547262794322,13.0,4.183300132670378,0.0
MG_SP,58f1a6197ed863543e0136bdedb3fce2,13,-14.0,2.972092416687835,9.0,2.5819888974716108,0.0
MG_SP,594f9aaa48e5bf431f011ddc5669b0d5,12,-10.75,7.423855895936852,8.0,4.729020655869074,0.0
MG_SP,59b22a78efb79a4797979612b885db36,50,-12.2,6.602411433309339,9.22,5.782768209366972,0.06
MG_SP,5b51032eddd242adc84c38acab88f23d,5,-17.2,10.63954886261631,14.0,6.6332495807108,0.0
MG_SP,5bc24d989e71e93c33e50a7782431b0e,5,-14.4,6.580273550544841,6.4,1.816590212458495,0.0
MG_SP,5bc55dbe2f12b6af6d83ed46023e0dc8,7,-11.142857142857142,14.960264830861913,10.857142857142858,9.78823394742503,0.2857142857142857
MG_SP,5cf13accae3222c70a9cac40818ae839,61,-15.098360655737705,6.289422119805036,8.098360655737705,3.4914415267087358,0.0
MG_SP,63a79f5a7eb5cb48a7e5787b141c7993,6,-14.166666666666666,2.926886855802026,6.333333333333333,1.7511900715418263,0.0
MG_SP,66922902710d126a0e7d26b0e3805106,64,-9.859375,6.948488901615445,10.5,5.94418483337567,0.078125
MG_SP,679769a98cfcc6da877c8486ff1c13f3,11,-16.545454545454547,6.638729341728527,8.0,5.848076606885378,0.0
MG_SP,6cd68b3ed6d59aaa9fece558ad360c0a,46,-14.73913043478261,4.338124441679559,8.565217391304348,3.600322046786885,0.0
MG_SP,6df688df543f90e9b38f4319e75a9d88,13,-15.153846153846153,5.899804429613942,7.769230769230769,3.467800603500874,0.0
MG_SP,70849ca4f400aaabb62cb7462a6f1428,5,-12.6,10.597169433391164,9.4,7.231873892705818,0.2
MG_SP,7299e27ed73d2ad986de7f7c77d919fa,128,-12.6796875,9.859591911305474,9.296875,9.146540480198265,0.0390625
MG_SP,7357b52d27cbaa90f81a96cbc1279396,8,-6.625,18.988248245390395,12.0,17.05453437819816,0.125
MG_SP,7a241947449cc45dbfda4f9d0798d9d0,32,-15.90625,20.279274936138222,11.28125,4.5665994618710855,0.0
MG_SP,7e26c750b4cb9f6766f58265ff9ebe95,11,-12.272727272727273,5.001817851359825,10.181818181818182,4.5567133291042525,0.0
MG_SP,7ea5bfa6c340f58f8e71fc1f0412b0d6,28,-9.857142857142858,6.0535528944168515,10.571428571428571,6.106636168219398,0.03571428571428571
MG_SP,8444e55c1f13cd5c179851e5ca5ebd00,36,-25.666666666666668,9.459688910620384,16.805555555555557,9.245290521416663,0.0
MG_SP,85d9eb9ddc5d00ca9336a2219c97bb13,130,-14.953846153846154,7.757828292834866,13.723076923076922,6.770908340945019,0.015384615384615385
MG_SP,870d0118f7a9d85960f29ad89d5d989a,22,-11.227272727272727,4.839636135297562,12.409090909090908,5.5861997552564935,0.0
MG_SP,8cc6a0e5738e61a87b03c78b2ba9db4b,9,-14.88888888888889,2.5221243250702594,8.444444444444445,2.697735676039774,0.0
MG_SP,8e6cc767478edae941d9bd9eb778d77a,28,-14.678571428571429,7.827082950450155,14.357142857142858,5.492178180287049,0.03571428571428571
MG_SP,9596c870880d900012f2e8e6e30d06d7,9,-9.777777777777779,9.093648577135827,11.0,6.557438524302,0.1111111111111111
MG_SP,95f83f51203c626648c875dd41874c7f,27,-15.703703703703704,5.224313092976654,11.0,4.747468961295222,0.0
MG_SP,96804ea39d96eb908e7c3afdb671bb9e,14,-16.0,4.47213595499958,7.928571428571429,3.561855301217778,0.0
MG_SP,9c690ceacd5c66731bf443ea810195cb,7,-17.428571428571427,6.451282633635548,7.142857142857143,2.968084198523319,0.0
MG_SP,9dda5bbacd45e18d6485fee649205d09,6,-8.166666666666666,4.708148963941844,13.666666666666666,6.0882400303098,0.0
MG_SP,a1043bafd471dff536d0c462352beb48,106,-13.88679245283019,6.6880429975790605,11.669811320754716,4.973686374766436,0.02830188679245283
MG_SP,aac29b1b99776be73c3049939652091d,31,-12.580645161290322,10.062386044235522,10.935483870967742,9.753411313897539,0.12903225806451613
MG_SP,acce39e832338debb07b02385cde5967,21,-9.285714285714286,4.723799923185328,5.857142857142857,1.590148241067929,0.0
MG_SP,ad420dd0c4f92f8af951ac24b86d0cf5,14,-16.142857142857142,5.77603993776336,8.071428571428571,3.173551413074723,0.0
MG_SP,adcf50477d6a1f5d91bb9d54c4903cb5,6,-9.166666666666666,16.654328766620008,25.166666666666668,11.754431788336971,0.5
MG_SP,af4a0e4cfe1d9c26b6712b1be25a72e5,10,-12.5,7.472170590486631,11.3,6.992853494818836,0.1
MG_SP,afe0067131b73e40875c9b6c10bd2e21,9,-12.777777777777779,4.3237072570242825,11.88888888888889,2.6193722742502854,0.0
MG_SP,b19f3ca2ea475913750f25a5c37c8d8f,5,0.4,16.14930339054908,24.6,11.036303729057115,0.6
MG_SP,b335c59ab742f751a85db9c411a86739,12,-11.583333333333334,7.537281078784713,13.666666666666666,8.172385134578446,0.08333333333333333
MG_SP,b92e3c8f9738272ff7c59e111e108d7c,18,-42.166666666666664,26.301979348464606,14.833333333333334,11.01469606533765,0.1111111111111111
MG_SP,bba74270a87732727b5a3b4fd9ac1c39,10,-14.4,5.541760650832108,8.8,3.7357135269658395,0.0
MG_SP,c8467937e403e76a8ee9f0ab13f6f5ef,8,-7.875,8.54295867115971,15.5,4.105745103771404,0.125
MG_SP,c847e075301870dd144a116762eaff9a,16,-17.75,5.196152422706632,6.625,5.110446816733999,0.0
MG_SP,cb8bcce248bb1fb274ba762d8b971456,24,-13.083333333333334,4.9424221017517365,9.875,3.791437722025775,0.0
MG_SP,cc5a78bbad32776dc4e3af205218368c,9,-14.333333333333334,12.0,10.333333333333334,8.0,0.1111111111111111
MG_SP,ce7d1888639e6fb06b2749cbfdac1ff7,31,-11.419354838709678,6.344415883532999,12.258064516129032,5.284996007160169,0.03225806451612903
MG_SP,d379f449f2a3b271bc01c0782020f705,12,-15.583333333333334,6.0821397749825055,8.333333333333334,3.0251471289038405,0.0
MG_SP,d66c305afaec317ebee552073a674429,18,-16.944444444444443,7.847609019329483,8.777777777777779,5.806239600692826,0.05555555555555555
MG_SP,d921b68bf747894be13a97ae52b0f386,27,-14.88888888888889,7.526023228839095,8.222222222222221,3.9255899442321285,0.0
MG_SP,d94a40fd42351c259927028d163af842,39,-12.58974358974359,6.306713001230676,12.076923076923077,5.583738680474029,0.0
MG_SP,daeb5653dd96c1b11860f72209795012,13,-11.384615384615385,8.81795952907532,11.23076923076923,6.635182064242174,0.07692307692307693
MG_SP,dbc22125167c298ef99da25668e1011f,124,-14.153225806451612,6.54942975838195,9.169354838709678,4.880226860969605,0.008064516129032258
MG_SP,dd2bdf855a9172734fbc3744021ae9b9,36,-22.916666666666668,13.609607950687945,12.13888888888889,7.863669727760797,0.027777777777777776
MG_SP,e99e927c81e3f51739c94fcdfca9f10f,11,-9.636363636363637,9.729056760783415,13.272727272727273,8.866689450870703,0.09090909090909091
MG_SP,f62d7bb4a613ec758a03342d46b580b2,11,-6.454545454545454,7.076208537962069,13.181818181818182,8.669696440108867,0.09090909090909091
MG_SP,f789d2c4f2c2eb38fc4373e7a4b35264,17,-14.0,11.640446726822816,8.352941176470589,5.036630526336385,0.058823529411764705
MG_SP,fc906263ca5083d09dce42fe02247800,39,-14.102564102564102,4.7947058073126305,7.9743589743589745,3.849040751908395,0.0
MS_SP,9c068d10aca38e85c50202e17b4a7e88,6,-14.5,10.597169433391164,14.0,8.0,0.16666666666666666
MS_SP,b1fecf4da1fa2689bccffa0121953643,8,-28.375,12.772039774444801,7.0,3.295017884191656,0.0
MT_MG,2dee2ce60de9709b1a24083217181a1f,6,-18.0,3.577708763999664,12.0,2.756809750418044,0.0
MT_MG,99002261c568a84cce14d43fcffb43ea,5,-10.0,4.06201920231798,16.0,2.7386127875258306,0.0
MT_MG,abcd2cb37d46c2c8fb1bf071c859fc5b,9,-19.666666666666668,6.4031242374328485,12.333333333333334,4.031128874149275,0.0
MT_RJ,2dee2ce60de9709b1a24083217181a1f,9,-16.22222222222222,8.043285674675769,13.777777777777779,6.815016100086957,0.1111111111111111
MT_SP,2dee2ce60de9709b1a24083217181a1f,14,-19.214285714285715,5.96371814105379,11.857142857142858,3.6343900738351147,0.0
MT_SP,99002261c568a84cce14d43fcffb43ea,10,-12.8,9.44927980794774,16.0,5.0990195135927845,0.1
MT_SP,abcd2cb37d46c2c8fb1bf071c859fc5b,5,-16.4,1.1401754250991378,10.0,1.8708286933869707,0.0
PA_SP,67225bff54a172ff67579aaf583efd78,6,-11.166666666666666,9.020347369512256,14.833333333333334,6.940220937885671,0.0
PB_RJ,a6bd7d1ccdac48c6b33b28596b7eb122,5,-17.4,13.63084736911099,17.6,8.64869932417586,0.2
PE_AL,de722cd6dad950a92b7d4f82673f8833,8,-9.25,8.76274581884664,16.75,7.685793945418298,0.125
PE_BA,de722cd6dad950a92b7d4f82673f8833,23,-19.217391304347824,6.626095255874379,11.695652173913043,3.6857808178395732,0.0
PE_CE,de722cd6dad950a92b7d4f82673f8833,11,-14.454545454545455,10.366905385539471,11.545454545454545,11.030536128073162,0.09090909090909091
PE_CE,e49c26c3edfa46d227d5121a6b6e4d37,5,-19.6,7.368853370776216,9.0,3.9370039370059056,0.0
PE_DF,de722cd6dad950a92b7d4f82673f8833,13,-11.692307692307692,8.300447933541653,11.461538461538462,6.4111281458542155,0.07692307692307693
PE_ES,de722cd6dad950a92b7d4f82673f8833,14,-17.428571428571427,5.445029995174649,14.0,3.980722779364803,0.0
PE_GO,de722cd6dad950a92b7d4f82673f8833,7,-13.857142857142858,7.967194642795572,14.0,5.163977794943222,0.0
PE_MG,de722cd6dad950a92b7d4f82673f8833,57,-18.56140350877193,6.713572457182883,11.543859649122806,4.555491879661751,0.0
PE_PB,de722cd6dad950a92b7d4f82673f8833,8,-19.75,9.161253813129044,11.125,10.204165815979275,0.0
PE_PE,de722cd6dad950a92b7d4f82673f8833,18,-10.666666666666666,6.790997501017323,6.388888888888889,3.712283091526559,0.05555555555555555
PE_PI,de722cd6dad950a92b7d4f82673f8833,7,-10.857142857142858,7.625146368618582,17.428571428571427,6.9965978126787425,0.14285714285714285
PE_PR,de722cd6dad950a92b7d4f82673f8833,8,-14.5,12.795088343356044,14.25,7.833080036431573,0.125
PE_RJ,de722cd6dad950a92b7d4f82673f8833,38,-20.605263157894736,13.46374405516275,14.263157894736842,7.907178437297359,0.07894736842105263
PE_RS,de722cd6dad950a92b7d4f82673f8833,6,-12.0,11.7983049630021,18.666666666666668,8.382521498133283,0.16666666666666666
PE_SC,de722cd6dad950a92b7d4f82673f8833,7,-10.857142857142858,10.106574946185138,17.714285714285715,6.921326600064608,0.0
PE_SE,de722cd6dad950a92b7d4f82673f8833,7,-20.571428571428573,8.978811035936085,11.428571428571429,2.760262237369417,0.0
PE_SP,de722cd6dad950a92b7d4f82673f8833,87,-12.057471264367816,7.752503454382409,11.804597701149426,5.933427340980279,0.022988505747126436
PE_SP,e49c26c3edfa46d227d5121a6b6e4d37,9,-22.0,8.031189202104507,11.0,3.8729833462074166,0.0
PR_AL,ccc4bbb5f32a6ab2b7066a4130f114e3,11,-8.727272727272727,21.57818763979454,27.181818181818183,18.718003001485933,0.18181818181818182
PR_BA,0241d4d5d36f10f80c644447315af0bd,9,-7.555555555555555,10.10088004966784,19.88888888888889,7.457285773732364,0.2222222222222222
PR_BA,128639473a139ac0f3e5f5ade55873a5,10,-13.8,8.416914187779536,19.0,5.436502143433364,0.0
PR_BA,522620dcb18a6b31cd7bdf73665113a9,5,2.0,10.41633332799983,31.6,11.238327277669038,0.6
PR_BA,710e3548e02bc1d2831dfc4f1b5b14d4,6,-15.5,16.208022704821214,23.166666666666668,8.612007121842542,0.16666666666666666
PR_BA,744dac408745240a2c2528fb1b6028f3,6,-12.666666666666666,8.358628276617322,16.166666666666668,8.424171571535487,0.16666666666666666
PR_BA,77530e9772f57a62c906e1c21538ab82,8,-3.375,21.613074746550986,25.875,20.08153024903374,0.25
PR_BA,c3cfdc648177fdbbbb35635a37472c53,6,-19.666666666666668,9.83192080250175,15.166666666666666,5.192943930629972,0.0
PR_BA,ccc4bbb5f32a6ab2b7066a4130f114e3,8,-13.375,21.45385413259951,25.0,10.90216230190795,0.25
PR_CE,522620dcb18a6b31cd7bdf73665113a9,10,-8.1,18.71689670384015,29.9,14.059002651523883,0.3
PR_CE,81a1104df0f08b59c68aa5b03cfe398e,6,-10.666666666666666,8.238122763510304,23.333333333333332,7.033254343948231,0.0
PR_CE,ccc4bbb5f32a6ab2b7066a4130f114e3,7,-5.428571428571429,24.432608967369426,28.714285714285715,24.574473786935133,0.2857142857142857
PR_DF,128639473a139ac0f3e5f5ade55873a5,7,-9.714285714285714,5.498917642417937,18.0,5.830951894845301,0.0
PR_DF,710e3548e02bc1d2831dfc4f1b5b14d4,5,-24.8,5.310367218940701,17.0,5.0,0.0
PR_DF,77530e9772f57a62c906e1c21538ab82,8,-11.25,8.259194011178433,12.625,8.227783940492639,0.125
PR_DF,c3cfdc648177fdbbbb35635a37472c53,7,-19.571428571428573,5.996030432909838,10.428571428571429,4.503966505838414,0.0
PR_DF,e9bc59e7b60fc3063eb2290deda4cced,6,-6.666666666666667,2.875181153713043,18.333333333333332,3.1411250638372654,0.0
PR_DF,f457c46070d02cadd8a68551231220dd,6,-11.833333333333334,9.453394452082632,15.5,7.76530746332687,0.0
PR_ES,0241d4d5d36f10f80c644447315af0bd,5,-9.8,6.534523701081817,13.0,7.035623639735144,0.0
PR_ES,128639473a139ac0f3e5f5ade55873a5,13,-12.153846153846153,3.7604555097787875,16.23076923076923,4.0239666614309435,0.0
PR_ES,77530e9772f57a62c906e1c21538ab82,6,-13.833333333333334,7.13909424693824,14.333333333333334,8.04155872120988,0.0
PR_ES,c3cfdc648177fdbbbb35635a37472c53,13,-18.0,5.759050847723664,12.846153846153847,4.930283187372943,0.0
PR_ES,e9bc59e7b60fc3063eb2290deda4cced,6,-10.833333333333334,24.309805977561126,23.5,22.097511172075468,0.16666666666666666
PR_GO,01fdefa7697d26ad920e9e0346d4bd1b,5,-9.4,8.905054744357274,15.6,7.956129712366434,0.2
PR_GO,128639473a139ac0f3e5f5ade55873a5,5,-12.8,5.449770637375485,16.6,4.505552130427524,0.0
PR_GO,ccc4bbb5f32a6ab2b7066a4130f114e3,5,-19.6,16.133815419794537,15.4,5.176871642217914,0.0
PR_MG,00fc707aaaad2d31347cf883cd2dfe10,12,-15.833333333333334,6.589707309451796,18.25,5.310795181001189,0.0
PR_MG,013900e863eace745d3ec7614cab5b1a,5,-18.8,3.7013511046643495,9.2,1.9235384061671343,0.0
PR_MG,01cf7e3d21494c41fb86034f2e714fa1,11,-17.818181818181817,6.750084174559334,10.272727272727273,1.9540168418367887,0.0
PR_MG,01fdefa7697d26ad920e9e0346d4bd1b,12,-15.416666666666666,5.5178772817968404,12.583333333333334,5.946096249310182,0.0
PR_MG,0241d4d5d36f10f80c644447315af0bd,29,-14.448275862068966,13.919632094113265,12.0,11.231333720571977,0.034482758620689655
PR_MG,066a6914e1ebf3ea95a216c73a986b91,6,-14.333333333333334,7.2571803523590805,17.0,6.723094525588644,0.0
PR_MG,0b35c634521043bf4b47e21547b99ab5,9,-17.444444444444443,16.379187335694585,17.88888888888889,15.695894721585995,0.1111111111111111
PR_MG,0b90b6df587eb83608a64ea8b390cf07,17,-20.235294117647058,6.447183607637387,16.0,4.873397172404482,0.0
PR_MG,128639473a139ac0f3e5f5ade55873a5,49,-13.795918367346939,5.675163697480213,15.0,5.338539126015656,0.02040816326530612
PR_MG,1c68394e931a64f90ea236c5ea590300,20,-12.8,11.578564586974364,20.1,12.25990469611794,0.05
PR_MG,1d8dbc4f32378d715c717c1c1fc57bae,9,-16.555555555555557,7.418071028089295,13.222222222222221,6.572248051043451,0.1111111111111111
PR_MG,381c83fdca332ea6afd896da20bf6e4a,8,-15.75,4.713203338949606,7.25,1.48804761828569,0.0
PR_MG,38e679b9e0064cd94c6f035707344dae,6,-16.833333333333332,2.136976056643281,10.833333333333334,2.401388487243717,0.0
PR_MG,3bb548e3cb7f70f28e3f11ee9dce0e59,6,-15.833333333333334,5.879342366852493,14.5,4.54972526643093,0.0
PR_MG,4da0e408c99d2fdc2126dc9fce518060,5,-22.8,5.890670590009257,11.4,2.6076809620810595,0.0
PR_MG,522620dcb18a6b31cd7bdf73665113a9,19,-19.05263157894737,6.6372156495738,11.105263157894736,3.413937720614411,0.0
PR_MG,530ec6109d11eaaf87999465c6afee01,12,-18.0,11.233068066286172,10.5,4.641708149534452,0.0
PR_MG,54965bbe3e4f07ae045b90b0b8541f52,11,3.4545454545454546,26.246385032471178,34.27272727272727,22.293904588882178,0.45454545454545453
PR_MG,5cbbd5a299cab112b7bf23862255e43e,6,-17.5,6.774953874381729,9.666666666666666,2.8047578623950176,0.0
PR_MG,670c26e0f1bf8d0576271d5cfaec6d2b,8,-15.625,4.240535680446853,14.25,2.5495097567963922,0.0
PR_MG,6b243f80ed07b10f0e8aa0f21a205f3c,7,-16.857142857142858,7.603257447273754,7.571428571428571,3.2586880211286906,0.0
PR_MG,6c177e38df6d3f34182b1f1d427231bf,8,-14.75,5.922113522335465,13.25,2.604940361258638,0.0
PR_MG,710e3548e02bc1d2831dfc4f1b5b14d4,14,-24.571428571428573,8.741715073003832,13.714285714285714,5.060078616424413,0.0
PR_MG,744dac408745240a2c2528fb1b6028f3,5,-17.2,6.978538528947161,10.0,2.345207879911715,0.0
PR_MG,77530e9772f57a62c906e1c21538ab82,43,-12.465116279069768,8.628162186946446,14.69767441860465,6.464315541129036,0.046511627906976744
PR_MG,79ebd9a61bac3eaf882805ed4ecfa12a,12,-15.5,10.01362707877257,17.166666666666668,6.161955612441311,0.0
PR_MG,80e6699fe29150b372a0c8a1ebf7dcc8,10,-17.5,7.027722880769339,11.5,5.441609239104836,0.0
PR_MG,81a1104df0f08b59c68aa5b03cfe398e,6,-19.666666666666668,3.265986323710904,8.0,1.0954451150103321,0.0
PR_MG,827f8f69dfa529c561901c4f2e0f332f,16,-9.625,9.932270636667127,17.375,8.293571807932535,0.0625
PR_MG,88460e8ebdecbfecb5f9601833981930,30,-3.1,11.980875565264201,25.333333333333332,11.24747736723381,0.4
PR_MG,916c9de0b5ad957346eeeb12f332687e,5,-20.4,8.35463942968217,8.8,4.764451699828638,0.0
PR_MG,9616352088dcf83a7c06637f4ebf1c80,13,-17.153846153846153,4.29818089130262,13.0,3.1091263510296057,0.0
PR_MG,a5cba26a62b8b4d0145b68b841e62e7f,6,-14.333333333333334,9.912954487269005,15.833333333333334,5.269408568963566,0.0
PR_MG,a888faf2d1baececa6baf9c3d603ee1f,7,-15.285714285714286,11.368293418015531,16.428571428571427,3.4086724129853874,0.0
PR_MG,adbc26658d6c7b4b6219f9d934598091,8,-13.25,6.13537750614069,15.5,5.503245795502349,0.0
PR_MG,c3cfdc648177fdbbbb35635a37472c53,21,-17.904761904761905,4.857002799101128,11.095238095238095,4.6357821552005865,0.0
PR_MG,c864036feaab8c1659f65ea4faebe1da,5,-16.8,6.978538528947161,10.4,6.6932802122726045,0.0
PR_MG,ccc4bbb5f32a6ab2b7066a4130f114e3,24,-20.291666666666668,8.71519994864877,12.125,4.803191873526711,0.0
PR_MG,e0878efa0e0b7e5313ac0b43bc04c081,5,-19.8,4.969909455915671,12.6,5.319774431308154,0.0
PR_MG,e59aa562b9f8076dd550fcddf0e73491,6,-18.666666666666668,4.885352256149669,9.666666666666666,2.9439202887759492,0.0
PR_MG,e8b3a3a38279a82f0e5d006d5e5b7d2c,10,-20.4,6.168017869984201,17.9,5.801340841181076,0.0
PR_MG,e9bc59e7b60fc3063eb2290deda4cced,27,-13.444444444444445,6.669871024778477,16.85185185185185,5.119372735792658,0.0
PR_MG,f457c46070d02cadd8a68551231220dd,15,-9.733333333333333,7.805370556470047,18.333333333333332,7.1680508076430645,0.13333333333333333
PR_MG,f7720c4fa8e3aba4546301ab80ea1f1b,8,-18.75,2.866057521105554,7.125,1.807721533549109,0.0
PR_MG,fb89df7f89fd1b8f03fa2acca1ba7364,5,-12.6,5.319774431308154,15.0,6.123724356957945,0.0
PR_PA,522620dcb18a6b31cd7bdf73665113a9,6,-10.0,12.743625857659193,29.666666666666668,13.351654079801,0.16666666666666666
PR_PB,ccc4bbb5f32a6ab2b7066a4130f114e3,6,-21.666666666666668,16.66933312003413,20.166666666666668,14.330619898199332,0.16666666666666666
PR_PE,522620dcb18a6b31cd7bdf73665113a9,6,-12.833333333333334,10.245324136730213,23.0,9.879271228182775,0.16666666666666666
PR_PE,77530e9772f57a62c906e1c21538ab82,7,-3.857142857142857,4.59813626840888,22.142857142857142,4.3369947901195145,0.14285714285714285
PR_PE,a5cba26a62b8b4d0145b68b841e62e7f,5,-18.6,6.580273550544841,15.0,1.4142135623730951,0.0
PR_PE,c3cfdc648177fdbbbb35635a37472c53,5,-17.6,8.17312669668102,14.0,1.8708286933869707,0.0
PR_PE,ccc4bbb5f32a6ab2b7066a4130f114e3,12,-16.333333333333332,13.845467478455529,16.0,8.883078909313532,0.08333333333333333
PR_PI,128639473a139ac0f3e5f5ade55873a5,6,-9.833333333333334,4.4907311951024935,21.166666666666668,4.308905506815701,0.0
PR_PR,00fc707aaaad2d31347cf883cd2dfe10,8,-16.5,4.6598589800857395,6.0,1.6903085094570331,0.0
PR_PR,01fdefa7697d26ad920e9e0346d4bd1b,13,-14.615384615384615,4.1540835639657345,6.384615384615385,3.2025630761017423,0.0
PR_PR,0241d4d5d36f10f80c644447315af0bd,23,-8.869565217391305,5.1283910982799465,5.173913043478261,2.774103850599873,0.043478260869565216
PR_PR,066a6914e1ebf3ea95a216c73a986b91,8,-23.0,11.916375287812984,6.75,2.5495097567963927,0.0
PR_PR,0b90b6df587eb83608a64ea8b390cf07,12,-17.916666666666668,4.737823307909414,7.083333333333333,4.440686542607682,0.0
PR_PR,0ef83d7d83ed97cd2a0049ac8be5f88a,8,-11.0,4.4077853201547175,4.125,1.9594095320493148,0.0
PR_PR,128639473a139ac0f3e5f5ade55873a5,63,-9.476190476190476,4.391550328268399,10.333333333333334,4.693853221449956,0.0
PR_PR,1c68394e931a64f90ea236c5ea590300,8,-15.25,3.955105199973465,9.625,4.34042460069124,0.0
PR_PR,1d8dbc4f32378d715c717c1c1fc57bae,9,-8.88888888888889,4.833333333333333,8.222222222222221,4.465920335658088,0.0
PR_PR,20cb7c2fde3e5bf10f0bbe7394e1c6a9,5,-6.4,7.021395872616783,12.6,7.436396977031283,0.2
PR_PR,48efc9d94a9834137efd9ea76b065a38,31,-24.258064516129032,5.366362777744866,10.806451612903226,1.681653052578715,0.0
PR_PR,4da0e408c99d2fdc2126dc9fce518060,9,-16.444444444444443,3.004626062886658,8.222222222222221,3.3458099833141217,0.0
PR_PR,522620dcb18a6b31cd7bdf73665113a9,14,-14.714285714285714,7.0974380147787395,6.571428571428571,3.030975616334316,0.0
PR_PR,530ec6109d11eaaf87999465c6afee01,9,-15.555555555555555,7.7638764659014114,3.888888888888889,1.7638342073763937,0.0
PR_PR,5cbbd5a299cab112b7bf23862255e43e,5,-10.2,5.805170109479997,7.0,1.4142135623730951,0.0
PR_PR,5debea795b07621e1f90532e18f96145,6,-20.666666666666668,11.621818561080133,5.666666666666667,1.9663841605003503,0.0
PR_PR,67bf6941ba2f1fa1d02c375766bc3e53,5,-9.4,3.7815340802378077,2.4,1.6733200530681511,0.0
PR_PR,710e3548e02bc1d2831dfc4f1b5b14d4,16,-17.125,13.326039671760448,15.0,9.68159766429763,0.125
PR_PR,744dac408745240a2c2528fb1b6028f3,6,-11.833333333333334,5.419102016632153,6.5,4.847679857416329,0.0
PR_PR,76d64c4aca3a7baf218bf93ef7fa768d,5,-12.2,5.449770637375485,7.0,4.847679857416329,0.0
PR_PR,77530e9772f57a62c906e1c21538ab82,28,-8.285714285714286,6.211441908446908,6.892857142857143,4.669358633999969,0.03571428571428571
PR_PR,79ebd9a61bac3eaf882805ed4ecfa12a,13,-8.307692307692308,4.42313266408578,12.153846153846153,4.140172175287598,0.0
PR_PR,80e6699fe29150b372a0c8a1ebf7dcc8,9,-16.77777777777778,10.401655851086616,7.111111111111111,3.333333333333333,0.0
PR_PR,827f8f69dfa529c561901c4f2e0f332f,9,-8.222222222222221,4.2946995755750415,10.0,3.2015621187164243,0.0
PR_PR,88460e8ebdecbfecb5f9601833981930,19,-7.473684210526316,8.624051774302377,13.105263157894736,6.707332114452604,0.21052631578947367
PR_PR,9616352088dcf83a7c06637f4ebf1c80,7,-13.285714285714286,6.2373681873657185,8.714285714285714,4.231401884099631,0.0
PR_PR,adbc26658d6c7b4b6219f9d934598091,11,-7.454545454545454,7.271363508498752,10.545454545454545,7.0478881427507964,0.09090909090909091
PR_PR,b90e891671cffd9557f33a97dc523645,6,-8.333333333333334,5.921711464320654,4.0,1.2649110640673518,0.0
PR_PR,c3cfdc648177fdbbbb35635a37472c53,33,-13.818181818181818,4.785750629829044,4.545454545454546,2.15190190719322,0.0
PR_PR,c864036feaab8c1659f65ea4faebe1da,6,-11.333333333333334,1.632993161855452,3.8333333333333335,0.752772652709081,0.0
PR_PR,cc3d14116804f7209f3884f6367f1152,5,-15.0,8.573214099741124,5.6,3.7815340802378077,0.0
PR_PR,ccc4bbb5f32a6ab2b7066a4130f114e3,13,-16.615384615384617,7.68698533820272,7.153846153846154,3.8263593193825436,0.0
PR_PR,d1ef48b38baca7e831711c4a0aeb398f,5,-5.4,7.334848328356899,9.6,5.128352561983234,0.4
PR_PR,df56d7b40d437f88407c5f78b63bc328,5,-13.2,4.32434966208793,4.6,2.9664793948382653,0.0
PR_PR,e59aa562b9f8076dd550fcddf0e73491,5,-7.4,7.829431652425353,10.4,6.308724118235001,0.2
PR_PR,e9bc59e7b60fc3063eb2290deda4cced,14,-10.357142857142858,9.81840612834379,12.857142857142858,8.627836370699228,0.14285714285714285
PR_PR,f457c46070d02cadd8a68551231220dd,14,-12.785714285714286,3.61999939287227,6.785714285714286,3.1666184688832546,0.0
PR_PR,f67efa3f0b6761102a7f8c6b7b571f5d,5,-17.6,15.59807680452946,5.8,3.7013511046643495,0.0
PR_PR,f7720c4fa8e3aba4546301ab80ea1f1b,7,-10.428571428571429,3.4572215654165057,7.0,3.3166247903554,0.0
PR_RJ,00fc707aaaad2d31347cf883cd2dfe10,15,-9.6,11.51892852159932,22.2,10.41427591612316,0.2
PR_RJ,01cf7e3d21494c41fb86034f2e714fa1,6,-12.0,18.89973544788392,17.833333333333332,15.651411012003571,0.16666666666666666
PR_RJ,01fdefa7697d26ad920e9e0346d4bd1b,18,-10.11111111111111,10.465005488258525,17.77777777777778,11.101433694138764,0.2222222222222222
PR_RJ,0241d4d5d36f10f80c644447315af0bd,31,-13.193548387096774,12.221345683785424,16.193548387096776,8.859719163490116,0.16129032258064516
PR_RJ,066a6914e1ebf3ea95a216c73a986b91,13,-13.307692307692308,12.147596575623616,16.846153846153847,12.25320470901493,0.07692307692307693
PR_RJ,0691148aee60ca47977c187804f935ae,6,-20.666666666666668,15.908069231263317,13.5,7.503332592921628,0.0
PR_RJ,0b35c634521043bf4b47e21547b99ab5,16,-0.875,27.90907857072079,31.375,24.407307648871612,0.4375
PR_RJ,0b90b6df587eb83608a64ea8b390cf07,24,-13.458333333333334,15.23148674311858,21.458333333333332,11.259697913418872,0.20833333333333334
PR_RJ,128639473a139ac0f3e5f5ade55873a5,87,-11.310344827586206,12.467921951419491,18.50574712643678,10.133841030346519,0.12643678160919541
PR_RJ,165fc07beebdcb6190fba8a06db2a449,5,-11.6,5.639148871948674,10.6,3.361547262794322,0.0
PR_RJ,1c68394e931a64f90ea236c5ea590300,20,-9.75,17.68101866558122,23.2,17.191185011664064,0.1
PR_RJ,1d8dbc4f32378d715c717c1c1fc57bae,17,-10.235294117647058,10.72689034485709,19.823529411764707,12.461115991944938,0.17647058823529413
PR_RJ,26d8a1c7c75d513045798992ead43aa2,8,-4.25,17.87056638322196,21.0,15.620499351813308,0.375
PR_RJ,3340ef1913fb70d28420f6ceb685c339,5,-11.4,7.503332592921628,12.8,7.19027120489902,0.0
PR_RJ,38e679b9e0064cd94c6f035707344dae,5,-13.2,16.991174179555692,14.8,13.6088206689632,0.2
PR_RJ,3bb548e3cb7f70f28e3f11ee9dce0e59,7,-20.0,8.225975119502044,11.571428571428571,2.9358214555806383,0.0
PR_RJ,522620dcb18a6b31cd7bdf73665113a9,22,-13.590909090909092,12.29269659636931,16.5,9.485578025412602,0.18181818181818182
PR_RJ,530ec6109d11eaaf87999465c6afee01,18,-23.555555555555557,14.841207427581379,13.055555555555555,7.45553266509251,0.0
PR_RJ,54965bbe3e4f07ae045b90b0b8541f52,13,-5.6923076923076925,27.523882403543702,27.307692307692307,19.955720213281435,0.3076923076923077
PR_RJ,670c26e0f1bf8d0576271d5cfaec6d2b,10,-4.9,24.794488634909705,22.8,20.51990903163722,0.2
PR_RJ,671585f5a2af58b6e276bc01003c0d2b,9,-21.555555555555557,7.160850352980278,5.333333333333333,1.6583123951777,0.0
PR_RJ,6b243f80ed07b10f0e8aa0f21a205f3c,12,-14.166666666666666,17.345857945884024,16.083333333333332,13.041600106326422,0.08333333333333333
PR_RJ,6c177e38df6d3f34182b1f1d427231bf,11,-17.90909090909091,5.838742081211423,12.363636363636363,3.4138754304375922,0.0
PR_RJ,710e3548e02bc1d2831dfc4f1b5b14d4,13,-21.923076923076923,14.857442234233648,19.23076923076923,12.891559552370214,0.07692307692307693
PR_RJ,73a63f72308aa20a46f4b1632018f196,9,-17.0,10.27131929208707,12.444444444444445,6.064468466220084,0.0
PR_RJ,744dac408745240a2c2528fb1b6028f3,7,-16.857142857142858,10.991338581334114,11.0,6.429100507328637,0.0
PR_RJ,76d64c4aca3a7baf218bf93ef7fa768d,6,-9.0,8.67179335547152,17.5,6.59545297913646,0.16666666666666666
PR_RJ,77530e9772f57a62c906e1c21538ab82,30,-6.033333333333333,18.111690515612654,23.033333333333335,16.56852715101807,0.23333333333333334
PR_RJ,79ebd9a61bac3eaf882805ed4ecfa12a,16,-14.125,13.812434011908739,17.0,7.814516406449388,0.1875
PR_RJ,80e6699fe29150b372a0c8a1ebf7dcc8,6,-13.0,5.761944116355173,10.0,2.3664319132398464,0.0
PR_RJ,81a1104df0f08b59c68aa5b03cfe398e,5,-10.8,9.549869109050658,13.6,7.956129712366434,0.2
PR_RJ,827f8f69dfa529c561901c4f2e0f332f,9,-14.333333333333334,4.031128874149275,10.777777777777779,4.409585518440984,0.0
PR_RJ,88460e8ebdecbfecb5f9601833981930,34,-12.794117647058824,20.79740574113746,21.205882352941178,13.748342956383716,0.29411764705882354
PR_RJ,89de2d6f23e9746ff309705b23581faa,5,-20.8,6.300793600809346,9.8,1.3038404810405297,0.0
PR_RJ,9616352088dcf83a7c06637f4ebf1c80,12,-12.666666666666666,3.869069264008719,14.333333333333334,2.5702257889260642,0.0
PR_RJ,9add47bf45ce8e8c7db6b9cf670b1e09,6,-16.5,9.20326029187483,10.5,5.468089245796926,0.0
PR_RJ,a425f92c199eb576938df686728acd20,5,-17.0,10.44030650891055,17.8,2.7748873851023212,0.0
PR_RJ,a5cba26a62b8b4d0145b68b841e62e7f,9,-14.88888888888889,13.14766561451542,15.555555555555555,8.875684637129563,0.1111111111111111
PR_RJ,a888faf2d1baececa6baf9c3d603ee1f,9,-7.666666666666667,12.0,22.11111111111111,11.129290683197699,0.3333333333333333
PR_RJ,adbc26658d6c7b4b6219f9d934598091,14,1.6428571428571428,23.96987578305205,28.571428571428573,24.874188925978565,0.21428571428571427
PR_RJ,b2ac621f0d0322434d04a12b078b9369,7,-12.571428571428571,12.353908192108586,16.428571428571427,9.606545387688245,0.2857142857142857
PR_RJ,c3cfdc648177fdbbbb35635a37472c53,24,-16.416666666666668,8.139632865701364,13.041666666666666,8.275049805007963,0.041666666666666664
PR_RJ,c864036feaab8c1659f65ea4faebe1da,10,-11.5,13.962250694083833,17.0,11.794537341969422,0.1
PR_RJ,cac876b37d3abcd6bd76caca30277996,5,-19.6,11.282730166054668,11.2,9.705668446840743,0.0
PR_RJ,ccc4bbb5f32a6ab2b7066a4130f114e3,19,-21.210526315789473,8.168904097371126,12.368421052631579,6.626634191032004,0.0
PR_RJ,dfc475d54e1b6dbeeb7d7d9bdaa63827,5,-15.6,11.886967653695368,19.0,12.409673645990857,0.0
PR_RJ,e59aa562b9f8076dd550fcddf0e73491,11,-8.636363636363637,15.982945456158744,20.0,12.938315191708694,0.2727272727272727
PR_RJ,e8b3a3a38279a82f0e5d006d5e5b7d2c,7,-16.0,15.383974345619102,19.285714285714285,14.418902936935316,0.14285714285714285
PR_RJ,e9bc59e7b60fc3063eb2290deda4cced,28,-17.428571428571427,12.016743169516289,16.0,6.858355272004873,0.03571428571428571
PR_RJ,f08c008c8a8d31417763738a1788a2a8,5,-1.0,11.379806676741042,21.2,10.52140675005011,0.4
PR_RJ,f457c46070d02cadd8a68551231220dd,24,-5.708333333333333,12.495143984300691,22.208333333333332,11.321311825458892,0.20833333333333334
PR_RJ,f7720c4fa8e3aba4546301ab80ea1f1b,11,-14.272727272727273,15.28457332797294,14.818181818181818,15.942510353254798,0.09090909090909091
PR_RS,00fc707aaaad2d31347cf883cd2dfe10,9,-15.777777777777779,3.993049516903646,15.444444444444445,3.678012748452318,0.0
PR_RS,01fdefa7697d26ad920e9e0346d4bd1b,12,-12.416666666666666,9.199390625404918,12.166666666666666,7.986731420792788,0.08333333333333333
PR_RS,0241d4d5d36f10f80c644447315af0bd,17,-13.235294117647058,8.004134960792967,9.705882352941176,3.787557027332277,0.0
PR_RS,0691148aee60ca47977c187804f935ae,6,-14.333333333333334,7.788880963698615,9.833333333333334,3.250640962435973,0.0
PR_RS,0b35c634521043bf4b47e21547b99ab5,5,-23.0,10.04987562112089,10.8,5.805170109479997,0.0
PR_RS,0b90b6df587eb83608a64ea8b390cf07,12,-16.5,7.242551032236187,15.916666666666666,3.7040109300185615,0.0
PR_RS,128639473a139ac0f3e5f5ade55873a5,55,-9.418181818181818,8.2903131985042,15.290909090909091,7.26144748164025,0.07272727272727272
PR_RS,1c68394e931a64f90ea236c5ea590300,5,-15.8,5.357238094391549,15.4,2.8809720581775866,0.0
PR_RS,1d8dbc4f32378d715c717c1c1fc57bae,7,-8.857142857142858,7.267016155859556,17.428571428571427,9.519403742832194,0.14285714285714285
PR_RS,20cb7c2fde3e5bf10f0bbe7394e1c6a9,7,-10.428571428571429,8.100558475750152,15.142857142857142,8.414839499926533,0.14285714285714285
PR_RS,4da0e408c99d2fdc2126dc9fce518060,10,-23.4,8.500980335624043,8.6,2.988868236194653,0.0
PR_RS,522620dcb18a6b31cd7bdf73665113a9,7,-17.142857142857142,3.9761191895520196,10.571428571428571,2.7602622373694166,0.0
PR_RS,54965bbe3e4f07ae045b90b0b8541f52,12,-13.833333333333334,18.279811682605352,16.833333333333332,13.881533405822633,0.08333333333333333
PR_RS,6b243f80ed07b10f0e8aa0f21a205f3c,6,-11.333333333333334,10.01332445627658,13.333333333333334,4.760952285695233,0.0
PR_RS,710e3548e02bc1d2831dfc4f1b5b14d4,10,-18.4,8.342661445845684,12.5,6.1869037310901955,0.0
PR_RS,77530e9772f57a62c906e1c21538ab82,25,-13.12,8.222530024268686,12.92,6.310837239754061,0.04
PR_RS,79ebd9a61bac3eaf882805ed4ecfa12a,13,-12.153846153846153,6.080654485691402,16.53846153846154,3.5500090285186743,0.0
PR_RS,80e6699fe29150b372a0c8a1ebf7dcc8,6,-12.666666666666666,3.141125063837266,12.333333333333334,3.8297084310253524,0.0
PR_RS,81a1104df0f08b59c68aa5b03cfe398e,5,-17.0,7.035623639735144,8.2,3.1144823004794877,0.0
PR_RS,827f8f69dfa529c561901c4f2e0f332f,8,-5.875,10.669549461635468,16.75,10.250435530816656,0.25
PR_RS,88460e8ebdecbfecb5f9601833981930,18,-9.944444444444445,12.264114184564091,19.666666666666668,10.295630140986999,0.16666666666666666
PR_RS,9616352088dcf83a7c06637f4ebf1c80,10,-15.1,4.408325456829762,12.5,3.7490739597339973,0.0
PR_RS,adbc26658d6c7b4b6219f9d934598091,16,-9.875,10.812801055539063,16.125,8.73975590810941,0.1875
PR_RS,c3cfdc648177fdbbbb35635a37472c53,25,-14.2,5.634713834792321,10.56,4.052571200279316,0.0
PR_RS,c864036feaab8c1659f65ea4faebe1da,7,-17.857142857142858,10.221359521912458,10.857142857142858,5.520524474738834,0.0
PR_RS,ccc4bbb5f32a6ab2b7066a4130f114e3,7,-20.428571428571427,9.0527554342521,8.714285714285714,2.8115408417381924,0.0
PR_RS,e8b3a3a38279a82f0e5d006d5e5b7d2c,7,-17.714285714285715,9.707630773679808,16.285714285714285,8.138678961483567,0.0
PR_RS,e9bc59e7b60fc3063eb2290deda4cced,13,-15.615384615384615,5.8671182809857285,12.615384615384615,3.686426940784747,0.0
PR_RS,f457c46070d02cadd8a68551231220dd,15,-10.066666666666666,4.682286783592983,16.333333333333332,4.96655480858378,0.0
PR_RS,f67efa3f0b6761102a7f8c6b7b571f5d,5,-19.0,5.70087712549569,8.0,2.345207879911715,0.0
PR_SC,00fc707aaaad2d31347cf883cd2dfe10,8,-13.75,10.250435530816658,18.125,7.298483208369882,0.125
PR_SC,01fdefa7697d26ad920e9e0346d4bd1b,6,-8.166666666666666,5.564770136013407,9.833333333333334,2.8577380332470415,0.0
PR_SC,0241d4d5d36f10f80c644447315af0bd,12,-13.5,5.107926104683689,9.75,3.3063300170760606,0.0
PR_SC,0b90b6df587eb83608a64ea8b390cf07,10,-16.1,10.58772874605314,15.6,7.876829593462363,0.1
PR_SC,128639473a139ac0f3e5f5ade55873a5,35,-10.6,6.458919960707326,14.685714285714285,6.4842407536473,0.05714285714285714
PR_SC,1c68394e931a64f90ea236c5ea590300,6,-11.333333333333334,5.819507424745385,17.666666666666668,4.033195589934447,0.0
PR_SC,522620dcb18a6b31cd7bdf73665113a9,8,-14.0,2.6726124191242437,11.75,2.3754698783308417,0.0
PR_SC,77530e9772f57a62c906e1c21538ab82,20,-13.75,8.484506002429557,11.6,5.743646375275077,0.05
PR_SC,80e6699fe29150b372a0c8a1ebf7dcc8,9,-20.77777777777778,10.244239573752873,9.555555555555555,3.711842908553348,0.0
PR_SC,81a1104df0f08b59c68aa5b03cfe398e,7,-12.571428571428571,4.466808810815721,11.571428571428571,4.649628761422531,0.0
PR_SC,88460e8ebdecbfecb5f9601833981930,7,-15.0,6.191391873668904,13.285714285714286,5.437961803049794,0.0
PR_SC,9add47bf45ce8e8c7db6b9cf670b1e09,6,-13.833333333333334,6.823977334858804,10.333333333333334,4.366539438350084,0.0
PR_SC,adbc26658d6c7b4b6219f9d934598091,8,-11.25,11.572751247156893,13.25,7.245688373094719,0.125
PR_SC,c3cfdc648177fdbbbb35635a37472c53,16,-15.625,6.227626621220425,9.6875,5.437140792732887,0.0
PR_SC,ccc4bbb5f32a6ab2b7066a4130f114e3,5,-12.6,7.893034904268447,10.4,4.979959839195493,0.0
PR_SC,df56d7b40d437f88407c5f78b63bc328,6,-13.333333333333334,3.7771241264574122,10.333333333333334,4.589843860815601,0.0
PR_SC,e9bc59e7b60fc3063eb2290deda4cced,14,-9.785714285714286,11.794252651372007,17.0,9.114654303753,0.2857142857142857
PR_SC,f457c46070d02cadd8a68551231220dd,11,-4.545454545454546,10.318562267715754,20.545454545454547,11.030536128073164,0.18181818181818182
PR_SE,ccc4bbb5f32a6ab2b7066a4130f114e3,9,-10.444444444444445,11.801600644733654,24.666666666666668,10.793516572461451,0.1111111111111111
PR_SP,00fc707aaaad2d31347cf883cd2dfe10,45,-17.88888888888889,5.428134713199965,11.911111111111111,3.9186165359161595,0.0
PR_SP,013900e863eace745d3ec7614cab5b1a,6,-14.833333333333334,5.344779384283945,11.5,3.7815340802378077,0.0
PR_SP,014d9a685fd57276679edd00e07089e5,5,-11.2,6.099180272790763,10.0,4.301162633521313,0.0
PR_SP,01cf7e3d21494c41fb86034f2e714fa1,28,-13.642857142857142,7.11396272189176,10.5,5.357583756107198,0.03571428571428571
PR_SP,01fdefa7697d26ad920e9e0346d4bd1b,59,-15.389830508474576,6.531137486481894,7.915254237288136,4.153470238301446,0.01694915254237288
PR_SP,0241d4d5d36f10f80c644447315af0bd,82,-14.207317073170731,6.874066140620909,8.585365853658537,4.051980827932277,0.0
PR_SP,02f5837340d7eb4f653d676c7256523a,25,-18.56,4.519218221477398,8.44,3.6637867477970567,0.0
PR_SP,066a6914e1ebf3ea95a216c73a986b91,29,-19.96551724137931,8.962153594105324,9.758620689655173,5.255304615432413,0.0
PR_SP,0691148aee60ca47977c187804f935ae,21,-11.952380952380953,14.793499215791343,11.19047619047619,12.404108382383024,0.047619047619047616
PR_SP,06df0c10d34e459d9672bc77388742eb,11,-13.454545454545455,5.627852811928122,9.272727272727273,3.6902820784029253,0.0
PR_SP,0b35c634521043bf4b47e21547b99ab5,13,-17.615384615384617,4.093459448487337,10.692307692307692,3.301126458867624,0.0
PR_SP,0b90b6df587eb83608a64ea8b390cf07,73,-20.643835616438356,6.725510850100903,11.712328767123287,5.108488176159999,0.0
PR_SP,0ef83d7d83ed97cd2a0049ac8be5f88a,26,-14.26923076923077,4.395977181994395,9.423076923076923,4.7511941818711385,0.0
PR_SP,128639473a139ac0f3e5f5ade55873a5,166,-14.524096385542169,5.250918311869482,10.909638554216867,4.263761732436443,0.006024096385542169
PR_SP,165fc07beebdcb6190fba8a06db2a449,20,-13.95,8.11415267814271,10.5,5.2964735040352435,0.1
PR_SP,1b45169b635ef59425637e9a33eb5fb3,7,-19.571428571428573,7.367883976130072,7.857142857142857,1.9518001458970664,0.0
PR_SP,1c68394e931a64f90ea236c5ea590300,71,-16.901408450704224,6.624963459904547,13.619718309859154,5.873344623157595,0.028169014084507043
PR_SP,1d8dbc4f32378d715c717c1c1fc57bae,34,-15.764705882352942,4.519713208449295,10.529411764705882,3.569528396977266,0.0
PR_SP,2059c39f76271d4ca3f15b5ffaccc8b8,7,-12.857142857142858,7.733661733585444,11.0,2.70801280154532,0.0
PR_SP,20cb7c2fde3e5bf10f0bbe7394e1c6a9,11,-16.0,7.211102550927978,8.545454545454545,6.802405991465613,0.09090909090909091
PR_SP,257e61d3251fb5efb9daadddbc2cf7ca,6,-18.333333333333332,5.316640543300504,7.666666666666667,2.3380903889000244,0.0
PR_SP,26d8a1c7c75d513045798992ead43aa2,16,-15.6875,7.162110955111861,8.75,2.516611478423583,0.0
PR_SP,2ff6b7bff164ef05590a52734e1296da,5,-14.2,5.674504383644443,13.2,6.942621983083913,0.0
PR_SP,3340ef1913fb70d28420f6ceb685c339,12,-16.5,8.969645781999725,9.25,4.84533515118126,0.0
PR_SP,33576ec5412fb5905d876f12f33bfde6,12,-17.416666666666668,7.4034185387972,15.0,7.722458393307383,0.0
PR_SP,3361277dc30b7cccdb0c286b24219756,15,-19.4,9.101020350959084,11.6,6.609516947986008,0.06666666666666667
PR_SP,33c51922b6e3c16b24a8f28e5833c99d,9,-13.88888888888889,4.594682917363407,13.11111111111111,3.723051317281446,0.0
PR_SP,3785b653b1b82de85ab47dd139938091,11,-18.0,4.0743097574926725,11.545454545454545,5.298370246852071,0.0
PR_SP,381c83fdca332ea6afd896da20bf6e4a,17,-17.58823529411765,7.458709871095435,10.705882352941176,4.766611819237446,0.0
PR_SP,38e679b9e0064cd94c6f035707344dae,9,-14.666666666666666,4.301162633521313,9.222222222222221,4.711098008367523,0.0
PR_SP,3bb548e3cb7f70f28e3f11ee9dce0e59,18,-16.88888888888889,5.870052498902313,9.333333333333334,2.9505732244669294,0.0
PR_SP,3c010235b7345c92f125d14ee232a76b,6,-6.333333333333333,3.9327683210007,10.0,1.8973665961010275,0.0
PR_SP,3c4e0452bff7a2a788179488d3d77032,15,-15.733333333333333,5.873264687994071,11.8,5.334523676687812,0.0
PR_SP,3ca08eeb8d5595949fed424bd3677742,7,-11.0,5.537749241945383,11.142857142857142,4.980915960897534,0.0
PR_SP,3dbbce181edfaa4a597ec858c382d2ec,7,-10.857142857142858,3.7606990231680526,9.428571428571429,2.8784916685156983,0.0
PR_SP,4b5f66b7adcf57f1ecc0d3c07dd6b177,9,-19.22222222222222,4.024232155883212,9.88888888888889,3.6209268304000717,0.0
PR_SP,4da0e408c99d2fdc2126dc9fce518060,12,-21.25,8.54001277410158,7.166666666666667,2.3677121037112188,0.0
PR_SP,4de6e4ba574aa9dfdc824bc44dc47fdd,8,-21.375,3.7392703642746747,7.5,2.32992949004287,0.0
PR_SP,522620dcb18a6b31cd7bdf73665113a9,57,-15.526315789473685,6.598444792844033,11.192982456140351,5.452517755559051,0.017543859649122806
PR_SP,530ec6109d11eaaf87999465c6afee01,38,-17.105263157894736,8.68297331589542,9.473684210526315,5.207774033506856,0.0
PR_SP,542917da124346b47ea1ac79a93ce454,6,-12.166666666666666,6.047037842337906,10.5,5.612486080160912,0.0
PR_SP,54965bbe3e4f07ae045b90b0b8541f52,25,-1.36,24.457241599711665,27.12,20.34969287237525,0.36
PR_SP,5a425cc503b39b262a847fd6212bf53b,6,-8.666666666666666,10.347302385968366,6.833333333333333,4.167333280008532,0.16666666666666666
PR_SP,5b33b527da3c5b969cc99dc435cad09a,5,-11.0,14.017845768876187,12.0,13.0,0.2
PR_SP,5b67882648febfb6e1225e6ad7164f6b,15,-15.666666666666666,5.27347359996462,8.6,2.9712912056160756,0.0
PR_SP,5cbbd5a299cab112b7bf23862255e43e,13,-13.076923076923077,5.648916392570916,10.846153846153847,4.913351772570904,0.0
PR_SP,5debea795b07621e1f90532e18f96145,12,-18.25,11.322744607847758,11.166666666666666,8.375650133065202,0.0
PR_SP,5f67c6082caacb26e431a7b17940cece,7,-5.857142857142857,2.853569193634026,18.142857142857142,3.5321651258386084,0.0
PR_SP,670c26e0f1bf8d0576271d5cfaec6d2b,38,-14.921052631578947,5.706239254499191,10.31578947368421,4.87190102836218,0.0
PR_SP,671585f5a2af58b6e276bc01003c0d2b,10,-10.5,3.7490739597339973,5.4,0.9660917830792959,0.0
PR_SP,681fce914360217db47784ae28905a96,8,-12.0,7.211102550927978,12.5,8.7831006565368,0.125
PR_SP,6b243f80ed07b10f0e8aa0f21a205f3c,36,-15.194444444444445,7.566163188619805,8.916666666666666,7.172865536171718,0.027777777777777776
PR_SP,6c12e40690c335dbc2f68a4134d30dc1,7,-13.428571428571429,6.133436852128472,11.857142857142858,5.367450401216932,0.0
PR_SP,6c177e38df6d3f34182b1f1d427231bf,12,-13.416666666666666,4.999242366841624,11.5,5.0,0.0
PR_SP,6d988d6174a2c27441597174f8905515,12,-7.916666666666667,12.048827429432393,20.083333333333332,11.90460822411628,0.16666666666666666
PR_SP,6f83d9e4da896daae20b9b6b2d3ff8d2,6,-18.166666666666668,6.940220937885671,9.666666666666666,2.1602468994692865,0.0
PR_SP,710e3548e02bc1d2831dfc4f1b5b14d4,51,-22.372549019607842,9.91758193172857,11.647058823529411,8.194689815756945,0.0196078431372549
PR_SP,73a63f72308aa20a46f4b1632018f196,5,-16.2,2.16794833886788,8.0,3.082207001484488,0.0
PR_SP,744dac408745240a2c2528fb1b6028f3,28,-18.357142857142858,3.9741226445154902,7.214285714285714,3.0593771195765256,0.0
PR_SP,76d64c4aca3a7baf218bf93ef7fa768d,33,-15.333333333333334,5.176066717756512,9.212121212121213,3.7563078261570206,0.0
PR_SP,77530e9772f57a62c906e1c21538ab82,106,-12.962264150943396,9.770630947411338,12.632075471698114,7.505332036940535,0.08490566037735849
PR_SP,79ebd9a61bac3eaf882805ed4ecfa12a,51,-11.941176470588236,7.6404496325959315,14.294117647058824,6.271504182082825,0.0196078431372549
PR_SP,7a2d2949aea47fab95fd98d6c9f618b1,6,-17.833333333333332,4.400757510550504,6.666666666666667,2.503331114069145,0.0
PR_SP,7b98de631987e26dd6d803490c43a13c,5,-13.8,8.167006795638168,12.6,4.277849927241488,0.0
PR_SP,80e6699fe29150b372a0c8a1ebf7dcc8,31,-14.806451612903226,7.006755572725082,8.774193548387096,4.047300972412396,0.03225806451612903
PR_SP,81a1104df0f08b59c68aa5b03cfe398e,30,-13.266666666666667,5.836468779672513,10.733333333333333,5.368704546326527,0.03333333333333333
PR_SP,820cc752a266cdc6c1a1e61dd4583330,7,-10.0,8.062257748298551,15.285714285714286,9.481812163545632,0.14285714285714285
PR_SP,827f8f69dfa529c561901c4f2e0f332f,42,-11.380952380952381,8.965931129674562,12.238095238095237,6.7960157761539115,0.047619047619047616
PR_SP,83645b1645cdee8953ee54c29ceed564,5,-18.4,3.9115214431215897,7.6,1.51657508881031,0.0
PR_SP,88460e8ebdecbfecb5f9601833981930,117,-12.675213675213675,11.584642821744552,15.717948717948717,9.047619380015018,0.1111111111111111
PR_SP,8a2d12a90e92f012ce5226fc6592b653,8,-15.75,8.013381665332416,7.875,4.223657859520077,0.0
PR_SP,8b8cfc8305aa441e4239358c9f6f2485,6,-14.5,9.481561052906848,11.0,7.8230428862431785,0.16666666666666666
PR_SP,8ca1551acf9832a4cf467bbbac15851f,5,-21.4,4.669047011971501,6.4,1.8165902124584952,0.0
PR_SP,916c9de0b5ad957346eeeb12f332687e,11,-17.454545454545453,5.4655948690629526,7.454545454545454,3.6976651109487015,0.0
PR_SP,9616352088dcf83a7c06637f4ebf1c80,40,-16.075,7.660713965521651,11.75,3.98555082574735,0.0
PR_SP,989becdce12ebc39863c2bceab6f3ca1,6,-22.666666666666668,9.048020041239226,10.166666666666666,4.355073669487885,0.0
PR_SP,9add47bf45ce8e8c7db6b9cf670b1e09,17,-14.176470588235293,5.844177595240059,9.529411764705882,4.155081934493342,0.0
PR_SP,9d681c7e12db302cb261e721040dde65,6,-17.166666666666668,9.282600210429546,7.0,4.049691346263317,0.0
PR_SP,a3f0b55de503387383c7b1de3ad7f678,9,-15.222222222222221,3.865804501581067,8.444444444444445,3.908679799852858,0.0
PR_SP,a425f92c199eb576938df686728acd20,6,-16.333333333333332,6.501281924871945,17.666666666666668,2.160246899469286,0.0
PR_SP,a5cba26a62b8b4d0145b68b841e62e7f,23,-15.08695652173913,5.325009974196897,11.130434782608695,4.048617584784476,0.0
PR_SP,a888faf2d1baececa6baf9c3d603ee1f,25,-11.16,7.0750736156358585,14.84,5.257375771237966,0.04
PR_SP,adbc26658d6c7b4b6219f9d934598091,25,-11.84,8.424567249024328,14.08,9.0135083809432,0.08
PR_SP,ae7ab174effdead6c241e547e4ca13f0,5,-11.2,4.08656334834051,9.4,2.5099800796022267,0.0
PR_SP,b2ac621f0d0322434d04a12b078b9369,5,-11.6,2.4083189157584592,11.4,6.107372593840988,0.0
PR_SP,b347677812ea483b0f528eaf8cbc09b7,6,-16.166666666666668,8.183316361150085,10.5,3.146426544510455,0.0
PR_SP,b6dc74ed30f124f95227bed4e43a3bed,5,-13.0,3.082207001484488,14.4,2.8809720581775866,0.0
PR_SP,b90e891671cffd9557f33a97dc523645,20,-16.4,7.17745006765524,7.85,4.183614654691248,0.0
PR_SP,bf100ecb7997df312b285358fb32f92c,12,-18.916666666666668,7.902339507827394,8.916666666666666,5.0893531171962465,0.0
PR_SP,c3cfdc648177fdbbbb35635a37472c53,109,-16.28440366972477,5.68476153954305,8.394495412844037,4.198805713409498,0.009174311926605505
PR_SP,c4fb51fb1c5b7c07bc5e67be6e7e8f6e,6,-9.333333333333334,7.659416862050705,13.833333333333334,9.368386556214825,0.16666666666666666
PR_SP,c864036feaab8c1659f65ea4faebe1da,20,-11.55,7.96356836177298,12.05,6.345118305893869,0.05
PR_SP,cac876b37d3abcd6bd76caca30277996,11,-12.545454545454545,5.106146029318714,10.818181818181818,4.118693526306171,0.0
PR_SP,cc3d14116804f7209f3884f6367f1152,8,-18.875,5.767829500154902,11.625,4.438065859293728,0.0
PR_SP,ccc4bbb5f32a6ab2b7066a4130f114e3,30,-17.633333333333333,10.861140263162609,11.366666666666667,9.260532990296392,0.03333333333333333
PR_SP,ce69a8021d18961dd2a40269b7c2c293,7,-11.285714285714286,3.3523268393901033,7.142857142857143,3.8913824205360674,0.0
PR_SP,d1ef48b38baca7e831711c4a0aeb398f,14,-17.285714285714285,5.566777433040681,7.857142857142857,3.899845023688917,0.0
PR_SP,d23019c84ffae2d5ef2270367b8605fc,23,-14.130434782608695,10.212756496505584,9.521739130434783,8.664816869582369,0.043478260869565216
PR_SP,d624126b9206f595fb3fbb6ba03b28a8,10,-17.1,6.15449248742557,6.6,2.170509412813294,0.0
PR_SP,d8c7ba53e7e38711eaef8c2849d6d2e1,11,-18.545454545454547,7.789270008975634,6.636363636363637,1.2060453783110545,0.0
PR_SP,df560393f3a51e74553ab94004ba5c87,16,-11.875,12.398252565045876,18.3125,13.275133395437752,0.0625
PR_SP,dfc475d54e1b6dbeeb7d7d9bdaa63827,8,-14.375,5.629958132298016,11.875,4.120939559996343,0.0
PR_SP,e0878efa0e0b7e5313ac0b43bc04c081,5,-12.0,8.366600265340756,18.2,6.058052492344383,0.0
PR_SP,e2aee0892199b1d92530e371abd825bf,17,-10.294117647058824,7.380419245225443,14.058823529411764,10.120959615046974,0.11764705882352941
PR_SP,e48b04bf1aa1ef711caebeb7aede6180,10,-18.0,8.273115763993903,8.3,2.7507574714370344,0.0
PR_SP,e59aa562b9f8076dd550fcddf0e73491,30,-12.566666666666666,7.407746799376863,10.833333333333334,5.0109076425632555,0.0
PR_SP,e8b3a3a38279a82f0e5d006d5e5b7d2c,35,-21.085714285714285,6.5095921466683615,13.6,5.771124877607587,0.0
PR_SP,e9bc59e7b60fc3063eb2290deda4cced,91,-15.89010989010989,7.993678821350099,11.615384615384615,4.149348625639213,0.06593406593406594
PR_SP,ed859002ad59dbf8cf3602696a6c3000,5,-33.0,9.300537618869138,15.8,13.553597308463905,0.0
PR_SP,f08c008c8a8d31417763738a1788a2a8,5,-16.4,11.84483009586883,5.6,2.0736441353327724,0.0
PR_SP,f1fd5ab1181f827ffad998c1a5de7d74,6,-12.166666666666666,7.054549359574052,6.833333333333333,3.3714487489307423,0.0
PR_SP,f435898e493ba0356019a0b1cb8b55b1,6,-16.333333333333332,7.99166232186187,11.5,3.391164991562634,0.0
PR_SP,f457c46070d02cadd8a68551231220dd,87,-14.701149425287356,6.394246946458681,11.781609195402298,4.436700238723207,0.022988505747126436
PR_SP,f4c4daa86e30c7e5a553a8d518ac03a5,6,-12.5,10.464224768228174,18.666666666666668,14.236104336041748,0.16666666666666666
PR_SP,f67efa3f0b6761102a7f8c6b7b571f5d,7,-16.714285714285715,2.811540841738193,7.285714285714286,2.9277002188455996,0.0
PR_SP,f7720c4fa8e3aba4546301ab80ea1f1b,19,-16.36842105263158,6.2911801252563935,8.0,3.9440531887330774,0.0
PR_SP,fde0cc9ea29c8ccfc0a2c22256a58c71,15,-15.466666666666667,10.835567535183554,10.2,7.153420760127882,0.06666666666666667
PR_SP,ffdd9f82b9a447f6f8d4b91554cc7dd3,8,-14.375,8.4335638967165,10.0,2.0,0.0
RJ_BA,056b4ada5bbc2c50cc7842547dda6b51,5,-9.0,7.54983443527075,14.4,4.8270073544588685,0.2
RJ_BA,46dc3b2cc0980fb8ec44634e21d2718e,17,-13.470588235294118,7.229433302988066,12.882352941176471,3.887196176892422,0.0
RJ_BA,620c87c171fb2a6dd6e8bb4dec959fc6,30,-13.4,10.80421373736926,16.566666666666666,7.885750279539948,0.06666666666666667
RJ_BA,634964b17796e64304cadf1ad3050fb7,13,2.230769230769231,24.139020437712624,26.384615384615383,25.87965243693219,0.3076923076923077
RJ_BA,95e03ca3d4146e4011985981aeb959b9,6,-16.0,5.621387729022079,14.833333333333334,3.488074922742725,0.0
RJ_CE,46dc3b2cc0980fb8ec44634e21d2718e,7,-11.285714285714286,8.32094316998351,17.142857142857142,6.309478885734052,0.14285714285714285
RJ_CE,620c87c171fb2a6dd6e8bb4dec959fc6,8,-17.625,22.051481971578628,24.125,13.757465505784745,0.125
RJ_CE,634964b17796e64304cadf1ad3050fb7,5,0.0,22.079402165819616,31.0,16.355427233796124,0.4
RJ_DF,46dc3b2cc0980fb8ec44634e21d2718e,14,-9.5,11.712912007366386,16.714285714285715,11.671322984982476,0.14285714285714285
RJ_DF,537eb890efff034a88679788b647c564,6,-3.1666666666666665,14.119726154096144,20.0,14.184498581197715,0.16666666666666666
RJ_DF,620c87c171fb2a6dd6e8bb4dec959fc6,18,-15.277777777777779,6.909546299530778,12.0,6.570880503268592,0.0
RJ_DF,634964b17796e64304cadf1ad3050fb7,5,-11.0,3.8078865529319543,14.2,4.43846820423443,0.0
RJ_ES,46dc3b2cc0980fb8ec44634e21d2718e,16,-15.0625,5.4950735512214335,10.5,3.9665266081716046,0.0
RJ_ES,620c87c171fb2a6dd6e8bb4dec959fc6,14,-13.214285714285714,7.836586496178544,14.0,7.8151726197777025,0.07142857142857142
RJ_ES,634964b17796e64304cadf1ad3050fb7,10,-13.3,6.325433669805661,14.1,5.425249610233001,0.0
RJ_ES,95e03ca3d4146e4011985981aeb959b9,7,-15.571428571428571,4.035556254807296,15.714285714285714,6.600865744084526,0.0
RJ_GO,46dc3b2cc0980fb8ec44634e21d2718e,12,-16.583333333333332,8.229197832698942,14.333333333333334,5.245488682206027,0.0
RJ_GO,537eb890efff034a88679788b647c564,6,-17.666666666666668,10.385887861259944,11.166666666666666,2.48327740429189,0.0
RJ_GO,620c87c171fb2a6dd6e8bb4dec959fc6,24,-17.041666666666668,17.73348384484454,15.166666666666666,11.16152812767712,0.08333333333333333
RJ_GO,634964b17796e64304cadf1ad3050fb7,7,-9.285714285714286,8.240434570140213,18.285714285714285,6.993193970194301,0.14285714285714285
RJ_GO,95e03ca3d4146e4011985981aeb959b9,5,-17.2,6.534523701081817,14.6,3.847076812334269,0.0
RJ_GO,d05ae8f7a5bd1d2a690a44cd079e4e27,5,-8.0,13.546217184144066,19.6,10.573551910309043,0.2
RJ_GO,ef0ace09169ac090589d85746e3e036f,5,-9.0,6.284902544988268,17.2,6.379655163094632,0.0
RJ_MG,056b4ada5bbc2c50cc7842547dda6b51,13,-13.846153846153847,8.839741265502381,10.307692307692308,7.520911019557575,0.07692307692307693
RJ_MG,1caf283236cd69af44cbc09a0a1e7d32,7,-7.571428571428571,10.875923606099589,14.857142857142858,11.610750355146036,0.2857142857142857
RJ_MG,240b9776d844d37535668549a396af32,6,-9.833333333333334,14.386336109887976,16.0,10.78888316740894,0.16666666666666666
RJ_MG,3c03b12bab54d8b37d79d914bfdb1aa0,6,-13.0,5.138093031466052,9.5,3.449637662132068,0.0
RJ_MG,46dc3b2cc0980fb8ec44634e21d2718e,64,-13.703125,8.20313468442361,12.015625,6.651153826383977,0.03125
RJ_MG,516e7738bd8f735ac19a010ee5450d8d,16,-20.75,9.678154093971983,8.375,3.5378901433858383,0.0
RJ_MG,537eb890efff034a88679788b647c564,15,-12.333333333333334,6.672616392676079,10.666666666666666,5.5506327395643655,0.06666666666666667
RJ_MG,620c87c171fb2a6dd6e8bb4dec959fc6,113,-13.584070796460177,10.810647581796394,12.973451327433628,8.214164787764867,0.07079646017699115
RJ_MG,634964b17796e64304cadf1ad3050fb7,31,-10.387096774193548,8.208440450149826,13.580645161290322,6.119772291778984,0.12903225806451613
RJ_MG,70c27847eca8195c983ed7e798c56743,13,-12.461538461538462,8.569474746791512,10.615384615384615,5.188745216627709,0.0
RJ_MG,822166ed1e47908f7cfb49946d03c726,5,-16.0,2.9154759474226504,12.0,2.9154759474226504,0.0
RJ_MG,83e197e95a1bbabc8c75e883ed016c47,7,-11.142857142857142,5.785861256216785,12.714285714285714,7.609517849690735,0.0
RJ_MG,845e8036c3f7bf62099352f5ed910240,5,-17.2,4.43846820423443,5.6,1.51657508881031,0.0
RJ_MG,8b2492b7ff4468839593fafeed55bad9,5,-9.2,4.207136793592525,9.8,4.764451699828639,0.0
RJ_MG,8e8a7ce9f2f970dc00e2acf6f6e199f6,8,-10.125,8.592978861505811,14.75,8.276472678623424,0.125
RJ_MG,95e03ca3d4146e4011985981aeb959b9,21,-15.761904761904763,8.774421701199241,13.19047619047619,7.406882256516892,0.09523809523809523
RJ_MG,abe42c5d03695b4257b5c6cbf4e6784e,6,-11.833333333333334,12.797135096054378,12.333333333333334,9.750213672872336,0.16666666666666666
RJ_MG,b1fc4f64df5a0e8b6913ab38803c57a9,8,-9.875,6.791538853603062,15.5,6.233549779791836,0.0
RJ_MG,b74d1c09cb380e1d03a6f859c6f4224b,5,-12.2,9.57601169589929,12.6,6.913754406977442,0.2
RJ_MG,d05ae8f7a5bd1d2a690a44cd079e4e27,7,-12.0,15.31883372410141,14.571428571428571,13.023787760058424,0.14285714285714285
RJ_MG,edb1ef5e36e0c8cd84eb3c9b003e486d,43,-12.55813953488372,14.092048290709391,12.627906976744185,11.88240647386666,0.09302325581395349
RJ_MG,ef0ace09169ac090589d85746e3e036f,11,-12.454545454545455,4.502524544378106,13.454545454545455,4.131915690418583,0.0
RJ_MG,f84a00e60c73a49e7e851c9bdca3a5bb,11,-7.909090909090909,10.820855284630188,15.181818181818182,8.908627075124222,0.18181818181818182
RJ_MS,620c87c171fb2a6dd6e8bb4dec959fc6,7,-8.142857142857142,14.461772268392874,21.0,12.42309676905615,0.2857142857142857
RJ_MT,620c87c171fb2a6dd6e8bb4dec959fc6,5,-10.6,8.018728078691781,21.0,8.366600265340756,0.0
RJ_PA,46dc3b2cc0980fb8ec44634e21d2718e,7,-8.142857142857142,17.658129114080115,27.285714285714285,14.302846869467231,0.14285714285714285
RJ_PA,620c87c171fb2a6dd6e8bb4dec959fc6,5,-22.6,10.761040841851685,16.2,4.43846820423443,0.0
RJ_PA,634964b17796e64304cadf1ad3050fb7,6,-13.166666666666666,7.85917722580848,20.5,5.468089245796926,0.0
RJ_PB,620c87c171fb2a6dd6e8bb4dec959fc6,6,-16.833333333333332,8.232051182218601,16.166666666666668,4.5789372857319925,0.0
RJ_PE,46dc3b2cc0980fb8ec44634e21d2718e,10,-12.2,7.284687135812126,15.4,7.691264886581111,0.0
RJ_PE,620c87c171fb2a6dd6e8bb4dec959fc6,7,-18.285714285714285,18.732452106031445,20.0,12.449899597988733,0.14285714285714285
RJ_PE,634964b17796e64304cadf1ad3050fb7,7,-9.142857142857142,12.401996767034083,17.571428571428573,9.107819769427861,0.14285714285714285
RJ_PE,b1fc4f64df5a0e8b6913ab38803c57a9,6,-9.166666666666666,7.054549359574052,18.0,5.727128425310541,0.0
RJ_PE,edb1ef5e36e0c8cd84eb3c9b003e486d,11,-10.727272727272727,6.420138769386672,14.272727272727273,6.886086103018305,0.09090909090909091
RJ_PR,1fe5540d7c1c37a595fefbacd5570d9e,5,-14.2,13.292855223765885,14.8,2.588435821108957,0.2
RJ_PR,46dc3b2cc0980fb8ec44634e21d2718e,28,-15.392857142857142,8.04772471049259,12.571428571428571,6.540067795710283,0.03571428571428571
RJ_PR,537eb890efff034a88679788b647c564,10,-15.4,9.118966803073446,8.7,3.945461527713414,0.0
RJ_PR,620c87c171fb2a6dd6e8bb4dec959fc6,18,-12.444444444444445,12.253317544635541,15.555555555555555,10.522928591594207,0.2222222222222222
RJ_PR,634964b17796e64304cadf1ad3050fb7,20,-9.65,9.538150543447806,16.35,8.96352256884007,0.15
RJ_PR,822166ed1e47908f7cfb49946d03c726,5,-14.4,6.985699678629192,13.4,5.029910535983717,0.0
RJ_PR,83e197e95a1bbabc8c75e883ed016c47,6,-16.833333333333332,2.9268868558020262,8.333333333333334,3.386246693120078,0.0
RJ_PR,8e8a7ce9f2f970dc00e2acf6f6e199f6,6,-14.666666666666666,6.918574034197124,9.166666666666666,4.308905506815701,0.0
RJ_PR,95e03ca3d4146e4011985981aeb959b9,9,-19.555555555555557,4.850544070285082,10.11111111111111,4.255715111601235,0.0
RJ_PR,b1fc4f64df5a0e8b6913ab38803c57a9,5,-3.8,7.463243262818116,22.0,8.774964387392123,0.4
RJ_PR,e882b2a25a10b9c057cc49695f222c19,6,-21.0,3.5213633723318014,12.833333333333334,3.0605010483034745,0.0
RJ_PR,edb1ef5e36e0c8cd84eb3c9b003e486d,8,-11.5,16.24807680927192,13.375,15.004166088123657,0.125
RJ_PR,ef0ace09169ac090589d85746e3e036f,11,-14.090909090909092,3.6456699097572027,11.909090909090908,3.238967287718277,0.0
RJ_RJ,04aba03279157f6d4e0fe8ccaf21963c,8,-17.25,3.6154430670982176,6.125,2.416461403433896,0.0
RJ_RJ,056b4ada5bbc2c50cc7842547dda6b51,16,-19.0,12.935738607954837,5.75,8.977750274985375,0.0625
RJ_RJ,058cb5aeb36d7c0fcae20fc85d5e0a59,5,-6.4,10.358571330062848,9.8,7.5630681604756145,0.2
RJ_RJ,1464afc72f696af775557a821c2e253f,8,-16.125,8.741322227541684,4.25,1.5811388300841898,0.0
RJ_RJ,1caf283236cd69af44cbc09a0a1e7d32,7,-3.7142857142857144,28.998357917384944,13.285714285714286,25.927554748531442,0.14285714285714285
RJ_RJ,240b9776d844d37535668549a396af32,10,-9.1,3.4464152068167553,7.6,3.272783388968954,0.0
RJ_RJ,2bf6a2c1e71bbd29a4ad64e6d3c3629f,7,-16.571428571428573,10.799029938797634,7.142857142857143,6.067085281214021,0.0
RJ_RJ,373ee4a3a775a733770ca3f790b8b9ac,10,-14.0,7.60116950066092,6.4,2.836272984824353,0.0
RJ_RJ,382229d1e840115ffe3dbf5ff460e417,10,-8.5,10.49073665457081,4.5,2.3213980461973533,0.2
RJ_RJ,3c03b12bab54d8b37d79d914bfdb1aa0,5,-9.6,7.127411872482185,5.0,0.0,0.0
RJ_RJ,3d5d0dc7073a299e31fa718ce1bc00b6,7,-18.0,12.858201014657274,6.285714285714286,3.3523268393901033,0.14285714285714285
RJ_RJ,46dc3b2cc0980fb8ec44634e21d2718e,124,-12.443548387096774,9.71153234445082,6.895161290322581,5.698121996124427,0.024193548387096774
RJ_RJ,516e7738bd8f735ac19a010ee5450d8d,11,-19.636363636363637,12.208789680166722,6.454545454545454,2.7336289566668097,0.0
RJ_RJ,537eb890efff034a88679788b647c564,46,-11.673913043478262,9.686311871974771,4.869565217391305,3.5876869407099985,0.043478260869565216
RJ_RJ,5b664594895aefb418afaee6d40a9a23,9,-10.666666666666666,5.722761571129799,7.666666666666667,2.7838821814150108,0.0
RJ_RJ,620c87c171fb2a6dd6e8bb4dec959fc6,148,-15.554054054054054,10.024652458924862,5.635135135135135,5.015823463363504,0.02027027027027027
RJ_RJ,634964b17796e64304cadf1ad3050fb7,36,-13.61111111111111,9.078318843038783,8.055555555555555,4.647238469976056,0.027777777777777776
RJ_RJ,63ffcb71394dd8ea3872ed9ffda17c74,8,-8.0,15.638779638176011,14.125,17.175044187924026,0.125
RJ_RJ,6aa3928696eab49a19a466e665a649fd,8,-13.125,9.448166866797873,4.5,3.207134902949093,0.0
RJ_RJ,6b3bd31ad8fcda4b2635ec9f3ff2ecdf,8,-8.375,15.9009209077426,10.875,18.019334853746088,0.125
RJ_RJ,6b536a23086fba0d58c08d68814397f6,5,-12.8,7.155417527999327,2.8,0.8366600265340756,0.0
RJ_RJ,70c27847eca8195c983ed7e798c56743,20,-11.05,11.071418869750783,7.0,3.684962329308273,0.15
RJ_RJ,7901646fdd36a55f564ffaf2dbccaaf7,9,-10.88888888888889,7.6394444242438935,5.111111111111111,1.536590742882148,0.0
RJ_RJ,822166ed1e47908f7cfb49946d03c726,17,-11.764705882352942,6.220223184949896,9.176470588235293,5.270617778278546,0.0
RJ_RJ,83e197e95a1bbabc8c75e883ed016c47,10,-13.6,7.805980613179444,5.6,2.913569784454954,0.0
RJ_RJ,863d2ebcd347ce4922de7a0f9a5581d6,8,-12.0,8.141603913585719,5.125,4.38951673226759,0.0
RJ_RJ,8b2492b7ff4468839593fafeed55bad9,10,-9.1,18.107395665246226,11.1,21.870578918314493,0.1
RJ_RJ,8b9d6eec4a7eb7d0f9d579ce0b38324d,18,-10.5,12.575653415370885,6.444444444444445,5.124591486986717,0.2222222222222222
RJ_RJ,8e8a7ce9f2f970dc00e2acf6f6e199f6,8,-9.5,8.071112509614592,6.75,3.8452196667699345,0.0
RJ_RJ,9449f25aeaf531019b76999ea49a6949,7,-6.0,8.48528137423857,10.571428571428571,8.223080178318074,0.2857142857142857
RJ_RJ,95e03ca3d4146e4011985981aeb959b9,27,-15.37037037037037,6.956724185707767,5.37037037037037,4.8130283777723735,0.037037037037037035
RJ_RJ,a938325a4b357fd23a6a4d5bb126408e,5,-12.8,5.805170109479997,10.4,3.0495901363953815,0.0
RJ_RJ,abe42c5d03695b4257b5c6cbf4e6784e,5,-14.4,5.319774431308154,2.8,0.8366600265340756,0.0
RJ_RJ,b1fc4f64df5a0e8b6913ab38803c57a9,18,-9.555555555555555,8.514501278768112,8.722222222222221,4.4166204215115,0.1111111111111111
RJ_RJ,b94cc9f10ddc85e4ba73a6f7974e7101,7,-13.714285714285714,2.9277002188455996,5.285714285714286,3.8606685826112948,0.0
RJ_RJ,c35672b10ad50968f567ea3f4b91e877,5,-15.2,3.7013511046643495,5.6,2.5099800796022267,0.0
RJ_RJ,cd6efc47efaabf134f8bdb654e10b4f1,8,-13.25,10.964227547542313,5.0,1.6903085094570331,0.125
RJ_RJ,d05ae8f7a5bd1d2a690a44cd079e4e27,24,-11.708333333333334,7.986288067772741,5.875,3.802887918640139,0.041666666666666664
RJ_RJ,d354c38a7182125a748cb10474fe963b,5,-10.4,7.536577472566709,11.0,5.656854249492381,0.2
RJ_RJ,e882b2a25a10b9c057cc49695f222c19,26,-21.692307692307693,7.888063036103252,5.615384615384615,2.5780135465419582,0.0
RJ_RJ,edb1ef5e36e0c8cd84eb3c9b003e486d,24,-17.666666666666668,9.95497108360252,4.083333333333333,2.448010135434166,0.0
RJ_RJ,ef0ace09169ac090589d85746e3e036f,25,-13.88,8.393052682625871,8.64,3.8501082235871413,0.08
RJ_RJ,f84a00e60c73a49e7e851c9bdca3a5bb,23,-12.173913043478262,4.030025647482605,5.478260869565218,2.6606486771836693,0.0
RJ_RJ,fad44952713764836814be105382aee5,7,-12.285714285714286,12.880402241574675,7.285714285714286,4.309458036856673,0.0
RJ_RN,620c87c171fb2a6dd6e8bb4dec959fc6,5,-19.0,6.819090848492928,14.2,2.5884358211089573,0.0
RJ_RS,46dc3b2cc0980fb8ec44634e21d2718e,29,-10.793103448275861,8.40229267328196,16.103448275862068,7.560918441877883,0.13793103448275862
RJ_RS,537eb890efff034a88679788b647c564,5,-11.0,5.787918451395113,14.0,5.0990195135927845,0.0
RJ_RS,620c87c171fb2a6dd6e8bb4dec959fc6,39,-13.743589743589743,10.644291647139594,15.717948717948717,8.660098206410211,0.07692307692307693
RJ_RS,634964b17796e64304cadf1ad3050fb7,12,-6.833333333333333,7.1201804539611,16.833333333333332,6.886526150697637,0.16666666666666666
RJ_RS,95e03ca3d4146e4011985981aeb959b9,10,-15.0,5.557777333511022,15.8,4.263540521418529,0.0
RJ_RS,edb1ef5e36e0c8cd84eb3c9b003e486d,11,-10.818181818181818,3.9450774851245143,13.454545454545455,4.6122366887148445,0.0
RJ_SC,46dc3b2cc0980fb8ec44634e21d2718e,9,-11.666666666666666,8.200609733428363,14.0,5.545268253204709,0.2222222222222222
RJ_SC,537eb890efff034a88679788b647c564,5,-11.8,2.04939015319192,11.0,2.9154759474226504,0.0
RJ_SC,620c87c171fb2a6dd6e8bb4dec959fc6,18,-13.88888888888889,13.902555367688128,15.833333333333334,10.578835697083226,0.1111111111111111
RJ_SC,634964b17796e64304cadf1ad3050fb7,15,-14.533333333333333,13.426342266852378,14.6,8.042742957829393,0.06666666666666667
RJ_SC,822166ed1e47908f7cfb49946d03c726,5,-15.2,7.791020472312982,18.0,8.689073598491383,0.0
RJ_SC,ef0ace09169ac090589d85746e3e036f,6,-16.833333333333332,5.076087732365022,11.333333333333334,3.265986323710904,0.0
RJ_SP,056b4ada5bbc2c50cc7842547dda6b51,15,-8.666666666666666,31.808953516416157,17.066666666666666,31.40852174323456,0.06666666666666667
RJ_SP,1464afc72f696af775557a821c2e253f,10,-8.4,13.040109065665229,15.1,13.287002839032,0.1
RJ_SP,1caf283236cd69af44cbc09a0a1e7d32,6,-18.333333333333332,6.0553007081949835,7.5,1.5165750888103104,0.0
RJ_SP,1fe5540d7c1c37a595fefbacd5570d9e,5,-17.6,7.956129712366435,8.2,0.8366600265340756,0.0
RJ_SP,240b9776d844d37535668549a396af32,12,-13.833333333333334,5.424411712272809,9.5,2.393172105652397,0.0
RJ_SP,2bf6a2c1e71bbd29a4ad64e6d3c3629f,10,-12.0,14.666666666666668,13.9,9.085397319019375,0.1
RJ_SP,382229d1e840115ffe3dbf5ff460e417,19,-11.842105263157896,4.901962848296779,7.421052631578948,2.090076805438398,0.0
RJ_SP,3c03b12bab54d8b37d79d914bfdb1aa0,15,-9.533333333333333,11.153901730314994,13.933333333333334,7.968389931174183,0.26666666666666666
RJ_SP,46dc3b2cc0980fb8ec44634e21d2718e,147,-10.387755102040817,9.712616410043966,12.408163265306122,8.036522029418336,0.07482993197278912
RJ_SP,516e7738bd8f735ac19a010ee5450d8d,29,-17.482758620689655,8.61734417843776,7.793103448275862,2.9201187640332567,0.034482758620689655
RJ_SP,537eb890efff034a88679788b647c564,46,-11.456521739130435,6.65233967776795,9.021739130434783,5.603527184569782,0.043478260869565216
RJ_SP,579891617139df7d8671d373f0669622,5,-7.6,12.992305415129373,20.6,13.740451229854134,0.4
RJ_SP,5bffbafbb22daf6d3bfc216a46db8708,9,-15.222222222222221,3.865804501581067,8.444444444444445,3.6094013046179527,0.0
RJ_SP,620c87c171fb2a6dd6e8bb4dec959fc6,245,-12.240816326530613,12.90901194882143,13.885714285714286,10.039430458667773,0.12653061224489795
RJ_SP,634964b17796e64304cadf1ad3050fb7,81,-10.074074074074074,7.67427159047974,12.703703703703704,6.4622837380535305,0.07407407407407407
RJ_SP,6b3bd31ad8fcda4b2635ec9f3ff2ecdf,10,-11.2,4.685675570881488,10.3,4.2176876234364356,0.0
RJ_SP,6b536a23086fba0d58c08d68814397f6,6,-14.166666666666666,4.833908011812665,8.333333333333334,3.141125063837266,0.0
RJ_SP,6f229cc508fc6915ed5c499efd93baa4,6,-11.166666666666666,3.8166302763912916,6.833333333333333,0.7527726527090811,0.0
RJ_SP,70c27847eca8195c983ed7e798c56743,28,-10.75,9.61335876094649,12.535714285714286,6.50630544794898,0.07142857142857142
RJ_SP,7901646fdd36a55f564ffaf2dbccaaf7,7,-7.571428571428571,11.35572018642503,16.285714285714285,12.893335303097304,0.2857142857142857
RJ_SP,7a425d299613df3e613bcf9d2eaf5c49,5,-7.8,8.318653737234168,12.0,8.831760866327848,0.2
RJ_SP,822166ed1e47908f7cfb49946d03c726,28,-12.392857142857142,6.07569100300708,12.464285714285714,6.015302355980324,0.03571428571428571
RJ_SP,83e197e95a1bbabc8c75e883ed016c47,8,-17.125,8.47580590352833,9.625,4.274091382136927,0.0
RJ_SP,845e8036c3f7bf62099352f5ed910240,10,-12.9,7.324995259763351,8.3,3.9735234853828274,0.0
RJ_SP,8b2492b7ff4468839593fafeed55bad9,10,-10.7,4.191260749066641,9.8,3.823901439919996,0.0
RJ_SP,8b9d6eec4a7eb7d0f9d579ce0b38324d,13,-10.692307692307692,10.640994748178821,9.461538461538462,6.358922663148014,0.07692307692307693
RJ_SP,8e8a7ce9f2f970dc00e2acf6f6e199f6,27,-9.148148148148149,8.443038569431048,11.851851851851851,7.315440486783384,0.07407407407407407
RJ_SP,95e03ca3d4146e4011985981aeb959b9,61,-15.540983606557377,4.76995377507932,10.819672131147541,4.794122084112694,0.0
RJ_SP,a938325a4b357fd23a6a4d5bb126408e,8,-9.875,5.0832357523811265,12.625,4.955156044825575,0.0
RJ_SP,abe42c5d03695b4257b5c6cbf4e6784e,17,-8.235294117647058,9.483732201543242,11.411764705882353,7.416694205721068,0.17647058823529413
RJ_SP,b1fc4f64df5a0e8b6913ab38803c57a9,27,-8.703703703703704,7.1565720995826085,15.777777777777779,5.301185160184853,0.14814814814814814
RJ_SP,b74d1c09cb380e1d03a6f859c6f4224b,11,-13.090909090909092,8.768746152723837,8.818181818181818,4.578606377887967,0.09090909090909091
RJ_SP,b94cc9f10ddc85e4ba73a6f7974e7101,15,-12.133333333333333,8.6178110136314,10.6,7.13942774817622,0.13333333333333333
RJ_SP,cd6efc47efaabf134f8bdb654e10b4f1,8,-13.5,3.927922024247863,6.375,3.020761493398643,0.0
RJ_SP,d05ae8f7a5bd1d2a690a44cd079e4e27,27,-11.851851851851851,8.174555756942503,11.333333333333334,6.662177976053732,0.037037037037037035
RJ_SP,d354c38a7182125a748cb10474fe963b,5,-14.4,6.877499545619759,14.4,5.856620185738529,0.0
RJ_SP,da6a60cc8cc724fe51be021ff8be779c,6,-12.666666666666666,5.573747990954261,7.833333333333333,4.167333280008532,0.0
RJ_SP,db46ca7bce82b11f7e247539271fc390,7,-13.857142857142858,2.7342623276105886,9.714285714285714,2.8115408417381933,0.0
RJ_SP,e58a5b390e28abc0b216cfb0e07d27d7,5,-15.8,6.016643582596529,6.4,1.51657508881031,0.0
RJ_SP,e882b2a25a10b9c057cc49695f222c19,17,-17.11764705882353,4.935614867232558,11.647058823529411,5.656204297832914,0.0
RJ_SP,edb1ef5e36e0c8cd84eb3c9b003e486d,41,-14.365853658536585,12.177348023196542,10.536585365853659,9.219809002836257,0.07317073170731707
RJ_SP,ef0ace09169ac090589d85746e3e036f,51,-9.941176470588236,12.474633084312954,12.117647058823529,11.731405813155607,0.11764705882352941
RJ_SP,f84a00e60c73a49e7e851c9bdca3a5bb,34,-11.676470588235293,6.2799372137147715,10.323529411764707,5.414462049639606,0.058823529411764705
RJ_SP,fad44952713764836814be105382aee5,11,-10.545454545454545,5.428879007007549,9.454545454545455,3.6976651109487015,0.0
RJ_SP,fb3cfbc8a86f5d7fbb4d36b8df63f60d,8,-12.625,8.927285621700953,6.875,2.1001700611413083,0.0
RN_RN,41c2bad7229b0c25e6becf179ebf63ff,20,-15.95,3.3946552417773317,4.5,1.5043795713638373,0.0
RN_SP,52562a9f449c3dc3d53f5f5b9ed74903,5,-15.8,9.011104260855047,14.6,6.107372593840988,0.0
RO_SP,a5259c149128e82c9d6d46e0c1c812bb,5,-25.8,12.31665539016173,18.2,10.059821071967434,0.0
RS_BA,12b9676b00f60f3b700e83af21824c0e,6,-15.166666666666666,10.778064142816495,21.666666666666668,7.916228058025278,0.0
RS_DF,06e5eefc71ec47ae763c5c6f8db7064f,6,-14.166666666666666,6.7946057035465035,9.833333333333334,2.401388487243717,0.0
RS_DF,612170e34b97004b3ba37eae81836b4c,5,-20.4,6.985699678629192,10.6,2.880972058177587,0.0
RS_DF,6338ea67c41078a46ad99cc009654956,5,-17.2,6.534523701081817,11.6,3.5777087639996634,0.0
RS_GO,12b9676b00f60f3b700e83af21824c0e,7,-22.285714285714285,5.498917642417936,16.857142857142858,5.814595756329395,0.0
RS_MA,87142160b41353c4e5fca2360caf6f92,7,-2.857142857142857,17.994708216848746,33.0,17.416467303484175,0.42857142857142855
RS_MG,062ce95fa2ad4dfaedfc79260130565f,5,-22.4,7.127411872482185,13.2,1.3038404810405297,0.0
RS_MG,06e5eefc71ec47ae763c5c6f8db7064f,10,-19.8,7.1616261343977525,10.2,2.9363620727393647,0.0
RS_MG,12b9676b00f60f3b700e83af21824c0e,20,-24.3,5.292497172015255,14.5,4.370956778314645,0.0
RS_MG,33a17d60c64393351ebf1ef860f4e0f2,5,-22.4,5.128352561983235,13.6,6.348228099241551,0.0
RS_MG,612170e34b97004b3ba37eae81836b4c,9,-20.444444444444443,9.606132300659707,10.555555555555555,3.1269438398822866,0.0
RS_MG,87142160b41353c4e5fca2360caf6f92,24,-17.166666666666668,8.196853408296471,12.958333333333334,5.465139853945955,0.08333333333333333
RS_MG,ac3508719a1d8f5b7614b798f70af136,11,-20.272727272727273,4.606319769423505,10.272727272727273,3.7440862460928725,0.0
RS_MG,b1a81260566c1bac3114a6d124413f27,10,-15.3,8.11103500725332,7.8,4.211096452627668,0.0
RS_MG,d98eec89afa3380e14463da2aabaea72,16,-23.4375,7.330018190063834,8.875,3.8794329482541645,0.0
RS_MG,dc317f341ab0e22f39acbd9dbf9b4a1f,11,-20.454545454545453,2.2962419891481978,9.181818181818182,2.0404990476930793,0.0
RS_PA,87142160b41353c4e5fca2360caf6f92,5,-16.0,9.027735042633894,23.4,9.289779329994873,0.0
RS_PR,06e5eefc71ec47ae763c5c6f8db7064f,6,-12.5,7.259476565152615,10.5,5.167204273105526,0.0
RS_PR,12b9676b00f60f3b700e83af21824c0e,7,-19.857142857142858,5.727959829601096,11.714285714285714,3.8172540616821107,0.0
RS_PR,33a17d60c64393351ebf1ef860f4e0f2,5,-7.6,15.725775020646836,17.0,14.679918255903198,0.2
RS_PR,612170e34b97004b3ba37eae81836b4c,7,-16.571428571428573,5.652643713553947,9.142857142857142,3.236694374850748,0.0
RS_PR,87142160b41353c4e5fca2360caf6f92,25,-15.72,6.797793759742936,8.72,3.49428104193123,0.0
RS_PR,94144541854e298c2d976cb893b81343,5,-10.8,5.540758070878027,11.4,5.128352561983234,0.0
RS_PR,d98eec89afa3380e14463da2aabaea72,15,-10.933333333333334,12.544017735653158,10.0,10.288690045731908,0.13333333333333333
RS_RJ,062ce95fa2ad4dfaedfc79260130565f,6,-11.0,18.536450577173614,18.833333333333332,12.02358792817962,0.16666666666666666
RS_RJ,06e5eefc71ec47ae763c5c6f8db7064f,10,-20.3,14.197417605560057,11.7,4.498147766951785,0.0
RS_RJ,12b9676b00f60f3b700e83af21824c0e,16,-18.25,12.44454365039822,16.25,10.686440005914038,0.0625
RS_RJ,612170e34b97004b3ba37eae81836b4c,10,-16.4,11.682845924212511,12.9,6.806043066438988,0.1
RS_RJ,87142160b41353c4e5fca2360caf6f92,41,-15.731707317073171,9.45257740048687,11.560975609756097,5.371446641677662,0.04878048780487805
RS_RJ,94144541854e298c2d976cb893b81343,11,-11.636363636363637,9.790533461183076,17.90909090909091,10.202495238465396,0.09090909090909091
RS_RJ,ac3508719a1d8f5b7614b798f70af136,18,-13.055555555555555,8.720983634634086,13.555555555555555,7.755242797596552,0.05555555555555555
RS_RJ,b1a81260566c1bac3114a6d124413f27,5,-20.4,13.957077057894322,7.8,2.4899799195977463,0.0
RS_RJ,b32be1695eb7ec5f10f72d9610a12527,7,-9.285714285714286,10.339475900874373,19.142857142857142,6.792853387410709,0.14285714285714285
RS_RJ,d98eec89afa3380e14463da2aabaea72,16,-17.0625,6.371485959596343,8.9375,4.00780488547035,0.0
RS_RJ,dc317f341ab0e22f39acbd9dbf9b4a1f,15,-8.533333333333333,16.513486551762416,16.666666666666668,15.673757260678329,0.13333333333333333
RS_RS,062ce95fa2ad4dfaedfc79260130565f,8,-10.375,3.1594529363709247,10.625,3.1594529363709247,0.0
RS_RS,06e5eefc71ec47ae763c5c6f8db7064f,6,-14.166666666666666,7.386925386564201,4.5,2.7386127875258306,0.0
RS_RS,12b9676b00f60f3b700e83af21824c0e,12,-15.666666666666666,4.334498677803327,8.75,5.276448530110864,0.0
RS_RS,13074f016982ff2bd6c58ced8682f000,5,-11.6,8.64869932417586,7.4,5.727128425310541,0.0
RS_RS,33a17d60c64393351ebf1ef860f4e0f2,16,-13.25,5.247221486971303,6.75,4.358898943540674,0.0
RS_RS,42fa4ee7240e9b8eb4576358ec142ba7,7,-10.142857142857142,3.625307868699863,5.714285714285714,2.4976179127511156,0.0
RS_RS,5882820ef11c4c068eea0677a7a879b4,5,-9.6,8.677557259966656,17.4,5.594640292279746,0.0
RS_RS,5a05a16bb50629ee31afab8a6d4c2674,6,-7.166666666666667,4.167333280008532,7.166666666666667,5.600595206463923,0.0
RS_RS,612170e34b97004b3ba37eae81836b4c,17,-10.117647058823529,5.67761341741819,8.647058823529411,3.1012331513163485,0.0
RS_RS,87142160b41353c4e5fca2360caf6f92,52,-11.211538461538462,6.651953976417309,6.538461538461538,5.100794011476185,0.038461538461538464
RS_RS,94144541854e298c2d976cb893b81343,5,0.6,13.903237033151667,14.2,17.90809872655386,0.2
RS_RS,ac3508719a1d8f5b7614b798f70af136,12,-13.666666666666666,6.499417223291966,4.75,1.864744681524183,0.08333333333333333
RS_RS,b1a81260566c1bac3114a6d124413f27,6,-8.5,5.540758070878027,8.5,3.7282703764614498,0.0
RS_RS,b1ac6ea7895bc3dd6f0f6f4abbdd2821,7,-13.428571428571429,4.859943170351647,4.428571428571429,1.5118578920369088,0.0
RS_RS,b32be1695eb7ec5f10f72d9610a12527,9,-10.666666666666666,3.872983346207417,5.555555555555555,3.3952581312438936,0.0
RS_RS,d98eec89afa3380e14463da2aabaea72,24,-12.916666666666666,4.353076539910463,4.416666666666667,1.5857152183236396,0.0
RS_SC,062ce95fa2ad4dfaedfc79260130565f,9,-11.0,5.196152422706631,13.222222222222221,3.1534813214040835,0.0
RS_SC,06e5eefc71ec47ae763c5c6f8db7064f,5,-18.2,8.34865258589672,6.2,2.588435821108957,0.0
RS_SC,12b9676b00f60f3b700e83af21824c0e,7,-20.428571428571427,12.62084443631702,15.0,5.597618541248888,0.0
RS_SC,612170e34b97004b3ba37eae81836b4c,6,-19.833333333333332,4.400757510550504,6.5,1.97484176581315,0.0
RS_SC,87142160b41353c4e5fca2360caf6f92,23,-13.608695652173912,5.0698675833056,9.478260869565217,3.2174180107854307,0.0
RS_SC,94144541854e298c2d976cb893b81343,7,-12.428571428571429,5.094347941825426,9.857142857142858,4.59813626840888,0.0
RS_SC,ac3508719a1d8f5b7614b798f70af136,7,-17.714285714285715,2.1380899352993947,6.428571428571429,1.7182493859684491,0.0
RS_SC,d98eec89afa3380e14463da2aabaea72,9,-15.777777777777779,2.333333333333333,6.555555555555555,1.8104634152000358,0.0
RS_SP,05ff92fedb5be47920fea08e501238b9,25,-18.48,6.455746793878045,9.04,3.6110940170535577,0.0
RS_SP,062ce95fa2ad4dfaedfc79260130565f,20,-14.65,6.4667164042218195,11.6,6.418722614352484,0.05
RS_SP,06e5eefc71ec47ae763c5c6f8db7064f,29,-17.93103448275862,7.864618029425744,9.172413793103448,4.080169512560909,0.0
RS_SP,12b9676b00f60f3b700e83af21824c0e,36,-24.72222222222222,4.766616716354999,11.25,3.9087813226850425,0.0
RS_SP,236585a4ddb5fea9fa40233e2249ed91,7,-18.571428571428573,6.604471789556498,10.0,4.932882862316247,0.0
RS_SP,30829ded4523ab9224b93bc49a62c95f,7,-21.857142857142858,7.104659772022196,12.142857142857142,5.610364558225292,0.0
RS_SP,33a17d60c64393351ebf1ef860f4e0f2,12,-20.5,5.248376372313113,10.25,2.6671401094873817,0.0
RS_SP,51e4e89242cbb846c2deff3dc015650e,5,-14.0,7.7781745930520225,9.0,3.3911649915626345,0.0
RS_SP,52d76513f0c4d97f3b99570e2c94ee31,5,-17.8,3.03315017762062,7.6,2.0736441353327724,0.0
RS_SP,577719699805dd125d5b6fdde5943bba,5,-22.0,9.695359714832659,6.4,0.8944271909999159,0.0
RS_SP,612170e34b97004b3ba37eae81836b4c,34,-20.88235294117647,6.72744134297527,10.617647058823529,3.837729015038695,0.0
RS_SP,6338ea67c41078a46ad99cc009654956,17,-17.0,5.511351921262151,11.058823529411764,5.9735938537376105,0.0
RS_SP,66fd84ee7528c0c0de85d0f44a73d5ab,5,-19.4,5.683308895353129,10.2,5.167204273105525,0.0
RS_SP,82cb9f452fe8334df74b22d37824b431,5,-25.8,8.64291617453276,5.0,1.0,0.0
RS_SP,87142160b41353c4e5fca2360caf6f92,99,-17.21212121212121,8.516817369628557,9.171717171717171,3.979643107884259,0.020202020202020204
RS_SP,94144541854e298c2d976cb893b81343,31,-16.580645161290324,5.469760467323271,11.806451612903226,7.617608351001469,0.03225806451612903
RS_SP,a44fb5a447105f8469bdf16bf9159f25,7,-15.285714285714286,7.319250547113999,9.142857142857142,1.0690449676496976,0.0
RS_SP,ac3508719a1d8f5b7614b798f70af136,33,-21.636363636363637,5.6003246659132495,7.303030303030303,2.007561463642653,0.0
RS_SP,b1a81260566c1bac3114a6d124413f27,18,-17.27777777777778,8.013265146034643,7.888888888888889,3.863690538224225,0.0
RS_SP,b1ac6ea7895bc3dd6f0f6f4abbdd2821,14,-18.928571428571427,5.567270919804918,9.5,3.736514212677166,0.0
RS_SP,b32be1695eb7ec5f10f72d9610a12527,19,-19.157894736842106,4.90196284829678,11.526315789473685,4.43932453636601,0.0
RS_SP,b4f8921fcc4ff77b66bea6dda43dcd51,10,-20.3,10.656766238717385,7.9,3.7549966711037173,0.1
RS_SP,c6381d2d013342748761e906d45aff76,8,-18.75,7.186296483088987,15.625,7.909081579334697,0.0
RS_SP,c679fb69a36e1d8349e8c50a217b4d58,8,-11.625,14.161693805070474,12.375,7.424621202458749,0.125
RS_SP,d98eec89afa3380e14463da2aabaea72,58,-21.17241379310345,9.6702436171611,8.5,7.041854819452444,0.017241379310344827
RS_SP,dc317f341ab0e22f39acbd9dbf9b4a1f,19,-18.157894736842106,5.727741050698754,11.263157894736842,7.7806176937249925,0.0
RS_SP,e603cf3fec55f8697c9059638d6c8eb5,5,-23.8,2.16794833886788,5.8,0.8366600265340756,0.0
RS_SP,f0837c8d71434931d9e38e7b79234797,10,-23.7,8.8700494800073,9.9,4.458450154232722,0.0
SC_BA,1b4c3a6f53068f0b6944d2d005c9fc89,5,-11.6,13.557285864065861,21.8,13.718600511714014,0.4
SC_DF,7178f9f4dd81dcef02f62acdf8151e01,5,-21.8,7.395944834840239,12.8,4.868264577855234,0.0
SC_DF,a3a38f4affed601eb87a97788c949667,6,-12.833333333333334,9.579491983746669,11.833333333333334,3.3714487489307423,0.0
SC_DF,aaed1309374718fdd995ee4c58c9dfcd,5,-20.6,6.542170893518451,10.8,2.1679483388678804,0.0
SC_ES,a3a38f4affed601eb87a97788c949667,9,-14.11111111111111,7.944250191875323,14.333333333333334,7.499999999999999,0.1111111111111111
SC_GO,eeb6de78f79159600292e314a77cbd18,5,-17.0,14.404860290887934,14.6,4.277849927241488,0.2
SC_MG,04308b1ee57b6625f47df1d56f00eedf,20,-13.85,7.220402379806529,18.7,7.05691150575094,0.0
SC_MG,1a3df491d1c4f1589fc2b934ada68bf2,23,-17.434782608695652,6.7070254005274315,15.565217391304348,5.04368269995899,0.0
SC_MG,1b4c3a6f53068f0b6944d2d005c9fc89,10,-14.8,7.067924416372571,14.2,5.138093031466052,0.0
SC_MG,32b8764b4ef628b53608fc34011fcc13,5,-22.8,14.307340773183533,12.2,5.805170109479997,0.0
SC_MG,57e632711dec9ec14ca7546769483e7e,9,-19.22222222222222,4.8676939555034116,10.777777777777779,4.1466184348749096,0.0
SC_MG,609e1a9a6c2539919b8205cf7c4e6ff0,11,-18.363636363636363,8.003408364849657,8.909090909090908,3.0807319083148226,0.0
SC_MG,669ae81880e08f269a64487cfb287169,18,-15.38888888888889,6.852555460546765,13.944444444444445,4.856435660055782,0.0
SC_MG,7008613ea464bad5cb9b83456e1e6a8f,13,-16.46153846153846,5.724441524658173,13.615384615384615,4.311582492512882,0.0
SC_MG,712e6ed8aa4aa1fa65dab41fed5737e4,12,0.6666666666666666,32.49149072752695,36.833333333333336,33.94067908822239,0.4166666666666667
SC_MG,7178f9f4dd81dcef02f62acdf8151e01,27,-24.185185185185187,6.878265865066669,13.25925925925926,5.095945542160059,0.0
SC_MG,86ccac0b835037332a596a33b6949ee1,18,-18.38888888888889,6.059886320899281,12.61111111111111,4.539226273650466,0.0
SC_MG,8ae520247981aa06bc94abddf5f46d34,7,-20.857142857142858,2.5448360411214073,10.571428571428571,2.935821455580639,0.0
SC_MG,8c16d1f32a54d92897cc437244442e1b,8,-21.125,11.076841994513986,11.25,3.845219666769935,0.0
SC_MG,8cbac7e12637ed9cffa18c7875207478,9,-13.0,8.366600265340756,16.555555555555557,7.633988327065859,0.1111111111111111
SC_MG,972d0f9cf61b499a4812cf0bfa3ad3c4,14,-10.928571428571429,8.213162847286297,17.857142857142858,6.837196263619522,0.14285714285714285
SC_MG,9de4643a8dbde634fe55621059d92273,10,-12.9,3.478505426185217,15.3,4.056544780420347,0.0
SC_MG,a3a38f4affed601eb87a97788c949667,26,-17.807692307692307,12.32564555962642,13.76923076923077,9.462801666769487,0.038461538461538464
SC_MG,aaed1309374718fdd995ee4c58c9dfcd,14,-19.357142857142858,4.533756175065556,11.214285714285714,3.5986871843145036,0.0
SC_MG,aafe36600ce604f205b86b5084d3d767,11,-14.636363636363637,6.297185518511063,12.636363636363637,6.103650174653316,0.0
SC_MG,b8bc237ba3788b23da09c0f1f3a3288c,6,-13.833333333333334,5.036533199202271,13.0,6.196773353931867,0.0
SC_MG,c33847515fa6305ce6feb1e818569f13,15,-14.4,11.764352935882194,12.666666666666666,9.589180410878761,0.06666666666666667
SC_MG,ce248b21cb2adc36282ede306b7660e5,7,-10.571428571428571,7.955231881329059,16.285714285714285,6.183695920571712,0.0
SC_MG,dfa0c4c6229ab200a4a1336b4d7128ff,11,-20.454545454545453,5.905313477938938,9.454545454545455,2.339386088854782,0.0
SC_MG,e21a1e8be4715b0fcfd5385643bc49c4,6,-13.5,2.7386127875258306,16.5,2.428991560298224,0.0
SC_MG,eeb6de78f79159600292e314a77cbd18,6,-17.666666666666668,4.457203906785807,11.5,5.089204259999788,0.0
SC_PR,1a3df491d1c4f1589fc2b934ada68bf2,19,-11.526315789473685,5.531409515491524,13.631578947368421,6.184303844014113,0.05263157894736842
SC_PR,1b4c3a6f53068f0b6944d2d005c9fc89,8,-13.5,4.65985898008574,9.875,4.257346591481601,0.0
SC_PR,57e632711dec9ec14ca7546769483e7e,12,-16.916666666666668,5.5507302276913135,9.833333333333334,2.4432963327637873,0.0
SC_PR,609e1a9a6c2539919b8205cf7c4e6ff0,8,-15.875,9.463274878633264,8.125,2.295181287579947,0.0
SC_PR,669ae81880e08f269a64487cfb287169,12,-15.416666666666666,5.434876152027643,8.916666666666666,2.968266507678524,0.0
SC_PR,7178f9f4dd81dcef02f62acdf8151e01,18,-18.166666666666668,5.883676321724669,13.722222222222221,4.070056446429728,0.0
SC_PR,83deb69e889cf80f82be1dc6d5f2d486,5,-12.8,7.726577508832744,11.2,2.387467277262665,0.0
SC_PR,86ccac0b835037332a596a33b6949ee1,13,-15.76923076923077,4.833112284954113,9.153846153846153,3.601993749905595,0.0
SC_PR,8ae520247981aa06bc94abddf5f46d34,8,-15.375,6.045954964153426,8.5,3.1622776601683795,0.0
SC_PR,8c16d1f32a54d92897cc437244442e1b,10,-17.0,9.333333333333334,9.6,3.565264521898917,0.0
SC_PR,972d0f9cf61b499a4812cf0bfa3ad3c4,6,-14.0,6.663332499583072,15.166666666666666,5.980523945831725,0.0
SC_PR,9de4643a8dbde634fe55621059d92273,8,-8.625,6.254998001598402,15.625,5.629958132298016,0.0
SC_PR,a3a38f4affed601eb87a97788c949667,16,-13.375,10.88653602697693,11.3125,8.730931603595728,0.0625
SC_PR,aaed1309374718fdd995ee4c58c9dfcd,6,-17.833333333333332,6.853223086013373,9.833333333333334,4.535048695071164,0.0
SC_PR,aafe36600ce604f205b86b5084d3d767,13,-13.692307692307692,7.134243891081654,10.0,4.527692569068709,0.0
SC_PR,b8bc237ba3788b23da09c0f1f3a3288c,6,-15.333333333333334,8.01664934163062,9.0,4.0,0.0
SC_PR,c33847515fa6305ce6feb1e818569f13,5,-16.6,6.767569726275452,4.4,1.816590212458495,0.0
SC_PR,dfa0c4c6229ab200a4a1336b4d7128ff,5,-14.6,5.458937625582473,8.6,2.5099800796022262,0.0
SC_PR,ef990a83bbea832f36ebe81376335aa8,5,-13.2,0.8366600265340752,12.6,4.159326868617084,0.0
SC_RJ,04308b1ee57b6625f47df1d56f00eedf,6,-5.666666666666667,22.914333214533357,27.5,19.937402037376884,0.16666666666666666
SC_RJ,1a3df491d1c4f1589fc2b934ada68bf2,26,-10.73076923076923,6.563887216018827,17.5,6.500769185258003,0.038461538461538464
SC_RJ,1b4c3a6f53068f0b6944d2d005c9fc89,11,-6.909090909090909,17.30002627428378,20.181818181818183,17.273205734999983,0.09090909090909091
SC_RJ,1ce3ae5a399804d1a87e706f8a813c3e,8,-14.625,7.558108228915487,16.875,8.526220063511648,0.0
SC_RJ,4917cee8d902e13428c3ec4b1ca6f315,6,-4.0,8.94427190999916,26.166666666666668,9.217736526212207,0.16666666666666666
SC_RJ,609e1a9a6c2539919b8205cf7c4e6ff0,8,-22.75,11.080871549012482,12.125,3.943801646707328,0.0
SC_RJ,669ae81880e08f269a64487cfb287169,23,-12.869565217391305,12.065368727463088,13.869565217391305,9.555124031477405,0.08695652173913043
SC_RJ,7008613ea464bad5cb9b83456e1e6a8f,21,-12.333333333333334,10.061477691340041,16.428571428571427,8.68084920138248,0.14285714285714285
SC_RJ,712e6ed8aa4aa1fa65dab41fed5737e4,14,-9.785714285714286,21.923568531214464,24.642857142857142,21.168216896881194,0.21428571428571427
SC_RJ,7178f9f4dd81dcef02f62acdf8151e01,27,-18.48148148148148,8.054479739538978,16.074074074074073,7.200031655517622,0.0
SC_RJ,86ccac0b835037332a596a33b6949ee1,22,-13.0,10.263202878893768,14.909090909090908,9.821788659278536,0.13636363636363635
SC_RJ,8ae520247981aa06bc94abddf5f46d34,8,-17.25,17.334935823359714,12.625,7.424621202458749,0.0
SC_RJ,8c16d1f32a54d92897cc437244442e1b,12,-13.75,4.371914496377573,10.333333333333334,4.696871944241833,0.0
SC_RJ,8cbac7e12637ed9cffa18c7875207478,10,-8.1,10.887811738106258,19.5,12.057731498457281,0.1
SC_RJ,972d0f9cf61b499a4812cf0bfa3ad3c4,10,-12.8,15.760710643876438,18.5,9.03388682191177,0.1
SC_RJ,9de4643a8dbde634fe55621059d92273,8,-8.375,12.385907891055636,18.625,12.749649855136077,0.125
SC_RJ,a3a38f4affed601eb87a97788c949667,48,-13.8125,8.278802076978723,13.75,7.667283354784354,0.020833333333333332
SC_RJ,aaed1309374718fdd995ee4c58c9dfcd,11,-17.0,9.316651759081692,13.909090909090908,4.482288376589473,0.0
SC_RJ,aafe36600ce604f205b86b5084d3d767,15,-13.466666666666667,14.126301035741129,13.866666666666667,11.02507963474101,0.06666666666666667
SC_RJ,c33847515fa6305ce6feb1e818569f13,17,-18.470588235294116,12.304052417084094,12.0,6.689544080129826,0.058823529411764705
SC_RJ,ccb83a794700270fde70898fe9ff368b,5,-0.8,16.146206984923733,24.8,16.422545478700922,0.4
SC_RJ,ce248b21cb2adc36282ede306b7660e5,8,-6.75,9.70640436589604,18.875,11.544169833420554,0.25
SC_RJ,eeb6de78f79159600292e314a77cbd18,7,-13.857142857142858,9.856107606091623,13.285714285714286,6.047431568147636,0.14285714285714285
SC_RJ,ef990a83bbea832f36ebe81376335aa8,6,-3.0,12.165525060596439,17.0,12.96148139681572,0.3333333333333333
SC_RJ,fa1a9dec3a9940c072684a46728bf1fc,10,-16.9,12.3868209534704,15.9,4.383048152953731,0.0
SC_RS,1a3df491d1c4f1589fc2b934ada68bf2,10,-13.3,3.973523485382827,11.6,3.238655413730965,0.0
SC_RS,1b4c3a6f53068f0b6944d2d005c9fc89,6,-17.0,5.059644256269407,10.166666666666666,3.1885210782848317,0.0
SC_RS,2a6fbeaa7ab9e5d59a35841a8da71ce4,6,-10.166666666666666,5.52871293039046,14.666666666666666,4.589843860815602,0.0
SC_RS,32b8764b4ef628b53608fc34011fcc13,5,-5.6,5.856620185738529,15.0,7.035623639735145,0.2
SC_RS,609e1a9a6c2539919b8205cf7c4e6ff0,10,-10.7,14.322088612427386,15.0,8.755950357709132,0.1
SC_RS,669ae81880e08f269a64487cfb287169,11,-11.454545454545455,7.019453488180349,12.0,5.329165037789691,0.09090909090909091
SC_RS,7008613ea464bad5cb9b83456e1e6a8f,11,-14.727272727272727,11.832927863305082,13.363636363636363,5.352994064497499,0.0
SC_RS,712e6ed8aa4aa1fa65dab41fed5737e4,6,-12.166666666666666,6.242328625334192,17.833333333333332,8.998147957589198,0.0
SC_RS,7178f9f4dd81dcef02f62acdf8151e01,15,-15.8,11.657002800279079,16.8,10.81136967667438,0.13333333333333333
SC_RS,86ccac0b835037332a596a33b6949ee1,12,-12.666666666666666,5.348463387372172,11.333333333333334,5.158106300383951,0.0
SC_RS,8ae520247981aa06bc94abddf5f46d34,6,-15.833333333333334,7.808115436305144,10.333333333333334,7.201851613763412,0.0
SC_RS,8c16d1f32a54d92897cc437244442e1b,13,-14.384615384615385,5.424304280096842,10.846153846153847,4.651991577918606,0.0
SC_RS,8cbac7e12637ed9cffa18c7875207478,6,-9.666666666666666,4.0824829046386295,14.166666666666666,5.671566509057852,0.0
SC_RS,9de4643a8dbde634fe55621059d92273,5,-10.2,2.588435821108957,12.2,2.16794833886788,0.0
SC_RS,a3a38f4affed601eb87a97788c949667,27,-14.62962962962963,7.519963932749781,10.703703703703704,5.275595590254131,0.037037037037037035
SC_RS,aaed1309374718fdd995ee4c58c9dfcd,8,-15.75,5.338539126015656,11.125,5.249149590988185,0.0
SC_RS,aafe36600ce604f205b86b5084d3d767,20,-13.4,7.365638572381037,11.3,4.143479341402776,0.05
SC_RS,b8bc237ba3788b23da09c0f1f3a3288c,8,-12.625,6.75991335531962,13.625,6.5451727031672515,0.125
SC_RS,c33847515fa6305ce6feb1e818569f13,7,-12.428571428571429,6.803360514166091,8.857142857142858,3.023715784073818,0.0
SC_RS,ce248b21cb2adc36282ede306b7660e5,7,-11.428571428571429,1.618347187425374,10.857142857142858,2.410295378065479,0.0
SC_RS,dfa0c4c6229ab200a4a1336b4d7128ff,6,-16.0,10.256705123966467,8.833333333333334,2.6394443859772205,0.0
SC_RS,eeb6de78f79159600292e314a77cbd18,9,-13.333333333333334,4.5,11.88888888888889,4.986091767217197,0.0
SC_SC,04308b1ee57b6625f47df1d56f00eedf,5,-9.4,7.092249290598858,10.2,5.974947698515862,0.0
SC_SC,1a3df491d1c4f1589fc2b934ada68bf2,14,-10.928571428571429,8.315548788164955,9.5,7.84219357067906,0.07142857142857142
SC_SC,1b4c3a6f53068f0b6944d2d005c9fc89,6,-13.166666666666666,5.154286242213045,8.666666666666666,3.3862466931200785,0.0
SC_SC,669ae81880e08f269a64487cfb287169,11,-11.181818181818182,8.256127201275206,10.636363636363637,6.815757144627841,0.09090909090909091
SC_SC,7008613ea464bad5cb9b83456e1e6a8f,10,-13.1,3.1073389830457114,8.4,4.623610902506587,0.0
SC_SC,7178f9f4dd81dcef02f62acdf8151e01,13,-7.076923076923077,10.09506099091315,19.307692307692307,8.711913446392582,0.15384615384615385
SC_SC,8603f0038fe0e52fedd3382d266723de,5,-13.8,4.207136793592526,13.6,2.073644135332772,0.0
SC_SC,86ccac0b835037332a596a33b6949ee1,13,-11.76923076923077,2.8033862307884654,7.846153846153846,3.3626912299068294,0.0
SC_SC,8ae520247981aa06bc94abddf5f46d34,5,-11.4,5.128352561983234,5.4,2.5099800796022267,0.0
SC_SC,8c16d1f32a54d92897cc437244442e1b,10,-12.9,4.0400770069668495,5.8,2.2997584414213783,0.0
SC_SC,8cbac7e12637ed9cffa18c7875207478,5,-8.0,8.774964387392123,9.2,6.340346993658944,0.2
SC_SC,9de4643a8dbde634fe55621059d92273,6,-12.833333333333334,5.269408568963567,7.333333333333333,5.240865068542279,0.0
SC_SC,a3a38f4affed601eb87a97788c949667,11,-7.090909090909091,6.670150604814639,8.454545454545455,6.71362251491155,0.09090909090909091
SC_SC,aaed1309374718fdd995ee4c58c9dfcd,6,-20.5,10.747092630102339,6.5,2.345207879911715,0.0
SC_SC,aafe36600ce604f205b86b5084d3d767,11,-10.363636363636363,4.884111531747147,6.0,2.449489742783178,0.0
SC_SC,c33847515fa6305ce6feb1e818569f13,7,-7.428571428571429,4.894116973712515,4.428571428571429,1.7182493859684491,0.0
SC_SC,dfa0c4c6229ab200a4a1336b4d7128ff,5,-0.2,12.891857895586655,11.2,11.7983049630021,0.2
SC_SC,eeb6de78f79159600292e314a77cbd18,11,-20.272727272727273,6.182085555715144,6.0,3.0,0.0
SC_SP,04308b1ee57b6625f47df1d56f00eedf,30,-12.3,9.188260876304856,16.066666666666666,7.229886884856229,0.13333333333333333
SC_SP,1a3df491d1c4f1589fc2b934ada68bf2,48,-13.479166666666666,6.584926640840292,13.916666666666666,5.756895341382473,0.041666666666666664
SC_SP,1b4c3a6f53068f0b6944d2d005c9fc89,42,-12.880952380952381,5.473672601989881,12.261904761904763,5.729936465018397,0.0
SC_SP,1ce3ae5a399804d1a87e706f8a813c3e,16,-19.9375,9.398359785976842,10.75,6.027713773341708,0.0
SC_SP,2a6fbeaa7ab9e5d59a35841a8da71ce4,10,-15.9,5.801340841181076,11.6,5.232377832092956,0.0
SC_SP,2be17df1c49978426251562096c3cc09,7,-16.571428571428573,5.740416444159862,11.142857142857142,2.2677868380553634,0.0
SC_SP,32b8764b4ef628b53608fc34011fcc13,13,-15.692307692307692,7.040177736684107,9.384615384615385,3.7313639494261244,0.0
SC_SP,4917cee8d902e13428c3ec4b1ca6f315,15,-11.133333333333333,5.083118652765764,14.933333333333334,5.981718179666473,0.0
SC_SP,54c04bdb5ec46762f8f08c7e8f86ed4a,6,-16.5,6.348228099241551,8.0,4.381780460041329,0.0
SC_SP,57e632711dec9ec14ca7546769483e7e,25,-15.76,6.647555941848101,10.92,5.6783213481920285,0.0
SC_SP,609e1a9a6c2539919b8205cf7c4e6ff0,40,-18.125,7.43928415359628,9.4,3.9013475646900297,0.0
SC_SP,669ae81880e08f269a64487cfb287169,67,-13.970149253731343,8.247993602218317,10.850746268656716,7.408540794743066,0.04477611940298507
SC_SP,7008613ea464bad5cb9b83456e1e6a8f,50,-14.1,9.348687564769369,14.2,7.653197277702215,0.06
SC_SP,712e6ed8aa4aa1fa65dab41fed5737e4,18,-10.055555555555555,17.260877975836916,21.833333333333332,18.411153908304993,0.2222222222222222
SC_SP,7178f9f4dd81dcef02f62acdf8151e01,76,-19.513157894736842,6.892495283137317,13.763157894736842,6.738681218265449,0.02631578947368421
SC_SP,7f152321c60a266edc53af1925ef96c1,7,-15.857142857142858,4.947341758580103,9.857142857142858,2.3401261667248794,0.0
SC_SP,83deb69e889cf80f82be1dc6d5f2d486,16,-11.75,4.73990154609425,13.8125,3.3109666262286606,0.0
SC_SP,86ccac0b835037332a596a33b6949ee1,71,-14.112676056338028,6.417719434224162,11.746478873239436,6.253498015075026,0.014084507042253521
SC_SP,888faa8bfb0b159c37de6d898b961c31,9,-13.88888888888889,5.325515102890153,6.888888888888889,2.204792759220492,0.0
SC_SP,8ae520247981aa06bc94abddf5f46d34,22,-16.181818181818183,8.015677279624116,11.363636363636363,6.986691120541455,0.0
SC_SP,8c16d1f32a54d92897cc437244442e1b,41,-15.634146341463415,7.624815071727889,10.365853658536585,5.271413935373391,0.0
SC_SP,8cbac7e12637ed9cffa18c7875207478,25,-17.2,9.433981132056605,10.48,3.203123475609394,0.0
SC_SP,8ed8ea9a57c862f2c18c2fe41f601d56,9,-16.22222222222222,3.80058475033046,7.444444444444445,1.5898986690282426,0.0
SC_SP,972d0f9cf61b499a4812cf0bfa3ad3c4,33,-9.0,9.086390922693125,17.96969696969697,8.942471863545506,0.12121212121212122
SC_SP,9bcdfa7b615b3abb9461d9e3ad9886ae,5,-13.4,4.449719092257398,9.6,4.219004621945797,0.0
SC_SP,9de4643a8dbde634fe55621059d92273,26,-11.923076923076923,4.603677459797347,13.115384615384615,3.8191823530899707,0.0
SC_SP,a3a38f4affed601eb87a97788c949667,86,-15.813953488372093,8.306640331554702,10.267441860465116,4.407011575432017,0.023255813953488372
SC_SP,a478c7961d6a992065b24e63b366f90b,5,-15.4,1.816590212458495,10.0,2.8284271247461903,0.0
SC_SP,aaed1309374718fdd995ee4c58c9dfcd,36,-15.5,8.913873616848225,11.63888888888889,6.924708463291961,0.08333333333333333
SC_SP,aafe36600ce604f205b86b5084d3d767,41,-13.902439024390244,7.780761139017121,11.682926829268293,6.072227862943897,0.024390243902439025
SC_SP,ad97a199236354e53fcd91a5a913e9a2,5,-11.8,11.454256850621082,14.8,7.328028384224504,0.2
SC_SP,b8bc237ba3788b23da09c0f1f3a3288c,18,-15.11111111111111,4.861479911313485,11.0,4.20084025208403,0.0
SC_SP,baa49d93c8c8841e27400a300f5d74b2,5,-9.6,7.469939758793239,13.2,8.5848704125339,0.0
SC_SP,c33847515fa6305ce6feb1e818569f13,52,-16.46153846153846,8.603377217553076,8.192307692307692,2.8699829987776937,0.038461538461538464
SC_SP,c731d18cea9bf687ffee82a241c25b11,8,-17.375,5.50162313711664,7.125,2.4748737341529163,0.0
SC_SP,ce248b21cb2adc36282ede306b7660e5,30,-12.866666666666667,9.601484559542156,13.366666666666667,8.143045830787079,0.03333333333333333
SC_SP,d25aa0aaacb370e912f8cf6efeba38b3,7,-15.714285714285714,11.071198154284321,8.428571428571429,3.9096949095440023,0.14285714285714285
SC_SP,df0f42bc4c2142eacf0eaf2cffd0cfbb,7,-10.857142857142858,5.1455019654248,13.428571428571429,5.1269595556932455,0.0
SC_SP,dfa0c4c6229ab200a4a1336b4d7128ff,34,-14.617647058823529,6.228063106092933,8.058823529411764,3.1328288743232093,0.0
SC_SP,eeb6de78f79159600292e314a77cbd18,24,-17.75,8.07168965663593,9.25,2.9818290272626435,0.0
SC_SP,ef990a83bbea832f36ebe81376335aa8,17,-8.705882352941176,9.046855157196566,16.470588235294116,7.890798811422893,0.23529411764705882
SC_SP,f5f46307a4d15880ca14fab4ad9dfc9b,7,-9.857142857142858,8.571825387640049,14.428571428571429,9.289010404005062,0.14285714285714285
SC_SP,fa1a9dec3a9940c072684a46728bf1fc,23,-15.130434782608695,9.817907330374743,15.26086956521739,5.593969084521032,0.0
SP_AL,1025f0e2d44d7041d6cf58b6550e0bfa,6,-12.5,7.867655305108378,23.333333333333332,8.57126983980009,0.0
SP_AL,1f50f920176fa81dab994f9023523100,6,-10.5,8.96102672688794,24.666666666666668,8.04155872120988,0.16666666666666666
SP_AL,4869f7a5dfa277a7dca6462dcf3b52b2,6,-5.666666666666667,11.500724614852174,26.166666666666668,10.628577828979127,0.5
SP_AL,4a3ca9315b744ce9f8e9374361493884,5,-6.8,15.833508770957875,26.2,14.906374475371265,0.4
SP_AL,6560211a19b47992c3666cc44a7e94c0,6,-6.5,15.488705562441298,24.333333333333332,15.383974345619102,0.3333333333333333
SP_AL,7e93a43ef30c4f03f38b393420bc753a,7,-5.285714285714286,8.92028186614238,24.142857142857142,10.976164652381563,0.2857142857142857
SP_AL,8b321bb669392f5163d04c59e235e066,6,-10.666666666666666,11.724617975297388,20.833333333333332,9.96828303504002,0.16666666666666666
SP_AL,cc419e0650a3c5ba77189a1882b7556a,13,-5.153846153846154,11.47349230361121,28.23076923076923,10.568458151135752,0.38461538461538464
SP_AL,fa1c13f2614d7b5c4749cbc52fecda94,7,-7.857142857142857,14.735767952260145,22.428571428571427,14.466710555123242,0.14285714285714285
SP_BA,004c9cd9d87a3c30c522c48c4fc07416,7,-6.714285714285714,8.499299691038976,22.428571428571427,6.051367417290709,0.2857142857142857
SP_BA,08633c14ef2db992c11f840f04fad4cd,8,-12.875,6.998724373565718,14.0,6.782329983125267,0.125
SP_BA,0db783cfcd3b73998abc6e10e59a102f,6,-21.0,4.381780460041329,13.0,5.176871642217914,0.0
SP_BA,1025f0e2d44d7041d6cf58b6550e0bfa,24,-8.875,11.089801425281426,19.666666666666668,9.448564034753671,0.125
SP_BA,11bfa66332777660bd0640ee84d47006,6,-4.5,12.11197754291181,27.166666666666668,9.968283035040018,0.3333333333333333
SP_BA,1336efc61c316ddf92c899eb817f7cae,6,-8.666666666666666,11.272385136547928,21.5,11.844830095868831,0.16666666666666666
SP_BA,16090f2ca825584b5a147ab24aa30c86,14,-3.142857142857143,16.974447505938688,23.857142857142858,17.217420260874174,0.2857142857142857
SP_BA,17a053fcb14bd219540cbde0df490be0,5,-13.8,5.215361924162119,15.2,4.658325879540846,0.0
SP_BA,17e34d8224d27a541263c4c64b11a56b,14,-11.214285714285714,12.49725244529047,19.5,9.46044396421225,0.14285714285714285
SP_BA,1900267e848ceeba8fa32d80c1a5f5a8,6,-10.166666666666666,8.40039681602403,20.0,9.674709297958259,0.16666666666666666
SP_BA,1c129092bf23f28a5930387c980c0dfc,6,-13.333333333333334,6.282250127674532,14.833333333333334,7.859177225808479,0.0
SP_BA,1da3aeb70d7989d1e6d9b0e887f97c23,7,-15.142857142857142,3.4364987719368982,11.428571428571429,2.4397501823713332,0.0
SP_BA,1f50f920176fa81dab994f9023523100,53,-8.943396226415095,9.95647275807518,21.867924528301888,8.566566801433655,0.1320754716981132
SP_BA,2138ccb85b11a4ec1e37afbd1c8eda1f,17,-16.41176470588235,14.013648808971077,16.823529411764707,8.952899628874764,0.058823529411764705
SP_BA,218d46b86c1881d022bce9c68a7d4b15,10,-7.9,20.754919095642524,22.8,21.107134128325217,0.2
SP_BA,289cdb325fb7e7f891c38608bf9e0962,5,-11.6,6.2289646009589745,9.4,2.701851217221259,0.0
SP_BA,2e1c9f22be269ef4643f826c9e650a52,7,-10.142857142857142,8.254868693253524,17.285714285714285,5.3452248382484875,0.14285714285714285
SP_BA,2e90cb1677d35cfe24eef47d441b7c87,8,-6.5,9.710083124552245,19.375,9.898592973607052,0.25
SP_BA,34056b8b55c1775a22af2331670a799c,6,-10.833333333333334,8.931218655181759,18.833333333333332,13.257702163899546,0.16666666666666666
SP_BA,37515688008a7a40ac93e3b2e4ab203f,7,-9.714285714285714,8.479667558622914,20.714285714285715,6.210590034081188,0.14285714285714285
SP_BA,37be5a7c751166fbc5f8ccba4119e043,13,-15.615384615384615,8.026398751811234,16.384615384615383,5.993586315644159,0.07692307692307693
SP_BA,391fc6631aebcf3004804e51b40bcf1e,9,-10.88888888888889,14.012890890573262,21.88888888888889,14.27799394561824,0.1111111111111111
SP_BA,3be634553519fb6536a03e1358e9fdc7,6,-8.666666666666666,8.687155268939692,18.166666666666668,6.911343333004567,0.16666666666666666
SP_BA,3d871de0142ce09b7081e2b9d1733cb1,32,-11.09375,8.07768481283368,22.15625,10.10624008767244,0.09375
SP_BA,3df020b72d3d44b3af9d110fa3940b65,5,-12.8,2.9495762407505253,17.2,3.5637059362410923,0.0
SP_BA,3fd1e727ba94cfe122d165e176ce7967,5,-5.2,14.956603892595403,24.8,11.7983049630021,0.4
SP_BA,4371b634e0efc0e22b09b52907d9d469,6,-4.666666666666667,7.8655366420014,23.166666666666668,8.818541073594128,0.5
SP_BA,440dd6ab244315c632130ecfb63827b1,5,-7.6,11.458621208504974,22.0,8.154753215150045,0.2
SP_BA,4830e40640734fc1c52cd21127c341d4,5,-6.8,8.64291617453276,21.2,5.674504383644443,0.2
SP_BA,48436dade18ac8b2bce089ec2a041202,8,-8.375,8.314144574157945,18.5,8.652002245558126,0.125
SP_BA,4869f7a5dfa277a7dca6462dcf3b52b2,27,-9.333333333333334,9.265319953792954,22.11111111111111,8.545504141104901,0.1111111111111111
SP_BA,4a3ca9315b744ce9f8e9374361493884,40,-8.95,10.556198810809377,20.5,8.536497810682954,0.125
SP_BA,4d6d651bd7684af3fffabd5f08d12e5a,8,-9.25,6.798108980759702,19.375,5.0124844139408555,0.125
SP_BA,4e922959ae960d389249c378d1c939f5,17,-17.647058823529413,10.43995436095501,18.352941176470587,9.205576954152496,0.058823529411764705
SP_BA,53e4c6e0f4312d4d2107a8c9cddf45cd,5,-12.4,8.384509526501834,23.0,7.000000000000001,0.0
SP_BA,54a1852d1b8f10312c55e906355666ee,7,-14.285714285714286,8.59678788296896,15.714285714285714,5.0896720822428145,0.0
SP_BA,562fc2f2c2863ab7e79a9e4388a58a14,17,-12.588235294117647,7.714100915931582,14.882352941176471,8.214943342327265,0.058823529411764705
SP_BA,59fb871bf6f4522a87ba567b42dafecf,10,-14.5,12.420860589257806,19.0,9.345230512584124,0.2
SP_BA,5c243662ce92d84573bfaff24c3e3700,6,-16.0,10.019980039900279,18.666666666666668,10.782702196883054,0.0
SP_BA,5d0363b33554b373851fc1622e4d5f3c,6,-6.666666666666667,14.179797835888447,27.166666666666668,12.22156563892968,0.16666666666666666
SP_BA,5dceca129747e92ff8ef7a997dc4f8ca,12,-8.0,18.4341580176091,20.666666666666668,18.267374460960983,0.16666666666666666
SP_BA,6560211a19b47992c3666cc44a7e94c0,82,-12.012195121951219,9.35116537589745,16.695121951219512,9.579671151331882,0.0975609756097561
SP_BA,6a8b085f816a1f75f92dbac6eb545f8f,7,-11.571428571428571,8.263517065131184,17.142857142857142,8.933617621631441,0.14285714285714285
SP_BA,6c7d50c24b3ccd2fd83b44d8bb34e073,7,-8.142857142857142,10.605479266689954,20.285714285714285,10.641338977689568,0.14285714285714285
SP_BA,6d66611d7c44cc30ce351abc49a68421,12,-16.0,8.079153871088684,15.416666666666666,5.5833898685514,0.08333333333333333
SP_BA,6edacfd9f9074789dad6d62ba7950b9c,6,-13.166666666666666,11.338724208069737,17.666666666666668,11.183320914051722,0.16666666666666666
SP_BA,6f892e20a171e98efe17fdb971ff319b,6,-7.166666666666667,7.359800721939873,24.5,5.357238094391549,0.16666666666666666
SP_BA,7040e82f899a04d1b434b795a43b4617,9,-10.666666666666666,11.895377253370318,19.333333333333332,7.280109889280518,0.2222222222222222
SP_BA,70a12e78e608ac31179aea7f8422044b,12,-8.166666666666666,11.08507049498504,23.583333333333332,11.781791292524497,0.25
SP_BA,7142540dd4c91e2237acb7e911c4eba2,20,-11.95,8.999853799982121,18.3,7.42045536976922,0.2
SP_BA,7681ef142fd2c19048da7430856b5588,5,-5.2,18.566098136118963,28.0,23.947860029656095,0.2
SP_BA,7a67c85e85bb2ce8582c35f2203ad736,51,-13.705882352941176,7.4894435511513375,15.647058823529411,5.884975885801962,0.0392156862745098
SP_BA,7aa4334be125fcdd2ba64b3180029f14,8,-7.375,4.897156609415597,23.875,5.540435774506241,0.0
SP_BA,7b07b3c7487f0ea825fc6df75abd658b,5,-13.0,9.354143466934854,15.4,5.029910535983716,0.2
SP_BA,7c67e1448b00f6e969d365cea6b010ab,51,-11.862745098039216,13.08131431904782,28.627450980392158,12.198296248761507,0.13725490196078433
SP_BA,7d13fca15225358621be4086e1eb0964,27,-8.037037037037036,14.616854027198249,24.74074074074074,13.400897193249625,0.2222222222222222
SP_BA,7d76b645482be4a332374e8223836592,7,-6.0,11.357816691600547,20.714285714285715,11.412190641506793,0.2857142857142857
SP_BA,7ddcbb64b5bc1ef36ca8c151f6ec77df,11,-9.363636363636363,5.1043653331776175,18.454545454545453,4.740540820700448,0.0
SP_BA,7e1fb0a3ebfb01ffb3a7dae98bf3238d,12,-12.166666666666666,12.364416196440006,21.5,10.57011223815872,0.25
SP_BA,7e93a43ef30c4f03f38b393420bc753a,12,-13.166666666666666,8.653253022926574,16.666666666666668,6.800178250783154,0.08333333333333333
SP_BA,8160255418d5aaa7dbdc9f4c64ebda44,11,-8.636363636363637,11.876638642921888,19.545454545454547,9.309818863583075,0.18181818181818182
SP_BA,855668e0971d4dfd7bef1b6a4133b41b,12,-3.25,15.021953631571726,26.166666666666668,12.156803806423742,0.3333333333333333
SP_BA,8581055ce74af1daba164fdbd55a40de,10,-13.3,8.206366092518932,18.9,5.087020520675908,0.1
SP_BA,897060da8b9a21f655304d50fd935913,11,-14.909090909090908,10.173048171069922,16.545454545454547,7.076208537962069,0.18181818181818182
SP_BA,8b321bb669392f5163d04c59e235e066,41,-10.341463414634147,10.631579741735377,19.0,6.618156843109718,0.12195121951219512
SP_BA,8d956fec2e4337affcb520f56fd8cbfd,10,-12.8,8.676917015212771,15.0,7.3181661333667165,0.1
SP_BA,92eb0f42c21942b6552362b9b114707d,10,-6.3,7.024560089033651,25.1,5.685263601823771,0.2
SP_BA,955fee9216a65b617aa5c0531780ce60,45,-8.71111111111111,14.537759959720912,19.711111111111112,11.911839454589673,0.17777777777777778
SP_BA,9f505651f4a6abe901a56cdc21508025,8,-11.75,10.76701311546389,17.5,8.017837257372731,0.0
SP_BA,a416b6a846a11724393025641d4edd5e,12,-9.333333333333334,11.404411692875966,20.083333333333332,9.070013865212749,0.16666666666666666
SP_BA,b14db04aa7881970e83ffa9426897925,5,-7.8,20.7533129885327,25.2,13.21741275741966,0.4
SP_BA,b2ba3715d723d245138f291a6fe42594,9,-8.555555555555555,13.830320957149828,23.88888888888889,9.04771303209331,0.2222222222222222
SP_BA,b33e7c55446eabf8fe1a42d037ac7d6d,10,-10.9,7.894442489639292,21.2,6.941021378570864,0.1
SP_BA,b499c00f28f4b7069ff6550af8c1348a,8,-5.0,20.396078054371138,24.25,16.006695027840248,0.25
SP_BA,b4ffb71f0cb1b1c3d63fad021ecf93e1,5,-11.6,3.847076812334269,16.8,4.868264577855234,0.0
SP_BA,b56906f7fd1696e043f1bcce164c487b,5,-12.6,7.127411872482185,17.6,4.560701700396551,0.0
SP_BA,b76dba6c951ab00dc4edf0a1aa88037e,10,-9.4,18.649992552873105,18.9,16.589487970130698,0.1
SP_BA,c003204e1ab016dfa150abc119207b24,5,-16.0,4.636809247747852,11.4,5.224940191045253,0.0
SP_BA,c31eff8334d6b3047ed34bebd4d62c36,7,-12.571428571428571,4.27617987059879,17.0,4.864839839775475,0.0
SP_BA,c3867b4666c7d76867627c2f7fb22e21,10,-9.5,11.217545780309226,23.5,8.475454756727412,0.2
SP_BA,c68fb906c8f4b4b946d8386bfa6e5467,5,-7.4,5.224940191045253,17.6,3.847076812334269,0.0
SP_BA,c826c40d7b19f62a09e2d7c5e7295ee2,6,-10.5,8.916277250063503,15.666666666666666,5.573747990954262,0.16666666666666666
SP_BA,c9aafcd0621b2207c10e32c649cada4d,5,-17.4,4.098780306383839,14.0,2.9154759474226504,0.0
SP_BA,cab85505710c7cb9b720bceb52b01cee,7,-22.857142857142858,8.454359258760565,15.142857142857142,7.537209285241044,0.0
SP_BA,cc419e0650a3c5ba77189a1882b7556a,57,-13.175438596491228,9.481415670023617,19.350877192982455,7.635657021197548,0.14035087719298245
SP_BA,cca3071e3e9bb7d12640c9fbe2301306,14,-14.0,11.54256337347858,22.0,5.683985600588052,0.0
SP_BA,cd68562d3f44870c08922d380acae552,7,-9.571428571428571,12.218253323847655,22.0,10.503967504392486,0.14285714285714285
SP_BA,ce27a3cc3c8cc1ea79d11e561e9bebb6,5,-12.6,4.39317652729776,15.0,7.0,0.0
SP_BA,ceaec5548eefc6e23e6607c5435102e7,8,-9.0,14.890073395194724,23.875,9.991961054482033,0.125
SP_BA,cfb1a033743668a192316f3c6d1d2671,5,-5.6,9.20869154657707,24.0,6.4031242374328485,0.4
SP_BA,d1c281d3ae149232351cd8c8cc885f0d,6,-8.833333333333334,8.376554582086042,22.166666666666668,6.554896388705672,0.3333333333333333
SP_BA,d2374cbcbb3ca4ab1086534108cc3ab7,12,-10.916666666666666,10.439943689619415,20.333333333333332,7.559862111937965,0.16666666666666666
SP_BA,d50d79cb34e38265a8649c383dcffd48,5,-18.4,16.07171428317465,17.4,7.436396977031283,0.0
SP_BA,d673a59aac7a70d8b01e6902bf090a11,6,-15.166666666666666,9.600347215943113,18.666666666666668,10.538817137927133,0.0
SP_BA,d91fb3b7d041e83b64a00a3edfb37e4f,28,-16.5,7.320696182235171,16.892857142857142,5.93382822976175,0.03571428571428571
SP_BA,da8622b14eb17ae2831f4ac5b9dab84a,29,-8.206896551724139,10.472342180186638,23.24137931034483,9.447808409564745,0.1724137931034483
SP_BA,db4350fd57ae30082dec7acbaacc17f9,7,-22.571428571428573,7.43543638838463,13.714285714285714,6.210590034081188,0.0
SP_BA,dbb9b48c841a0e39e21f98e1a6b2ec3e,6,-14.5,7.341661937191061,16.666666666666668,7.580677190506576,0.0
SP_BA,dee656f0f566ed1aa85bd137c943f08f,5,-14.6,11.326958991715296,16.8,7.9498427657407165,0.0
SP_BA,e5a3438891c0bfdb9394643f95273d8e,8,-5.75,10.660340385881549,23.0,8.799350625391138,0.25
SP_BA,e9779976487b77c6d4ac45f75ec7afe9,18,-6.222222222222222,19.797669368344867,23.444444444444443,19.076385840405568,0.2222222222222222
SP_BA,ea8482cd71df3c1969d7b9473ff13abc,55,-5.890909090909091,17.822865803639587,22.963636363636365,16.82806698298525,0.18181818181818182
SP_BA,ebd2d60905fb58271facef5596b620d3,5,12.6,67.89918998044085,45.4,68.6134097680621,0.2
SP_BA,ececbfcff9804a2d6b40f589df8eef2b,9,-6.444444444444445,13.087313619600387,22.88888888888889,12.956122533810458,0.3333333333333333
SP_BA,ef506c96320abeedfb894c34db06f478,18,-8.666666666666666,10.50490081706965,21.944444444444443,9.452495607119548,0.16666666666666666
SP_BA,f262cbc1c910c83959f849465454ddd3,6,-7.833333333333333,7.5210814825174355,18.5,5.958187643906492,0.16666666666666666
SP_BA,f45122a9ab94eb4f3f8953578bc0c560,8,-6.5,11.698595764327566,23.625,11.173150214433068,0.25
SP_BA,f5a590cf36251cf1162ea35bef76fe84,9,-12.0,6.2048368229954285,17.0,9.137833441248533,0.0
SP_BA,f7ba60f8c3f99e7ee4042fdef03b70c4,10,-11.1,7.046669820245273,16.0,6.0,0.0
SP_BA,f8db351d8c4c4c22c6835c19a46f01b0,14,-12.714285714285714,6.169759644097496,17.642857142857142,6.109351506025482,0.0
SP_BA,fa1c13f2614d7b5c4749cbc52fecda94,20,-11.55,8.23647216253479,18.0,6.000000000000001,0.05
SP_BA,fa40cc5b934574b62717c68f3d678b6d,6,-7.833333333333333,11.47896627169305,20.166666666666668,7.859177225808481,0.16666666666666666
SP_CE,1025f0e2d44d7041d6cf58b6550e0bfa,13,-10.692307692307692,10.160254388093303,17.46153846153846,7.298577311314224,0.07692307692307693
SP_CE,17e34d8224d27a541263c4c64b11a56b,7,-7.428571428571429,11.4288690437439,21.142857142857142,9.599107101332766,0.2857142857142857
SP_CE,1f50f920176fa81dab994f9023523100,19,-8.578947368421053,13.280377293308787,24.05263157894737,11.810888028568884,0.21052631578947367
SP_CE,2138ccb85b11a4ec1e37afbd1c8eda1f,8,-15.5,5.879747322073336,17.0,5.1823877563477305,0.0
SP_CE,218d46b86c1881d022bce9c68a7d4b15,5,-18.0,6.041522986797286,17.0,3.5355339059327378,0.0
SP_CE,3d871de0142ce09b7081e2b9d1733cb1,15,-6.333333333333333,24.476422085248455,28.066666666666666,24.569047503680217,0.2
SP_CE,4869f7a5dfa277a7dca6462dcf3b52b2,21,-14.761904761904763,12.295953651119389,21.666666666666668,9.313073248575538,0.09523809523809523
SP_CE,4a3ca9315b744ce9f8e9374361493884,14,-5.0,12.96148139681572,27.357142857142858,11.978231170670485,0.2857142857142857
SP_CE,4c2b230173bb36f9b240f2b8ac11786e,7,-8.0,17.01959654829299,23.142857142857142,12.902565267271097,0.14285714285714285
SP_CE,4e922959ae960d389249c378d1c939f5,5,-17.2,10.848963084092414,20.8,5.932958789676531,0.0
SP_CE,562fc2f2c2863ab7e79a9e4388a58a14,7,-18.714285714285715,6.343350474165465,16.571428571428573,7.184639700016112,0.0
SP_CE,6560211a19b47992c3666cc44a7e94c0,45,-11.0,10.655770950309252,17.377777777777776,8.754969728645266,0.08888888888888889
SP_CE,7040e82f899a04d1b434b795a43b4617,6,-5.666666666666667,13.6772316887105,23.166666666666668,12.528633870724558,0.3333333333333333
SP_CE,70a12e78e608ac31179aea7f8422044b,11,-15.545454545454545,5.768251665169202,17.454545454545453,4.946991739706796,0.0
SP_CE,7142540dd4c91e2237acb7e911c4eba2,7,-13.285714285714286,13.622460444847274,23.0,6.531972647421809,0.14285714285714285
SP_CE,7a67c85e85bb2ce8582c35f2203ad736,14,-17.428571428571427,6.465461917156253,15.142857142857142,4.521013209399022,0.0
SP_CE,7c67e1448b00f6e969d365cea6b010ab,16,-10.5625,11.535271995059329,30.25,12.767145334803704,0.1875
SP_CE,7d13fca15225358621be4086e1eb0964,10,-9.4,9.359487165438072,22.2,9.342852288722588,0.1
SP_CE,7ddcbb64b5bc1ef36ca8c151f6ec77df,6,-9.5,16.97939928266015,22.333333333333332,11.97775716345371,0.16666666666666666
SP_CE,7e1fb0a3ebfb01ffb3a7dae98bf3238d,8,-10.375,7.558108228915487,20.25,8.172252705693474,0.0
SP_CE,7e93a43ef30c4f03f38b393420bc753a,13,-15.307692307692308,7.867492351279148,17.23076923076923,7.485027790572392,0.07692307692307693
SP_CE,8b321bb669392f5163d04c59e235e066,18,-3.8333333333333335,10.393719823273372,24.5,10.826166558525745,0.2777777777777778
SP_CE,8d956fec2e4337affcb520f56fd8cbfd,5,-3.2,15.287249589118376,23.6,13.427583550289306,0.4
SP_CE,92eb0f42c21942b6552362b9b114707d,9,-4.444444444444445,21.237414573760567,28.77777777777778,18.91941977029012,0.2222222222222222
SP_CE,955fee9216a65b617aa5c0531780ce60,20,-9.7,19.211016576296444,22.95,17.76002311520544,0.15
SP_CE,b33e7c55446eabf8fe1a42d037ac7d6d,5,-7.2,6.260990336999411,25.4,5.813776741499453,0.2
SP_CE,bfd27a966d91cfaafdb25d076585f0da,5,-11.4,4.159326868617084,19.8,3.5637059362410923,0.0
SP_CE,c003204e1ab016dfa150abc119207b24,7,-10.714285714285714,6.129553700835695,15.571428571428571,5.623081683476385,0.0
SP_CE,c70c1b0d8ca86052f45a432a38b73958,5,1.0,24.879710609249457,27.8,24.71234509309062,0.2
SP_CE,cab85505710c7cb9b720bceb52b01cee,5,-16.8,13.198484761517134,17.2,6.797058187186572,0.0
SP_CE,cc419e0650a3c5ba77189a1882b7556a,48,-12.291666666666666,13.06930516854865,21.083333333333332,11.152393757611982,0.14583333333333334
SP_CE,da8622b14eb17ae2831f4ac5b9dab84a,6,-14.5,12.77106103657797,17.833333333333332,7.440878084384037,0.16666666666666666
SP_CE,e9d99831abad74458942f21e16f33f92,7,-2.5714285714285716,25.715476162920147,29.428571428571427,24.53471786983459,0.14285714285714285
SP_CE,ea8482cd71df3c1969d7b9473ff13abc,23,-1.7391304347826086,11.568835060801566,25.782608695652176,9.341775778916839,0.34782608695652173
SP_CE,ef506c96320abeedfb894c34db06f478,13,-17.307692307692307,6.600310792993203,15.23076923076923,4.603510366264824,0.0
SP_CE,f7ba60f8c3f99e7ee4042fdef03b70c4,18,-1.8333333333333333,22.194991485892118,28.61111111111111,18.992688651747603,0.3333333333333333
SP_CE,fa1c13f2614d7b5c4749cbc52fecda94,16,-14.4375,10.732932187120785,18.375,9.45074952935833,0.0625
SP_CE,fa40cc5b934574b62717c68f3d678b6d,10,-16.8,5.411920998027308,15.0,4.618802153517006,0.0
SP_CE,fe2032dab1a61af8794248c8196565c9,13,-15.538461538461538,12.26523124265896,17.846153846153847,8.839741265502381,0.15384615384615385
SP_DF,080199a181c46c657dc5aa235411be3b,15,-11.8,5.002856326996752,9.8,4.491261356392942,0.0
SP_DF,08633c14ef2db992c11f840f04fad4cd,5,-8.8,5.848076606885378,12.6,5.079370039680118,0.0
SP_DF,0adac9fbd9a2b63cccaac4f8756c1ca8,5,-9.8,6.099180272790763,16.2,4.43846820423443,0.0
SP_DF,1025f0e2d44d7041d6cf58b6550e0bfa,10,-10.6,7.834397090892047,12.2,5.672545969648706,0.1
SP_DF,16090f2ca825584b5a147ab24aa30c86,5,-9.4,11.013627921806693,16.4,8.848728722251575,0.4
SP_DF,1835b56ce799e6a4dc4eddc053f04066,5,-7.8,6.942621983083913,13.8,5.263078946776307,0.2
SP_DF,1900267e848ceeba8fa32d80c1a5f5a8,10,-8.8,7.927448797970532,15.8,8.323994767471257,0.1
SP_DF,1bb2bdb95f4841f1bba2c0d2cd83d3c9,5,-9.6,4.774934554525329,14.2,4.024922359499621,0.0
SP_DF,1f50f920176fa81dab994f9023523100,14,-10.142857142857142,8.094225319107661,16.5,5.906319952780698,0.14285714285714285
SP_DF,218d46b86c1881d022bce9c68a7d4b15,8,-12.625,3.5831949031954315,13.125,4.257346591481601,0.0
SP_DF,25e6ffe976bd75618accfe16cefcbd0d,5,-20.6,6.066300355241242,8.0,2.8284271247461903,0.0
SP_DF,2c9e548be18521d1c43cde1c582c6de8,5,-7.4,9.071934744033381,14.2,7.854934754662192,0.2
SP_DF,33a6f4b1e7cdc205511e76ba1b6e0186,5,-11.4,3.3615472627943217,13.8,7.049822692805827,0.0
SP_DF,37515688008a7a40ac93e3b2e4ab203f,7,-9.142857142857142,3.2877840272018797,13.571428571428571,3.5050983275386565,0.0
SP_DF,391fc6631aebcf3004804e51b40bcf1e,13,-12.307692307692308,8.127982687241808,14.307692307692308,7.227085804857254,0.07692307692307693
SP_DF,3d871de0142ce09b7081e2b9d1733cb1,16,-13.875,5.806605434043773,13.25,6.757711644237765,0.0
SP_DF,431af27f296bc6519d890aa5a05fdb11,6,-9.5,2.16794833886788,15.333333333333334,2.0655911179772892,0.0
SP_DF,4830e40640734fc1c52cd21127c341d4,6,-9.5,5.683308895353129,10.166666666666666,5.344779384283945,0.0
SP_DF,4869f7a5dfa277a7dca6462dcf3b52b2,29,-8.793103448275861,11.660002788362897,18.379310344827587,10.550605240267528,0.10344827586206896
SP_DF,4a3ca9315b744ce9f8e9374361493884,25,-10.96,6.913031173081747,14.84,5.749492731247398,0.04
SP_DF,4b9750c8ad28220fe6702d4ecb7c898f,6,-12.166666666666666,8.256310717667223,11.0,3.687817782917155,0.0
SP_DF,4c2b230173bb36f9b240f2b8ac11786e,7,-10.285714285714286,3.9880774697543058,14.142857142857142,2.734262327610589,0.0
SP_DF,4d6d651bd7684af3fffabd5f08d12e5a,12,-21.583333333333332,17.916261447144162,16.5,5.535012523595917,0.0
SP_DF,53e4c6e0f4312d4d2107a8c9cddf45cd,7,-13.285714285714286,4.990467102863409,11.571428571428571,4.825527358301297,0.0
SP_DF,54a1852d1b8f10312c55e906355666ee,6,-11.333333333333334,11.021191708098842,12.166666666666666,3.4302575219167832,0.0
SP_DF,562fc2f2c2863ab7e79a9e4388a58a14,8,-15.25,5.035587637718447,10.125,3.6815175442433286,0.0
SP_DF,59fb871bf6f4522a87ba567b42dafecf,5,-27.2,7.429670248402684,7.2,1.6431676725154982,0.0
SP_DF,6560211a19b47992c3666cc44a7e94c0,33,-10.545454545454545,4.744015368670492,9.787878787878787,3.5510348470338173,0.0
SP_DF,7040e82f899a04d1b434b795a43b4617,8,-11.375,8.210402808980463,12.375,6.13974173491268,0.125
SP_DF,70a12e78e608ac31179aea7f8422044b,8,-10.25,8.013381665332416,15.0,6.458659745975608,0.125
SP_DF,7142540dd4c91e2237acb7e911c4eba2,8,-9.375,9.241791724861272,15.625,7.5769858311675815,0.125
SP_DF,7a67c85e85bb2ce8582c35f2203ad736,22,-9.727272727272727,9.134872054160772,13.272727272727273,8.396041120284398,0.13636363636363635
SP_DF,7c67e1448b00f6e969d365cea6b010ab,13,-8.692307692307692,10.63316051623893,23.384615384615383,10.8669104896352,0.23076923076923078
SP_DF,7d13fca15225358621be4086e1eb0964,19,-13.052631578947368,7.590005740083662,14.578947368421053,5.610662364083468,0.0
SP_DF,7d76b645482be4a332374e8223836592,5,-10.0,6.708203932499369,12.4,6.024948132556827,0.0
SP_DF,7ddcbb64b5bc1ef36ca8c151f6ec77df,5,-10.2,2.2803508501982757,11.4,2.3021728866442674,0.0
SP_DF,7e93a43ef30c4f03f38b393420bc753a,6,-12.666666666666666,4.88535225614967,10.166666666666666,3.5449494589721118,0.0
SP_DF,8160255418d5aaa7dbdc9f4c64ebda44,7,-5.428571428571429,10.829852920779409,14.714285714285714,10.451702982676807,0.2857142857142857
SP_DF,850f4f8af5ea87287ac68de36e29107f,6,-8.0,6.663332499583072,15.333333333333334,4.718756898449704,0.16666666666666666
SP_DF,855668e0971d4dfd7bef1b6a4133b41b,5,-9.0,16.46207763315433,22.2,15.254507530562892,0.2
SP_DF,8581055ce74af1daba164fdbd55a40de,5,-11.6,6.985699678629192,12.0,5.338539126015656,0.0
SP_DF,897060da8b9a21f655304d50fd935913,7,-7.142857142857143,11.610750355146036,17.857142857142858,9.388442743227287,0.2857142857142857
SP_DF,8b321bb669392f5163d04c59e235e066,16,-10.8125,6.263319141371184,13.0625,3.6417715469260283,0.0
SP_DF,8d956fec2e4337affcb520f56fd8cbfd,7,-10.285714285714286,5.707138387268051,11.714285714285714,4.386125310350268,0.0
SP_DF,8f2ce03f928b567e3d56181ae20ae952,5,-7.0,5.1478150704935,16.4,6.87749954561976,0.0
SP_DF,92eb0f42c21942b6552362b9b114707d,8,-10.75,6.250714244902624,14.875,6.875162335745764,0.125
SP_DF,955fee9216a65b617aa5c0531780ce60,22,-12.863636363636363,4.234725543987524,9.545454545454545,3.763575715260976,0.0
SP_DF,9f505651f4a6abe901a56cdc21508025,14,-10.142857142857142,6.237074546700472,9.214285714285714,4.370857536501917,0.14285714285714285
SP_DF,a416b6a846a11724393025641d4edd5e,5,-9.4,6.024948132556827,12.2,3.96232255123179,0.0
SP_DF,b2ba3715d723d245138f291a6fe42594,6,-11.333333333333334,15.042162965034871,16.166666666666668,9.928074670683468,0.16666666666666666
SP_DF,b4ffb71f0cb1b1c3d63fad021ecf93e1,6,-9.5,2.8809720581775866,11.5,4.370354676682432,0.0
SP_DF,bfd27a966d91cfaafdb25d076585f0da,5,-12.4,18.68956928342652,17.6,14.328293687665674,0.2
SP_DF,c003204e1ab016dfa150abc119207b24,5,-11.4,2.5099800796022267,8.0,2.0,0.0
SP_DF,c3867b4666c7d76867627c2f7fb22e21,5,-14.0,3.605551275463989,13.4,4.505552130427524,0.0
SP_DF,c70c1b0d8ca86052f45a432a38b73958,7,-13.714285714285714,5.154748157905348,8.428571428571429,3.7352886036263584,0.0
SP_DF,c826c40d7b19f62a09e2d7c5e7295ee2,12,-11.25,6.355026643245773,12.166666666666666,5.507570547286102,0.0
SP_DF,cab85505710c7cb9b720bceb52b01cee,5,-7.8,25.868900247208035,18.0,18.57417562100671,0.2
SP_DF,cc419e0650a3c5ba77189a1882b7556a,57,-12.87719298245614,7.250788566569345,12.771929824561404,5.77870951937136,0.03508771929824561
SP_DF,cca3071e3e9bb7d12640c9fbe2301306,7,-14.428571428571429,8.847921466972585,14.0,4.358898943540674,0.0
SP_DF,ceaec5548eefc6e23e6607c5435102e7,6,-13.666666666666666,4.226897995772629,11.5,2.16794833886788,0.0
SP_DF,d2374cbcbb3ca4ab1086534108cc3ab7,13,-17.384615384615383,12.325707968432358,15.615384615384615,6.752017742108176,0.15384615384615385
SP_DF,d91fb3b7d041e83b64a00a3edfb37e4f,11,-7.0,6.526867548832288,14.454545454545455,6.3931781824634974,0.09090909090909091
SP_DF,da8622b14eb17ae2831f4ac5b9dab84a,30,-7.366666666666666,7.039216910469777,17.6,7.228296885302164,0.13333333333333333
SP_DF,de23c3b98a88888289c6f5cc1209054a,5,-11.6,0.547722557505166,9.4,1.816590212458495,0.0
SP_DF,e5a3438891c0bfdb9394643f95273d8e,6,-10.833333333333334,8.565434412022933,15.333333333333334,5.573747990954262,0.16666666666666666
SP_DF,e9779976487b77c6d4ac45f75ec7afe9,14,-10.714285714285714,9.202245306517247,10.928571428571429,7.47780598956555,0.14285714285714285
SP_DF,ea8482cd71df3c1969d7b9473ff13abc,19,-8.0,5.647024782032472,15.368421052631579,5.775528127037286,0.05263157894736842
SP_DF,f7ba60f8c3f99e7ee4042fdef03b70c4,6,-13.833333333333334,9.826834010334492,10.0,4.69041575982343,0.0
SP_DF,f8db351d8c4c4c22c6835c19a46f01b0,15,-12.4,6.276941930590086,11.533333333333333,6.8124535821922345,0.06666666666666667
SP_DF,fa1c13f2614d7b5c4749cbc52fecda94,17,-10.941176470588236,6.046389296878904,12.882352941176471,3.1401105263425135,0.058823529411764705
SP_DF,fa40cc5b934574b62717c68f3d678b6d,10,-12.9,5.152130088074683,10.7,3.368151487751767,0.0
SP_DF,fe2032dab1a61af8794248c8196565c9,10,-6.8,10.69579356569675,15.5,10.814085465005558,0.3
SP_ES,1025f0e2d44d7041d6cf58b6550e0bfa,21,-8.428571428571429,7.352356279257886,14.904761904761905,6.788996699842782,0.09523809523809523
SP_ES,16090f2ca825584b5a147ab24aa30c86,7,-10.0,11.51810169544733,14.714285714285714,8.380817098475259,0.14285714285714285
SP_ES,1835b56ce799e6a4dc4eddc053f04066,6,-5.0,8.148619514985345,18.833333333333332,8.183316361150085,0.3333333333333333
SP_ES,1900267e848ceeba8fa32d80c1a5f5a8,5,-7.6,8.820430828479978,20.4,5.458937625582472,0.4
SP_ES,1c129092bf23f28a5930387c980c0dfc,9,-7.0,7.365459931328117,16.555555555555557,6.287112037953338,0.1111111111111111
SP_ES,1f50f920176fa81dab994f9023523100,37,-9.432432432432432,7.99493082639987,16.513513513513512,5.975048217479187,0.10810810810810811
SP_ES,2138ccb85b11a4ec1e37afbd1c8eda1f,7,-15.857142857142858,5.490251100164468,11.571428571428571,4.825527358301296,0.0
SP_ES,213b25e6f54661939f11710a6fddb871,6,-8.833333333333334,5.980523945831725,18.333333333333332,3.7237973450050506,0.0
SP_ES,218d46b86c1881d022bce9c68a7d4b15,8,-9.875,15.449803512389035,16.75,13.966797362725234,0.25
SP_ES,2eb70248d66e0e3ef83659f71b244378,8,-5.875,11.4572185604909,20.375,12.25837905854021,0.25
SP_ES,37be5a7c751166fbc5f8ccba4119e043,10,-16.9,3.5103022978402056,11.2,3.0840089349921005,0.0
SP_ES,391fc6631aebcf3004804e51b40bcf1e,7,-11.0,12.741009902410928,15.714285714285714,14.337762327902794,0.14285714285714285
SP_ES,3d871de0142ce09b7081e2b9d1733cb1,27,-12.074074074074074,9.269162794847166,14.777777777777779,8.464102175719859,0.07407407407407407
SP_ES,431af27f296bc6519d890aa5a05fdb11,7,-6.571428571428571,5.912053869204927,17.714285714285715,3.773340063934768,0.14285714285714285
SP_ES,4869f7a5dfa277a7dca6462dcf3b52b2,38,-8.157894736842104,9.315857784385207,17.42105263157895,8.126139267977164,0.15789473684210525
SP_ES,4a3ca9315b744ce9f8e9374361493884,39,-6.769230769230769,8.458759204957271,17.71794871794872,7.9470243287353455,0.15384615384615385
SP_ES,4d6d651bd7684af3fffabd5f08d12e5a,12,-12.166666666666666,9.796412454041375,16.583333333333332,6.287915297447857,0.08333333333333333
SP_ES,4e922959ae960d389249c378d1c939f5,7,-6.571428571428571,10.064080399406311,21.857142857142858,7.0575862594462,0.2857142857142857
SP_ES,53e4c6e0f4312d4d2107a8c9cddf45cd,5,-11.2,5.167204273105526,18.6,3.507135583350036,0.0
SP_ES,54a1852d1b8f10312c55e906355666ee,7,-9.285714285714286,8.994707438530833,16.0,8.16496580927726,0.2857142857142857
SP_ES,562fc2f2c2863ab7e79a9e4388a58a14,10,-7.2,10.768266135063506,16.3,9.092732140439296,0.2
SP_ES,6560211a19b47992c3666cc44a7e94c0,44,-11.681818181818182,7.155328888391998,11.909090909090908,5.29070348256076,0.045454545454545456
SP_ES,6a8b085f816a1f75f92dbac6eb545f8f,5,-10.4,7.76530746332687,14.0,6.324555320336759,0.0
SP_ES,6d66611d7c44cc30ce351abc49a68421,8,-12.0,14.842025275740312,17.125,8.773946823245675,0.25
SP_ES,6edacfd9f9074789dad6d62ba7950b9c,6,-17.166666666666668,9.724539406402066,9.333333333333334,2.503331114069145,0.0
SP_ES,6fd52c528dcb38be2eea044946b811f8,5,-9.4,2.1908902300206647,22.4,2.7018512172212596,0.0
SP_ES,7040e82f899a04d1b434b795a43b4617,7,-7.142857142857143,7.755182598937123,15.0,7.0710678118654755,0.14285714285714285
SP_ES,70a12e78e608ac31179aea7f8422044b,6,-5.833333333333333,12.875040453010882,18.5,11.502173707608488,0.3333333333333333
SP_ES,7142540dd4c91e2237acb7e911c4eba2,9,-11.444444444444445,7.333333333333333,15.444444444444445,3.844187531556932,0.0
SP_ES,7a67c85e85bb2ce8582c35f2203ad736,18,-14.555555555555555,5.627895042942706,9.88888888888889,3.5626970763055814,0.0
SP_ES,7aa4334be125fcdd2ba64b3180029f14,5,-14.4,5.272570530585627,12.4,4.39317652729776,0.0
SP_ES,7ad32824caee82087b3e2e5f33b1bf32,7,-3.4285714285714284,15.693492736982238,20.0,15.609825965290794,0.2857142857142857
SP_ES,7c67e1448b00f6e969d365cea6b010ab,21,-12.523809523809524,6.584975684230335,22.19047619047619,9.698551683726018,0.047619047619047616
SP_ES,7d13fca15225358621be4086e1eb0964,17,-8.705882352941176,6.971053595784077,17.235294117647058,6.8877555466630955,0.11764705882352941
SP_ES,7ddcbb64b5bc1ef36ca8c151f6ec77df,7,-9.142857142857142,9.73701821963602,16.571428571428573,9.306935457982267,0.14285714285714285
SP_ES,7e93a43ef30c4f03f38b393420bc753a,9,-13.11111111111111,6.660413734229362,11.444444444444445,4.666666666666667,0.0
SP_ES,8160255418d5aaa7dbdc9f4c64ebda44,18,3.111111111111111,33.732318050287496,28.61111111111111,32.86718171652276,0.3333333333333333
SP_ES,855668e0971d4dfd7bef1b6a4133b41b,7,-8.428571428571429,16.821188452436438,20.285714285714285,17.81117894015147,0.14285714285714285
SP_ES,8581055ce74af1daba164fdbd55a40de,11,-9.909090909090908,7.595453185354321,15.181818181818182,6.177672406629893,0.09090909090909091
SP_ES,897060da8b9a21f655304d50fd935913,7,-2.4285714285714284,26.800852864894324,22.0,26.507860469428056,0.14285714285714285
SP_ES,8b28d096634035667e8263d57ba3368c,7,-16.0,6.454972243679028,9.857142857142858,4.845223470201398,0.0
SP_ES,8b321bb669392f5163d04c59e235e066,32,-7.5,9.055385138137417,15.78125,7.711467685918662,0.15625
SP_ES,8d956fec2e4337affcb520f56fd8cbfd,5,-6.2,5.263078946776306,11.4,5.366563145999495,0.0
SP_ES,8f2ce03f928b567e3d56181ae20ae952,6,-3.5,7.635443667528429,17.166666666666668,8.304617189652191,0.16666666666666666
SP_ES,92eb0f42c21942b6552362b9b114707d,7,-12.0,7.659416862050705,14.714285714285714,5.219012860502955,0.0
SP_ES,955fee9216a65b617aa5c0531780ce60,20,-9.25,9.601946074679478,13.7,6.7129097934306285,0.15
SP_ES,a3e9a2c700480d9bb01fba070ba80a0e,5,-7.8,2.5884358211089573,16.8,2.949576240750525,0.0
SP_ES,b2ba3715d723d245138f291a6fe42594,10,-7.8,7.269418439218123,17.6,5.399588461684423,0.1
SP_ES,b372ee768ed69e46ca8cdbd267aa7a38,5,-15.8,7.1902712048990205,11.8,2.2803508501982757,0.0
SP_ES,beadbee30901a7f61d031b6b686095ad,7,-8.857142857142858,9.889869756954527,16.142857142857142,8.39500985563391,0.2857142857142857
SP_ES,c003204e1ab016dfa150abc119207b24,6,-12.666666666666666,8.091147425839345,12.666666666666666,3.669695718539436,0.0
SP_ES,c70c1b0d8ca86052f45a432a38b73958,6,-9.333333333333334,5.645056834671079,13.666666666666666,2.4221202832779936,0.0
SP_ES,c826c40d7b19f62a09e2d7c5e7295ee2,5,1.8,17.44133022449836,21.8,14.498275759551547,0.4
SP_ES,cbd996ad3c1b7dc71fd0e5f5df9087e2,6,-1.5,4.722287581247038,21.166666666666668,3.1885210782848317,0.3333333333333333
SP_ES,cc419e0650a3c5ba77189a1882b7556a,30,-10.4,9.34252421033468,15.1,8.3474133924724,0.13333333333333333
SP_ES,cca3071e3e9bb7d12640c9fbe2301306,9,-18.0,9.16515138991168,13.0,3.391164991562634,0.0
SP_ES,ce27a3cc3c8cc1ea79d11e561e9bebb6,5,-11.4,5.366563145999495,10.4,1.1401754250991378,0.0
SP_ES,d2374cbcbb3ca4ab1086534108cc3ab7,11,-12.727272727272727,12.993005111142757,20.181818181818183,9.81649817214043,0.18181818181818182
SP_ES,d91fb3b7d041e83b64a00a3edfb37e4f,10,-10.9,8.786985325531797,15.1,10.836666154003884,0.1
SP_ES,da8622b14eb17ae2831f4ac5b9dab84a,18,-7.111111111111111,9.517098475832475,17.944444444444443,7.455532665092511,0.2222222222222222
SP_ES,e5a3438891c0bfdb9394643f95273d8e,8,-1.25,11.78073487884836,23.5,9.242757782641034,0.5
SP_ES,e9779976487b77c6d4ac45f75ec7afe9,9,-10.0,10.356157588603988,13.444444444444445,10.21164912136026,0.1111111111111111
SP_ES,ea8482cd71df3c1969d7b9473ff13abc,31,-6.935483870967742,9.539166573906297,15.741935483870968,8.374436267337577,0.0967741935483871
SP_ES,ef506c96320abeedfb894c34db06f478,7,-8.714285714285714,9.690446940402795,16.0,6.879922480183431,0.14285714285714285
SP_ES,f8db351d8c4c4c22c6835c19a46f01b0,12,-9.0,9.095453409658736,15.0,9.899494936611665,0.16666666666666666
SP_ES,fa1c13f2614d7b5c4749cbc52fecda94,12,-6.333333333333333,15.328721309023038,18.666666666666668,13.6670362108205,0.25
SP_ES,fa40cc5b934574b62717c68f3d678b6d,6,-9.666666666666666,5.8878405775518985,13.333333333333334,4.226897995772629,0.16666666666666666
SP_ES,fe2032dab1a61af8794248c8196565c9,8,-12.875,5.276294695549683,12.0,5.0709255283711,0.0
SP_GO,004c9cd9d87a3c30c522c48c4fc07416,7,-13.285714285714286,9.050124966251124,15.571428571428571,6.477065767180457,0.0
SP_GO,1025f0e2d44d7041d6cf58b6550e0bfa,29,-9.10344827586207,10.530041471856357,17.24137931034483,10.463047809225001,0.13793103448275862
SP_GO,17e34d8224d27a541263c4c64b11a56b,5,-10.2,9.984988733093292,18.6,10.549881515922348,0.2
SP_GO,1835b56ce799e6a4dc4eddc053f04066,11,-5.636363636363637,11.638494123147781,21.272727272727273,10.228302978411513,0.36363636363636365
SP_GO,1900267e848ceeba8fa32d80c1a5f5a8,6,-11.333333333333334,6.918574034197125,17.333333333333332,4.0824829046386295,0.16666666666666666
SP_GO,1c129092bf23f28a5930387c980c0dfc,5,-8.8,4.658325879540846,15.0,3.3166247903554003,0.0
SP_GO,1da3aeb70d7989d1e6d9b0e887f97c23,8,-14.0,7.191264542087554,12.75,7.44023809142845,0.0
SP_GO,1f50f920176fa81dab994f9023523100,29,-9.689655172413794,7.969152349062075,17.413793103448278,5.341998297716677,0.13793103448275862
SP_GO,2138ccb85b11a4ec1e37afbd1c8eda1f,10,-15.9,4.976611966656298,11.8,3.9665266081716046,0.0
SP_GO,218d46b86c1881d022bce9c68a7d4b15,7,-9.428571428571429,11.073348527841414,18.571428571428573,8.363753998796293,0.14285714285714285
SP_GO,259f7b5e6e482c230e5bfaa670b6bb8f,5,-13.8,4.604345773288535,12.6,2.9664793948382653,0.0
SP_GO,36a968b544695394e4e9d7572688598f,5,-15.8,7.918333157931662,13.4,3.646916505762094,0.0
SP_GO,37be5a7c751166fbc5f8ccba4119e043,12,-16.666666666666668,4.292346959909279,11.916666666666666,1.8809249819912508,0.0
SP_GO,391fc6631aebcf3004804e51b40bcf1e,10,-4.7,11.6909271564653,23.3,10.995453605922767,0.3
SP_GO,3d871de0142ce09b7081e2b9d1733cb1,20,-10.15,10.095726036820052,19.1,10.401922899156675,0.15
SP_GO,406822777a0b9eb5c50e442dd4cd3ec5,5,-5.4,2.3021728866442674,17.6,1.5165750888103104,0.0
SP_GO,41b39e28db005d9731d9d485a83b4c38,5,-9.8,5.263078946776307,15.2,5.118593556827891,0.0
SP_GO,48436dade18ac8b2bce089ec2a041202,5,-13.8,6.760177512462229,16.0,6.708203932499369,0.0
SP_GO,4869f7a5dfa277a7dca6462dcf3b52b2,30,-8.8,7.712059521876468,20.0,7.974095992433983,0.13333333333333333
SP_GO,4a3ca9315b744ce9f8e9374361493884,43,-7.930232558139535,11.09567772740103,19.697674418604652,9.90558977288156,0.13953488372093023
SP_GO,4d6d651bd7684af3fffabd5f08d12e5a,7,-12.714285714285714,4.6084807950229365,14.285714285714286,3.7733400639347674,0.0
SP_GO,4e922959ae960d389249c378d1c939f5,10,-21.8,7.146094504459529,11.9,3.0349812373573433,0.0
SP_GO,53e4c6e0f4312d4d2107a8c9cddf45cd,5,-13.4,9.181503144910424,15.8,4.08656334834051,0.0
SP_GO,562fc2f2c2863ab7e79a9e4388a58a14,11,-12.909090909090908,9.893983479413594,15.454545454545455,5.922223169784068,0.09090909090909091
SP_GO,5dceca129747e92ff8ef7a997dc4f8ca,9,-13.222222222222221,6.553201083779167,15.333333333333334,5.315072906367325,0.0
SP_GO,5f1dc28029d2c244352a68107ec2b542,5,-13.2,7.854934754662192,14.6,6.58027355054484,0.0
SP_GO,6560211a19b47992c3666cc44a7e94c0,39,-13.205128205128204,7.804113244678249,13.051282051282051,5.43356390724753,0.02564102564102564
SP_GO,6a8b085f816a1f75f92dbac6eb545f8f,6,-17.5,4.54972526643093,10.333333333333334,2.422120283277993,0.0
SP_GO,70a12e78e608ac31179aea7f8422044b,9,-12.88888888888889,6.660413734229362,14.222222222222221,5.019406782125198,0.0
SP_GO,7142540dd4c91e2237acb7e911c4eba2,11,-15.909090909090908,6.236257619029949,15.727272727272727,6.149648918286458,0.0
SP_GO,7a67c85e85bb2ce8582c35f2203ad736,27,-14.962962962962964,6.085806194501845,13.148148148148149,5.126880170717889,0.037037037037037035
SP_GO,7aa4334be125fcdd2ba64b3180029f14,6,-9.833333333333334,10.419532938988516,18.0,9.818350166906862,0.16666666666666666
SP_GO,7c67e1448b00f6e969d365cea6b010ab,20,-16.7,9.23437513914863,23.1,7.81294472418421,0.0
SP_GO,7d13fca15225358621be4086e1eb0964,18,-10.722222222222221,6.460791752204948,16.833333333333332,5.792997801605984,0.05555555555555555
SP_GO,7d76b645482be4a332374e8223836592,6,-9.333333333333334,4.0824829046386295,17.5,2.5884358211089573,0.0
SP_GO,7ddcbb64b5bc1ef36ca8c151f6ec77df,6,-10.166666666666666,4.875106836436168,15.0,5.019960159204453,0.0
SP_GO,7e93a43ef30c4f03f38b393420bc753a,10,-13.9,9.12201244852862,13.3,3.653004851412662,0.0
SP_GO,8160255418d5aaa7dbdc9f4c64ebda44,6,-3.5,14.815532390029055,21.333333333333332,11.994443157840497,0.3333333333333333
SP_GO,850f4f8af5ea87287ac68de36e29107f,6,-16.833333333333332,7.332575718440736,12.666666666666666,6.0553007081949835,0.0
SP_GO,855668e0971d4dfd7bef1b6a4133b41b,5,-14.0,5.338539126015656,14.0,4.183300132670378,0.0
SP_GO,8581055ce74af1daba164fdbd55a40de,9,-14.444444444444445,7.843964417166728,15.666666666666666,3.8729833462074166,0.0
SP_GO,8b321bb669392f5163d04c59e235e066,19,-9.31578947368421,8.634894527947168,16.105263157894736,7.3097707582393925,0.10526315789473684
SP_GO,8bb48dc19fccaa8613b6229bf7f452a2,6,-13.666666666666666,3.6696957185394354,15.166666666666666,3.868677637987775,0.0
SP_GO,8d956fec2e4337affcb520f56fd8cbfd,5,-9.2,11.388590782006348,13.4,7.76530746332687,0.2
SP_GO,92eb0f42c21942b6552362b9b114707d,7,-12.428571428571429,6.528326555791126,17.571428571428573,4.577377082170635,0.0
SP_GO,955fee9216a65b617aa5c0531780ce60,29,-11.655172413793103,5.905662307535065,13.03448275862069,5.024815267540331,0.0
SP_GO,9f505651f4a6abe901a56cdc21508025,7,-12.571428571428571,10.643576198144789,12.857142857142858,4.220133150686577,0.0
SP_GO,b2ba3715d723d245138f291a6fe42594,5,-11.8,6.1400325732035,17.0,4.743416490252569,0.0
SP_GO,b76dba6c951ab00dc4edf0a1aa88037e,6,-18.666666666666668,6.531972647421808,13.5,3.146426544510455,0.0
SP_GO,c826c40d7b19f62a09e2d7c5e7295ee2,19,-11.842105263157896,6.58502643118577,13.947368421052632,4.196211045038479,0.05263157894736842
SP_GO,cbd996ad3c1b7dc71fd0e5f5df9087e2,7,-14.714285714285714,6.447590912226719,11.857142857142858,3.132015933791495,0.0
SP_GO,cc419e0650a3c5ba77189a1882b7556a,43,-12.720930232558139,9.310326016989718,14.837209302325581,7.161172531546637,0.09302325581395349
SP_GO,cca3071e3e9bb7d12640c9fbe2301306,11,-14.636363636363637,6.531044744491148,15.090909090909092,5.029006769821362,0.0
SP_GO,d1c281d3ae149232351cd8c8cc885f0d,5,-11.0,6.670832032063167,16.6,6.6558245169174945,0.0
SP_GO,d2374cbcbb3ca4ab1086534108cc3ab7,6,-16.166666666666668,12.512660255384011,17.333333333333332,6.022181221672649,0.0
SP_GO,d91fb3b7d041e83b64a00a3edfb37e4f,13,-18.46153846153846,9.82866034119422,14.307692307692308,6.10170215847752,0.0
SP_GO,da8622b14eb17ae2831f4ac5b9dab84a,18,-11.444444444444445,11.843202181356896,16.444444444444443,9.494408399140687,0.16666666666666666
SP_GO,db4350fd57ae30082dec7acbaacc17f9,6,-22.833333333333332,5.7067211835402185,11.333333333333334,3.3862466931200785,0.0
SP_GO,dc4a0fc896dc34b0d5bfec8438291c80,5,-9.4,15.12613632095123,20.6,16.16477652180815,0.2
SP_GO,de23c3b98a88888289c6f5cc1209054a,5,-11.4,7.056911505750939,13.0,5.656854249492381,0.0
SP_GO,e5a3438891c0bfdb9394643f95273d8e,7,-1.7142857142857142,8.788520651286838,23.428571428571427,6.948792289723033,0.2857142857142857
SP_GO,e9779976487b77c6d4ac45f75ec7afe9,9,-9.555555555555555,5.614960175974339,13.777777777777779,3.3458099833141217,0.0
SP_GO,ea8482cd71df3c1969d7b9473ff13abc,35,-9.228571428571428,7.769040043227819,16.942857142857143,6.019296700870396,0.11428571428571428
SP_GO,ebd2d60905fb58271facef5596b620d3,5,-11.6,4.33589667773576,14.6,3.286335345030997,0.0
SP_GO,ececbfcff9804a2d6b40f589df8eef2b,5,-8.2,5.805170109479997,17.6,5.029910535983717,0.0
SP_GO,ef506c96320abeedfb894c34db06f478,8,-13.0,12.17726218350062,18.625,9.379879682444912,0.125
SP_GO,f45122a9ab94eb4f3f8953578bc0c560,5,-10.0,7.7781745930520225,15.8,5.118593556827891,0.0
SP_GO,f7ba60f8c3f99e7ee4042fdef03b70c4,7,-8.285714285714286,10.22601723895616,16.428571428571427,7.934253648099546,0.14285714285714285
SP_GO,f8db351d8c4c4c22c6835c19a46f01b0,15,-15.733333333333333,5.836665714829544,13.466666666666667,4.8235533237092625,0.0
SP_GO,fa1c13f2614d7b5c4749cbc52fecda94,13,-7.384615384615385,9.962751138937993,17.307692307692307,10.781037483970143,0.07692307692307693
SP_GO,fa40cc5b934574b62717c68f3d678b6d,5,-13.8,8.899438184514796,14.2,3.5637059362410923,0.0
SP_MA,1025f0e2d44d7041d6cf58b6550e0bfa,8,-16.125,8.741322227541684,20.0,7.653197277702214,0.125
SP_MA,1f50f920176fa81dab994f9023523100,10,-7.9,13.36205240389531,23.2,9.101892355133872,0.2
SP_MA,3d871de0142ce09b7081e2b9d1733cb1,8,-11.375,5.097268175909804,22.5,2.8784916685156974,0.0
SP_MA,4869f7a5dfa277a7dca6462dcf3b52b2,7,-3.2857142857142856,15.348336345396804,27.142857142857142,15.323495809035345,0.42857142857142855
SP_MA,4a3ca9315b744ce9f8e9374361493884,9,-3.5555555555555554,18.076995817274998,26.333333333333332,15.827191791344413,0.3333333333333333
SP_MA,4e922959ae960d389249c378d1c939f5,6,-11.5,12.21065108829173,24.833333333333332,13.014094923069628,0.3333333333333333
SP_MA,5dceca129747e92ff8ef7a997dc4f8ca,5,-8.6,13.992855319769443,25.0,11.157956802210698,0.2
SP_MA,6560211a19b47992c3666cc44a7e94c0,28,-11.214285714285714,10.15566670079154,16.928571428571427,8.889980091751951,0.03571428571428571
SP_MA,70a12e78e608ac31179aea7f8422044b,5,-16.0,3.5355339059327378,16.2,3.7682887362833544,0.0
SP_MA,7a67c85e85bb2ce8582c35f2203ad736,14,-10.642857142857142,10.367160748151926,18.642857142857142,7.458677371482702,0.07142857142857142
SP_MA,7c67e1448b00f6e969d365cea6b010ab,9,-11.0,12.649110640673518,32.111111111111114,9.198429817697752,0.2222222222222222
SP_MA,7ddcbb64b5bc1ef36ca8c151f6ec77df,5,-3.6,11.545561917897285,25.6,6.913754406977442,0.4
SP_MA,8b321bb669392f5163d04c59e235e066,9,-6.333333333333333,10.428326807307105,22.77777777777778,8.407998837086293,0.2222222222222222
SP_MA,b4ffb71f0cb1b1c3d63fad021ecf93e1,5,-11.6,6.348228099241551,15.6,3.2093613071762426,0.0
SP_MA,c3867b4666c7d76867627c2f7fb22e21,5,-1.2,16.407315441594946,28.4,14.293355099485915,0.4
SP_MA,cc419e0650a3c5ba77189a1882b7556a,19,-12.0,12.649110640673516,20.842105263157894,11.451652757449162,0.15789473684210525
SP_MA,cca3071e3e9bb7d12640c9fbe2301306,7,-23.857142857142858,11.246163366952771,20.0,4.618802153517006,0.0
SP_MA,ea8482cd71df3c1969d7b9473ff13abc,16,-8.25,7.869773397838932,20.375,7.68439978137525,0.125
SP_MA,ef506c96320abeedfb894c34db06f478,8,-5.75,10.319883720275147,21.875,8.492643875731515,0.25
SP_MA,f7ba60f8c3f99e7ee4042fdef03b70c4,8,4.0,10.542431272854339,28.125,10.588909292273685,0.625
SP_MA,f8db351d8c4c4c22c6835c19a46f01b0,5,-7.2,8.757853618324527,19.6,6.841052550594828,0.2
SP_MA,fa1c13f2614d7b5c4749cbc52fecda94,8,-8.0,9.92831448793946,21.0,7.151423434733616,0.25
SP_MA,fa40cc5b934574b62717c68f3d678b6d,5,-10.6,11.126544836560898,21.0,7.582875444051551,0.2
SP_MA,fe2032dab1a61af8794248c8196565c9,6,-17.666666666666668,5.853773711604051,16.166666666666668,5.036533199202271,0.0
SP_MG,002100f778ceb8431b7a1020ff7ab48f,9,-11.444444444444445,7.367345368433448,13.333333333333334,5.431390245600108,0.1111111111111111
SP_MG,004c9cd9d87a3c30c522c48c4fc07416,20,-14.05,6.999812027551356,12.85,6.217758946420283,0.05
SP_MG,00ee68308b45bc5e2660cd833c3f81cc,15,-15.333333333333334,4.820590756130957,7.866666666666666,4.549201918494946,0.0
SP_MG,0176f73cc1195f367f7b32db1e5b3aa8,7,-9.428571428571429,11.311603818750944,13.142857142857142,10.41519037157701,0.14285714285714285
SP_MG,0432ead42b6c8a0bdf68154add917fdf,5,-18.4,1.6733200530681505,6.6,2.6076809620810595,0.0
SP_MG,048c2757535328e0d7dac690ad3c0aae,6,-5.833333333333333,7.413950813612582,17.666666666666668,8.6178110136314,0.16666666666666666
SP_MG,058fd0aa2bfdb2274e05e1ae971dabb6,9,-13.333333333333334,4.242640687119285,9.333333333333334,3.0,0.0
SP_MG,06579cb253ecd5a3a12a9e6eb6bf8f47,5,-13.8,3.834057902536163,7.6,3.209361307176243,0.0
SP_MG,070d165398b553f3b4b851c216b8a358,7,-5.714285714285714,9.707630773679808,16.142857142857142,10.415190371577012,0.2857142857142857
SP_MG,080199a181c46c657dc5aa235411be3b,5,-10.0,3.872983346207417,10.8,3.1144823004794873,0.0
SP_MG,09f952a5f58d2285b0372551ae8f9b01,6,-17.166666666666668,11.822295321411435,9.666666666666666,3.2041639575194445,0.0
SP_MG,0adac9fbd9a2b63cccaac4f8756c1ca8,6,-13.5,4.230839160261236,11.833333333333334,3.970726214015097,0.0
SP_MG,0bae85eb84b9fb3bd773911e89288d54,19,-17.894736842105264,8.06153236634123,12.736842105263158,4.74742158396602,0.0
SP_MG,0be8ff43f22e456b4e0371b2245e4d01,14,-11.785714285714286,9.609118837602376,12.571428571428571,6.123275716028594,0.07142857142857142
SP_MG,0c7533c71df861ec58ad7ff999ed0e8d,8,-10.875,8.078852464481397,13.75,7.923743703939085,0.125
SP_MG,0db783cfcd3b73998abc6e10e59a102f,10,-12.8,5.370702416299421,12.7,3.7727090178455764,0.0
SP_MG,0dd184061fb0eaa7ca37932c68ab91c5,16,-17.25,9.12505707744706,9.3125,5.92979763567021,0.0
SP_MG,0ffa40d54288e4f3499b8780dd0f144f,5,-16.2,6.016643582596529,10.0,4.301162633521313,0.0
SP_MG,1025f0e2d44d7041d6cf58b6550e0bfa,111,-12.531531531531531,7.158999193411706,11.72072072072072,5.291796689510303,0.036036036036036036
SP_MG,1127b7f2594683f2510f1c2c834a486b,10,-10.4,5.103375789067903,12.3,5.538752366533259,0.0
SP_MG,113e3a788b935f48aad63e1c41dac1bd,5,-11.0,6.519202405202649,17.4,8.648699324175862,0.0
SP_MG,11bfa66332777660bd0640ee84d47006,10,-11.2,6.729701991090608,14.2,5.692099788303083,0.1
SP_MG,1336efc61c316ddf92c899eb817f7cae,6,-14.666666666666666,3.2041639575194445,9.833333333333334,2.316606713852541,0.0
SP_MG,16090f2ca825584b5a147ab24aa30c86,37,-10.054054054054054,6.979915416337021,11.945945945945946,7.276086959447464,0.10810810810810811
SP_MG,17a053fcb14bd219540cbde0df490be0,12,-6.333333333333333,11.507573263909402,16.5,10.130960647261622,0.16666666666666666
SP_MG,17e34d8224d27a541263c4c64b11a56b,30,-9.8,10.172308590922983,13.5,8.854182724799502,0.13333333333333333
SP_MG,17f51e7198701186712e53a39c564617,5,-13.4,5.319774431308154,20.4,4.722287581247039,0.0
SP_MG,1835b56ce799e6a4dc4eddc053f04066,48,-11.708333333333334,6.973989161354859,12.395833333333334,5.667149019938015,0.041666666666666664
SP_MG,18a349e75d307f4b4cc646a691ed4216,11,-19.636363636363637,8.237387052612343,8.090909090909092,3.330301651638946,0.0
SP_MG,1900267e848ceeba8fa32d80c1a5f5a8,51,-12.098039215686274,5.618736163803331,12.03921568627451,4.494266499947352,0.0
SP_MG,1b8356dabde1d35e17cef975c3f82730,6,-14.833333333333334,2.48327740429189,10.833333333333334,2.6394443859772205,0.0
SP_MG,1bb2bdb95f4841f1bba2c0d2cd83d3c9,8,-16.5,5.80640040940045,11.0,4.0,0.0
SP_MG,1c129092bf23f28a5930387c980c0dfc,17,-14.294117647058824,4.700594455523058,10.529411764705882,3.6075900380105477,0.0
SP_MG,1c5e4e49b9079480255b49d50aac1aa9,5,-12.4,2.701851217221259,9.8,2.8635642126552705,0.0
SP_MG,1ca7077d890b907f89be8c954a02686a,6,-3.8333333333333335,7.1670542530852,19.0,3.521363372331802,0.16666666666666666
SP_MG,1d4587203296c8f4ad134dc286fa6db0,8,-13.5,4.780914437337575,7.0,3.162277660168379,0.0
SP_MG,1da3aeb70d7989d1e6d9b0e887f97c23,30,-13.333333333333334,7.0335811908171,9.833333333333334,5.133281086463479,0.03333333333333333
SP_MG,1e8b33f18b4f7598d87f5cbee2282cc2,11,-15.454545454545455,3.724611023009956,6.545454545454546,3.1737560197228887,0.0
SP_MG,1eade46fba20122dc4aefb379f8c636b,5,-10.4,5.683308895353129,13.6,4.09878030638384,0.0
SP_MG,1f1bb1f0859883505541bdd6606193e5,6,-8.833333333333334,10.870449239413551,14.5,8.117881497040962,0.3333333333333333
SP_MG,1f50f920176fa81dab994f9023523100,175,-10.365714285714287,6.8684662937400365,15.16,4.940752420710698,0.05142857142857143
SP_MG,1f9ab4708f3056ede07124aad39a2554,11,-16.727272727272727,10.18912075785648,12.272727272727273,5.676106219776178,0.09090909090909091
SP_MG,2138ccb85b11a4ec1e37afbd1c8eda1f,53,-14.584905660377359,6.517532456217765,10.566037735849056,4.116147535865322,0.0
SP_MG,213b25e6f54661939f11710a6fddb871,20,-12.1,7.893368302435579,16.55,4.914800418927989,0.05
SP_MG,218d46b86c1881d022bce9c68a7d4b15,39,-12.0,10.161848153497317,14.692307692307692,9.66315260247004,0.10256410256410256
SP_MG,23613d49c3ac2bd302259e55c06c050c,7,-8.714285714285714,5.282495802626056,13.285714285714286,5.52914356581818,0.0
SP_MG,23c38debaffe4a25a30fdbd9b586a13f,7,-8.714285714285714,5.765248931147314,12.857142857142858,5.429197958832454,0.14285714285714285
SP_MG,2528513dd95219a6013d4d05176e391a,18,-15.88888888888889,5.849976258261414,10.277777777777779,3.5613208976372395,0.0
SP_MG,259f7b5e6e482c230e5bfaa670b6bb8f,11,-11.545454545454545,8.710495236938442,12.272727272727273,6.739301285606827,0.09090909090909091
SP_MG,25cf099de44674fde97473224f9d59ab,6,-15.5,9.15969431804359,9.166666666666666,4.708148963941844,0.16666666666666666
SP_MG,25e6ffe976bd75618accfe16cefcbd0d,12,-18.416666666666668,11.995895762781332,8.5,2.7797972457128464,0.0
SP_MG,2745f798279e0ed033addcc1474776d7,6,-10.833333333333334,5.913261931173578,14.0,3.40587727318528,0.0
SP_MG,289cdb325fb7e7f891c38608bf9e0962,27,-8.333333333333334,6.6216428358945665,4.074074074074074,2.6879492601370334,0.037037037037037035
SP_MG,2a261b5b644fa05f4f2700eb93544f2c,5,-9.4,8.706319543871567,14.2,5.540758070878027,0.2
SP_MG,2a7dc43cecabf23403078e2188437d1d,7,-9.857142857142858,3.8483144114694956,12.714285714285714,3.3022358947782493,0.0
SP_MG,2c9e548be18521d1c43cde1c582c6de8,8,-1.375,20.184417610763862,22.25,19.024420396652598,0.375
SP_MG,2d50d6282f8aa2257819a77bfaa0efe0,8,-13.25,8.956242834709524,11.125,3.720119045714225,0.125
SP_MG,2e1c9f22be269ef4643f826c9e650a52,18,-12.88888888888889,6.239239102259457,10.11111111111111,5.3894110655977,0.05555555555555555
SP_MG,2e90cb1677d35cfe24eef47d441b7c87,17,-12.823529411764707,4.9653209125600215,10.352941176470589,3.9201590603983822,0.0
SP_MG,2eb70248d66e0e3ef83659f71b244378,20,-11.5,8.094832659757316,20.35,10.163272369820554,0.1
SP_MG,2ff97219cb8622eaf3cd89b7d9c09824,6,-9.666666666666666,4.676180777800049,11.5,4.636809247747852,0.0
SP_MG,3078096983cf766a32a06257648502d1,7,-11.571428571428571,4.314979445958882,12.857142857142858,5.080307452263476,0.0
SP_MG,30a2f535bb48308f991d0b9ad4a8c4bb,7,-14.0,3.6514837167011076,10.857142857142858,2.9680841985233184,0.0
SP_MG,31561f325664a8a7aba4c8d0c3a9b3db,6,-10.166666666666666,5.269408568963566,6.0,2.449489742783178,0.0
SP_MG,318f287a62ab7ac10b703ac37435a231,11,-11.727272727272727,10.450750299293436,12.545454545454545,6.976584212401315,0.18181818181818182
SP_MG,33a6f4b1e7cdc205511e76ba1b6e0186,9,-16.333333333333332,8.336666000266533,11.0,6.726812023536855,0.0
SP_MG,34056b8b55c1775a22af2331670a799c,9,-11.666666666666666,6.5,9.11111111111111,3.982601048449507,0.1111111111111111
SP_MG,3504c0cb71d7fa48d967e0e4c94d59d9,5,-12.6,2.3021728866442674,9.2,0.8366600265340758,0.0
SP_MG,3586b8580d9c917874e053a1bb37b5ff,6,-12.833333333333334,17.47474367956986,18.333333333333332,16.907591983090516,0.16666666666666666
SP_MG,36a968b544695394e4e9d7572688598f,16,-11.1875,7.213124611890929,13.0,6.110100926607787,0.0625
SP_MG,37515688008a7a40ac93e3b2e4ab203f,20,-6.6,9.444575162494075,15.9,9.914901066470343,0.1
SP_MG,37be5a7c751166fbc5f8ccba4119e043,39,-15.153846153846153,4.283004734372338,9.205128205128204,4.268486032476467,0.0
SP_MG,391fc6631aebcf3004804e51b40bcf1e,71,-11.732394366197184,7.782687281907695,14.746478873239436,5.4712712282538805,0.07042253521126761
SP_MG,3b15288545f8928d3e65a8f949a28291,9,-10.11111111111111,10.373577546396957,16.88888888888889,9.545214042184236,0.1111111111111111
SP_MG,3bdff180c7e1f6551a643b99c265a120,7,-12.571428571428571,3.9940431835899015,10.142857142857142,4.099941927579439,0.0
SP_MG,3be634553519fb6536a03e1358e9fdc7,7,-8.285714285714286,8.159131606453506,12.714285714285714,8.118174789000413,0.2857142857142857
SP_MG,3c7c4a49ec3c6550809089c6a2ca9370,7,-6.428571428571429,9.413769044280171,15.285714285714286,10.419761445034554,0.2857142857142857
SP_MG,3d871de0142ce09b7081e2b9d1733cb1,90,-15.855555555555556,5.500890859641546,11.077777777777778,4.66453937602759,0.011111111111111112
SP_MG,3d8fa2f5b647373c8620330c4e077a9f,6,-11.666666666666666,5.645056834671079,8.166666666666666,2.0412414523193148,0.0
SP_MG,3f3486b61f45078d4f31ee5e43d8c5bb,8,-17.125,7.337525857827399,12.5,6.25642526870234,0.0
SP_MG,41b39e28db005d9731d9d485a83b4c38,19,-18.263157894736842,17.92528352561499,15.526315789473685,11.56320035021366,0.10526315789473684
SP_MG,42b729f859728f5079499127a9c2ef37,5,-15.0,12.509996003196804,9.2,5.540758070878027,0.0
SP_MG,431af27f296bc6519d890aa5a05fdb11,11,-8.0,7.32120208708925,17.181818181818183,5.980270592844137,0.18181818181818182
SP_MG,4371b634e0efc0e22b09b52907d9d469,12,-12.25,5.3788305589429175,9.916666666666666,4.944387696871038,0.0
SP_MG,440dd6ab244315c632130ecfb63827b1,7,-7.714285714285714,8.179533110438634,18.428571428571427,12.067271755415456,0.2857142857142857
SP_MG,48162d548f5b1b11b9d29d1e01f75a61,10,-12.2,6.373556481449131,11.4,5.274677451960661,0.0
SP_MG,4830e40640734fc1c52cd21127c341d4,17,-13.176470588235293,6.993168935804845,10.176470588235293,5.833473387674438,0.058823529411764705
SP_MG,48436dade18ac8b2bce089ec2a041202,17,-9.058823529411764,8.842161700026288,15.823529411764707,9.302118670749469,0.11764705882352941
SP_MG,4869f7a5dfa277a7dca6462dcf3b52b2,120,-12.483333333333333,8.381635921960063,13.525,7.689305571250712,0.06666666666666667
SP_MG,4992e76a42cb3aad7a7047e0d3d7e729,8,-10.125,7.199950396654529,9.875,6.446205971621713,0.125
SP_MG,4a3ca9315b744ce9f8e9374361493884,222,-10.0,8.55485361429352,14.716216216216216,7.103985759592714,0.07657657657657657
SP_MG,4a3ccda38b2129705f3fb522db62ca31,8,-15.0,5.503245795502349,7.75,0.8864052604279182,0.0
SP_MG,4b9750c8ad28220fe6702d4ecb7c898f,14,-10.142857142857142,8.065664576149013,13.214285714285714,7.865979047367617,0.14285714285714285
SP_MG,4bf2f4ee540798a61f9636d12cd9cc80,5,-18.8,4.024922359499621,8.8,1.4832396974191324,0.0
SP_MG,4c03b9dd4c11ee2cb35c96c49efc9420,6,-13.333333333333334,2.4221202832779936,9.5,2.8809720581775866,0.0
SP_MG,4c18691b6037662be2df78a765d98ab5,7,-10.285714285714286,3.903600291794133,8.0,2.23606797749979,0.0
SP_MG,4c2b230173bb36f9b240f2b8ac11786e,48,-10.520833333333334,6.073975120040027,12.9375,5.408449850672006,0.041666666666666664
SP_MG,4c498c7345e89aebad651544829beca0,6,-10.0,5.727128425310541,12.166666666666666,5.036533199202271,0.0
SP_MG,4d6d651bd7684af3fffabd5f08d12e5a,45,-13.555555555555555,7.037418029735943,12.622222222222222,4.463431664338799,0.022222222222222223
SP_MG,4e17c65a516f69d023a2ae78b84f28d6,10,-26.5,10.88577052853862,11.3,7.674633541739957,0.0
SP_MG,4e7c18b98d84e05cbae3ff0ff03846c2,7,-13.285714285714286,2.9277002188455996,11.0,2.449489742783178,0.0
SP_MG,4e922959ae960d389249c378d1c939f5,37,-9.054054054054054,10.140529095186816,17.783783783783782,9.498933083758917,0.1891891891891892
SP_MG,5058e8c1e82653974541e83690655b4a,6,-30.166666666666668,6.735478206235,25.0,6.899275324264136,0.0
SP_MG,520b493b57809f446cb0a233bb3e25c7,7,-15.142857142857142,2.4784787961282104,8.714285714285714,2.0586634591635513,0.0
SP_MG,527801b552d0077ffd170872eb49683b,10,-14.0,3.559026084010437,11.0,4.08248290463863,0.0
SP_MG,52f9db5cfb423382a2fa5c9e39303202,5,-18.0,4.636809247747852,8.6,3.1304951684997055,0.0
SP_MG,5343d0649eca2a983820bfe93fc4d17e,11,-13.090909090909092,6.23625761902995,8.727272727272727,4.406606610327477,0.0
SP_MG,53e4c6e0f4312d4d2107a8c9cddf45cd,56,-14.732142857142858,7.324904148125132,14.267857142857142,6.764858585980323,0.03571428571428571
SP_MG,54a1852d1b8f10312c55e906355666ee,20,-11.75,8.753194905440617,10.35,6.434078676939896,0.15
SP_MG,562fc2f2c2863ab7e79a9e4388a58a14,29,-14.310344827586206,5.523349451425429,9.241379310344827,4.429246730651299,0.0
SP_MG,56642bcb79900e777d68e91915cb4267,6,-19.0,9.528903399657276,9.5,2.258317958127243,0.0
SP_MG,582d4f8675b945722eda7c0cb61ba4c7,7,-15.142857142857142,3.2877840272018797,11.714285714285714,4.820590756130958,0.0
SP_MG,59fb871bf6f4522a87ba567b42dafecf,6,-15.833333333333334,7.026141662866374,8.333333333333334,4.546060565661953,0.0
SP_MG,5a8e7d5003a1f221f9e1d6e411de7c23,13,-11.23076923076923,7.247457555973751,12.538461538461538,4.033513452218893,0.0
SP_MG,5b8154610ebb21fb90eb587365e673df,8,-8.125,11.344444833107902,14.875,11.357030547512975,0.125
SP_MG,5b925e1d006e9476d738aa200751b73b,7,-11.857142857142858,4.220133150686577,10.285714285714286,5.3452248382484875,0.0
SP_MG,5c243662ce92d84573bfaff24c3e3700,14,-13.571428571428571,4.4326461226170135,10.428571428571429,4.200994126198184,0.0
SP_MG,5d0363b33554b373851fc1622e4d5f3c,6,-10.0,12.93058390019569,17.0,6.260990336999411,0.16666666666666666
SP_MG,5d3bb11474a06bdc23fb9e89f1164ee0,6,-10.833333333333334,10.087946603083635,11.666666666666666,9.025888691240697,0.16666666666666666
SP_MG,5dceca129747e92ff8ef7a997dc4f8ca,39,-12.897435897435898,5.504997116471695,11.025641025641026,3.976822187356577,0.0
SP_MG,5f1dc28029d2c244352a68107ec2b542,5,-22.2,8.136338242723197,9.8,5.215361924162119,0.0
SP_MG,5f2684dab12e59f83bef73ae57724e45,11,-15.0,3.376388603226826,8.363636363636363,1.689540012709215,0.0
SP_MG,602044f2c16190c2c6e45eb35c2e21cb,6,-5.333333333333333,5.163977794943222,18.333333333333332,5.609515724790035,0.16666666666666666
SP_MG,6039e27294dc75811c0d8a39069f52c0,11,-6.454545454545454,8.189794092205693,19.363636363636363,9.687855565322259,0.09090909090909091
SP_MG,60562ab00b8054280520d390c8c0045c,5,-12.8,4.381780460041329,10.6,4.159326868617084,0.0
SP_MG,6061155addc1e54b4cfb51c1c2a32ad8,6,-8.166666666666666,3.430257521916783,6.666666666666667,3.3862466931200785,0.0
SP_MG,640e21a7d01df7614a3b4923e990d40c,12,-10.666666666666666,7.85474186061959,8.916666666666666,4.52183255959016,0.0
SP_MG,643214e62b870443ccbe55ab29a4dccf,6,-12.833333333333334,8.70440501508671,9.0,4.516635916254486,0.16666666666666666
SP_MG,6560211a19b47992c3666cc44a7e94c0,198,-13.343434343434344,6.220420956525209,9.318181818181818,4.921183127860802,0.015151515151515152
SP_MG,66dc1b1632bd6a3e508510c5b3492107,6,-14.833333333333334,6.145459028149701,8.333333333333334,3.8297084310253524,0.0
SP_MG,6860153b69cc696d5dcfe1cdaaafcf62,16,-8.4375,11.758507558359605,11.5625,11.18313462317252,0.0625
SP_MG,688756f717c462a206ad854c5027a64a,10,-8.5,3.8369548110737792,10.6,2.1705094128132942,0.0
SP_MG,6973a06f484aacf400ece213dbf3d946,6,-1.5,7.368853370776216,24.0,8.342661445845684,0.5
SP_MG,6a8b085f816a1f75f92dbac6eb545f8f,13,-14.23076923076923,6.495560614166239,9.461538461538462,4.629891730472478,0.0
SP_MG,6c7d50c24b3ccd2fd83b44d8bb34e073,13,-12.384615384615385,5.752368519987535,12.076923076923077,5.235480532888686,0.0
SP_MG,6d66611d7c44cc30ce351abc49a68421,19,-12.052631578947368,6.1776810123264285,10.526315789473685,4.005113690335722,0.0
SP_MG,6d803cb79cc31c41c4c789a75933b3c7,6,-11.166666666666666,5.419102016632153,18.0,2.2803508501982757,0.0
SP_MG,6edacfd9f9074789dad6d62ba7950b9c,15,-14.333333333333334,5.273473599964619,10.266666666666667,3.807261232859928,0.0
SP_MG,6f892e20a171e98efe17fdb971ff319b,8,-14.25,4.862392121462145,12.75,4.432026302139591,0.0
SP_MG,6fd52c528dcb38be2eea044946b811f8,7,-9.857142857142858,12.733532783279632,26.285714285714285,10.177004891982149,0.14285714285714285
SP_MG,701938c450705b8ae65fc923b70f35c7,5,-9.0,10.173494974687902,16.8,3.492849839314596,0.0
SP_MG,7040e82f899a04d1b434b795a43b4617,22,-9.863636363636363,11.577052238291857,15.181818181818182,10.71108177203744,0.13636363636363635
SP_MG,70a12e78e608ac31179aea7f8422044b,30,-10.766666666666667,8.42280702384422,13.6,7.304226457191141,0.06666666666666667
SP_MG,70eea00b476a314817cefde4aad4f89a,15,-14.8,4.459340117743238,10.0,3.1622776601683795,0.0
SP_MG,7142540dd4c91e2237acb7e911c4eba2,46,-16.52173913043478,6.605516652128425,11.695652173913043,4.965971160328802,0.0
SP_MG,7202e2ba20579a9bd1acb29e61fe71f6,9,-12.777777777777779,9.066115179306099,11.11111111111111,3.3333333333333335,0.1111111111111111
SP_MG,725c32fa80c2faacc4fc88450d27314e,7,-13.428571428571429,3.309438162646486,8.857142857142858,3.338091841585121,0.0
SP_MG,729b2d09b2a0bdab221076327f13d050,5,-18.4,3.577708763999664,8.6,1.1401754250991378,0.0
SP_MG,729f06993dac8e860d4f02d7088ca48a,5,-13.2,8.467585252006618,13.8,6.379655163094632,0.0
SP_MG,76d5af76d0271110f9af36c92573f765,16,-11.9375,8.590450124023382,12.75,6.904105059069326,0.0625
SP_MG,7722b1df1b0e383e000397b2c11e3e19,9,-11.777777777777779,3.632415786283895,8.88888888888889,2.891558595482912,0.0
SP_MG,78c99c6dff4eeae5be99bf635ed21e3f,6,-9.5,5.612486080160912,13.0,5.727128425310541,0.0
SP_MG,7a67c85e85bb2ce8582c35f2203ad736,133,-13.06015037593985,6.046235240484477,10.165413533834586,5.111158990797429,0.045112781954887216
SP_MG,7aa4334be125fcdd2ba64b3180029f14,27,-10.666666666666666,5.574667979074904,15.0,8.004806248556118,0.1111111111111111
SP_MG,7ad32824caee82087b3e2e5f33b1bf32,11,-12.727272727272727,9.880191385706139,11.090909090909092,6.220201692140625,0.18181818181818182
SP_MG,7b07b3c7487f0ea825fc6df75abd658b,7,-14.285714285714286,8.976158898517147,8.714285714285714,3.251373336211726,0.0
SP_MG,7c67e1448b00f6e969d365cea6b010ab,98,-14.183673469387756,7.727774167443054,20.357142857142858,6.602483131758432,0.02040816326530612
SP_MG,7d13fca15225358621be4086e1eb0964,74,-11.837837837837839,8.13756219937431,14.067567567567568,7.410342792583299,0.08108108108108109
SP_MG,7d456afc660226829370f3173d14520c,11,-12.545454545454545,11.352212439552359,9.545454545454545,10.201604151932543,0.09090909090909091
SP_MG,7d76b645482be4a332374e8223836592,16,-10.75,6.148170459575758,13.125,6.270300364947972,0.0
SP_MG,7ddcbb64b5bc1ef36ca8c151f6ec77df,33,-13.606060606060606,5.722430613053523,10.181818181818182,4.517013293195969,0.06060606060606061
SP_MG,7e1fb0a3ebfb01ffb3a7dae98bf3238d,18,-11.277777777777779,4.762668006060019,12.88888888888889,3.983626619771441,0.0
SP_MG,7e3f87d16fb353f408d467e74fbd8014,11,-11.727272727272727,8.753181239879694,10.909090909090908,7.660999222745626,0.09090909090909091
SP_MG,7e93a43ef30c4f03f38b393420bc753a,31,-15.64516129032258,4.637157082356777,8.67741935483871,3.0701476270063797,0.0
SP_MG,813348c996469b40f2e028d5429d3495,26,-12.26923076923077,4.712177350717541,12.846153846153847,4.863680151426963,0.0
SP_MG,8160255418d5aaa7dbdc9f4c64ebda44,41,-7.780487804878049,9.727569570869054,17.365853658536587,8.777118255899756,0.12195121951219512
SP_MG,817245bcc3badd82bbd222e0366951a6,7,-12.285714285714286,6.290582530372571,11.714285714285714,5.648430038936652,0.0
SP_MG,81f89e42267213cb94da7ddc301651da,6,-10.5,3.7282703764614498,7.166666666666667,1.834847859269718,0.0
SP_MG,821fb029fc6e495ca4f08a35d51e53a5,7,-7.428571428571429,5.623081683476386,9.714285714285714,6.651172470932869,0.14285714285714285
SP_MG,834f8533b2ecb6598dd004ff3de7203a,6,-10.833333333333334,3.5449494589721118,13.833333333333334,6.6758270399005,0.0
SP_MG,850f4f8af5ea87287ac68de36e29107f,22,-13.363636363636363,9.9261341179806,11.136363636363637,6.678290731883953,0.045454545454545456
SP_MG,855668e0971d4dfd7bef1b6a4133b41b,50,-9.32,9.81968036389065,18.56,10.282062843930229,0.14
SP_MG,8581055ce74af1daba164fdbd55a40de,52,-9.576923076923077,8.830309109785398,14.75,8.014386573959529,0.07692307692307693
SP_MG,8648b1e89e9b349e32d3741b30ec737e,11,-18.363636363636363,6.217277977905239,8.818181818181818,2.3587361793206894,0.0
SP_MG,897060da8b9a21f655304d50fd935913,48,-11.229166666666666,7.19704307879383,14.708333333333334,6.091355344180637,0.0625
SP_MG,8a32e327fe2c1b3511609d81aaf9f042,16,-16.875,6.21691241694782,9.375,2.3909551787239067,0.0
SP_MG,8a432f4e5b471f8da497d7dc517666e2,9,-11.88888888888889,9.11652955411823,12.0,5.916079783099616,0.0
SP_MG,8b28d096634035667e8263d57ba3368c,11,-8.454545454545455,11.665021529029737,15.0,10.059821071967434,0.18181818181818182
SP_MG,8b321bb669392f5163d04c59e235e066,77,-11.480519480519481,6.2504955374299165,13.194805194805195,5.631301058040536,0.05194805194805195
SP_MG,8bb48dc19fccaa8613b6229bf7f452a2,11,-15.909090909090908,7.955558377066256,10.272727272727273,3.466724941235145,0.0
SP_MG,8d956fec2e4337affcb520f56fd8cbfd,27,-13.851851851851851,7.764335147641443,8.74074074074074,3.1451133352771077,0.0
SP_MG,8e6d7754bc7e0f22c96d255ebda59eba,11,-5.454545454545454,6.154082163306505,18.0,5.000000000000001,0.09090909090909091
SP_MG,8f119a0aee85c0c8fc534629734e94fd,7,-10.857142857142858,4.525062483125562,12.0,4.725815626252608,0.0
SP_MG,8f2ce03f928b567e3d56181ae20ae952,14,-9.071428571428571,12.028583174539435,14.642857142857142,12.604072253150463,0.07142857142857142
SP_MG,900ba814c251a692506d7834c1218441,9,-6.777777777777778,7.677528537520681,16.22222222222222,9.351173426070359,0.3333333333333333
SP_MG,91f848e9f4be368f4318775aac733370,13,-13.461538461538462,3.204564052914338,9.76923076923077,3.166329266775808,0.0
SP_MG,92eb0f42c21942b6552362b9b114707d,33,-10.787878787878787,7.007841927786934,14.696969696969697,6.222363138736202,0.09090909090909091
SP_MG,955fee9216a65b617aa5c0531780ce60,135,-11.6,7.450533387697423,11.437037037037037,5.579289270800962,0.06666666666666667
SP_MG,9646c3513289980f17226a2fc4720dbd,7,-10.571428571428571,5.623081683476385,14.571428571428571,8.162049229148744,0.0
SP_MG,96493fab2fbb13a14d0c0e8772eef5c3,10,-10.1,7.922541679705236,14.4,6.003702561290361,0.1
SP_MG,966cb4760537b1404caedd472cc610a5,5,-18.4,12.759310326189265,10.4,6.465291950097845,0.0
SP_MG,9674754b5a0cb32b638cec001178f799,11,-9.363636363636363,9.233338803192778,14.454545454545455,8.57162337440973,0.18181818181818182
SP_MG,974cf2cb8f4b7add98709c30df02fe10,7,-19.428571428571427,8.482474930843058,9.142857142857142,4.810702354423639,0.0
SP_MG,98dac6635aee4995d501a3972e047414,14,-13.0,5.068758002934022,10.571428571428571,4.145698154329762,0.0
SP_MG,99eaacc9e6046db1c82b163c5f84869f,8,-6.125,10.709641850754327,16.5,11.237691679598363,0.125
SP_MG,9b00ed88b7fdb95d6ff76e27c1b52d16,10,-12.4,6.915361322607969,10.9,7.046669820245274,0.1
SP_MG,9b013e03b2ab786505a1d3b5c0756754,5,-16.4,5.176871642217915,7.6,3.049590136395381,0.0
SP_MG,9c0e69c7bf2619675bbadf47b43f655a,13,-13.076923076923077,7.052913564165503,15.076923076923077,4.680839284813825,0.0
SP_MG,9d4db00d65d7760644ac0c14edb5fd86,8,-9.875,13.389094709608157,13.625,8.467374361124502,0.25
SP_MG,9e6229250fedbe05838fef417b74e7fb,5,-15.2,6.685805860178712,9.6,5.504543577809154,0.0
SP_MG,9f505651f4a6abe901a56cdc21508025,38,-11.68421052631579,9.656548718029127,10.0,7.908257743684165,0.05263157894736842
SP_MG,a17f621c590ea0fab3d5d883e1630ec6,7,-11.857142857142858,5.398412465054625,11.857142857142858,2.911389784311004,0.0
SP_MG,a3e9a2c700480d9bb01fba070ba80a0e,14,-12.785714285714286,5.859621560746465,12.0,5.491251783869153,0.0
SP_MG,a416b6a846a11724393025641d4edd5e,19,-12.473684210526315,6.923136901824455,11.368421052631579,5.356310155277807,0.05263157894736842
SP_MG,a49928bcdf77c55c6d6e05e09a9b4ca5,9,-3.5555555555555554,11.32597800535467,20.333333333333332,9.367496997597597,0.2222222222222222
SP_MG,a673821011d0cec28146ea42f5ab767f,21,-11.285714285714286,7.868563128950909,14.238095238095237,5.778449289426723,0.047619047619047616
SP_MG,a7f13822ceb966b076af67121f87b063,9,-17.333333333333332,7.123903424387504,18.88888888888889,6.372684764768387,0.0
SP_MG,aced59e9b31ef866a94f9e7f29d8d418,7,-15.571428571428571,2.439750182371333,7.714285714285714,1.9760470401187071,0.0
SP_MG,b127efdabeffb5d559349c7b172eb75d,5,-18.2,14.27235089254745,10.0,7.44983221287567,0.2
SP_MG,b17b679f4f5ce2e03ce6968c62648246,9,-10.777777777777779,13.944333775567925,16.0,6.6332495807108,0.1111111111111111
SP_MG,b18dc380845b24038cfc48006478f099,6,-17.0,4.2895221179054435,7.166666666666667,2.786873995477131,0.0
SP_MG,b2479f944e1b90cf8a5de1bbfde284d6,9,-7.777777777777778,11.648795836671036,16.444444444444443,11.237338554025047,0.2222222222222222
SP_MG,b2ba3715d723d245138f291a6fe42594,35,-10.914285714285715,9.897627251522662,15.142857142857142,6.540115384585923,0.11428571428571428
SP_MG,b33e7c55446eabf8fe1a42d037ac7d6d,14,-15.5,4.783786720226496,12.357142857142858,4.482566964743148,0.0
SP_MG,b372ee768ed69e46ca8cdbd267aa7a38,8,-17.875,7.717096048940393,12.375,4.68851179556401,0.0
SP_MG,b499c00f28f4b7069ff6550af8c1348a,15,-14.8,8.325520146770755,10.8,7.242730345466608,0.06666666666666667
SP_MG,b4ffb71f0cb1b1c3d63fad021ecf93e1,12,-17.583333333333332,5.401318581998512,9.166666666666666,2.32900030576263,0.0
SP_MG,b561927807645834b59ef0d16ba55a24,10,-7.3,15.413197807939358,14.7,16.1455188141409,0.1
SP_MG,b56906f7fd1696e043f1bcce164c487b,6,-23.166666666666668,12.22156563892968,8.5,2.4289915602982237,0.0
SP_MG,b6d44737c043328708f6749c2dbe50bd,6,-15.666666666666666,12.909944487358056,12.333333333333334,12.847827313077751,0.16666666666666666
SP_MG,b76dba6c951ab00dc4edf0a1aa88037e,18,-19.27777777777778,9.516583393063089,11.277777777777779,4.508887374893846,0.0
SP_MG,b839e41795b7f3ad94cc2014a52f6796,7,-11.571428571428571,10.469911538262757,9.714285714285714,7.674943772091226,0.14285714285714285
SP_MG,ba143b05f0110f0dc71ad71b4466ce92,14,-11.071428571428571,9.817286838995837,12.285714285714286,5.369838436597961,0.07142857142857142
SP_MG,bacb1f0ed56ad24198f5810d2b3fe9a5,7,-14.285714285714286,3.0394235042348474,9.285714285714286,2.138089935299395,0.0
SP_MG,bbad7e518d7af88a0897397ffdca1979,10,-9.9,8.292566952799758,13.1,7.430417963419763,0.1
SP_MG,bccf933e006e9b94a6184af782963e77,7,-15.714285714285714,6.993193970194299,8.857142857142858,4.845223470201398,0.0
SP_MG,bd4889b5e9133b35b66e42a8665cea5c,6,-15.5,5.718391382198318,9.0,4.242640687119286,0.0
SP_MG,bf3c6d2a28b2b5501e6c15448982dcc9,7,-12.285714285714286,2.214669705568283,8.714285714285714,2.0586634591635513,0.0
SP_MG,bfd27a966d91cfaafdb25d076585f0da,23,-16.565217391304348,7.924794731821259,10.695652173913043,5.546782708829717,0.043478260869565216
SP_MG,c003204e1ab016dfa150abc119207b24,20,-14.3,5.563981913777408,8.05,4.37065573786673,0.0
SP_MG,c31eff8334d6b3047ed34bebd4d62c36,8,-11.75,6.881652625434014,10.875,3.6030740843261686,0.0
SP_MG,c3867b4666c7d76867627c2f7fb22e21,18,-9.88888888888889,6.2203545282818355,15.444444444444445,6.021747081080103,0.0
SP_MG,c60b801f2d52c7f7f91de00870882a75,6,-11.666666666666666,8.334666560017064,16.0,3.2863353450309964,0.0
SP_MG,c66dccfb3f109511246da627dd5a2498,5,-12.4,4.669047011971501,10.8,5.449770637375485,0.0
SP_MG,c70c1b0d8ca86052f45a432a38b73958,18,-11.722222222222221,7.6604834400935635,10.5,4.817248421343991,0.05555555555555555
SP_MG,c826c40d7b19f62a09e2d7c5e7295ee2,44,-11.954545454545455,5.536158291251509,12.363636363636363,4.6660122364043195,0.0
SP_MG,c8b0e2b0a7095e5d8219575d5e7e1181,14,-15.357142857142858,5.852115237010695,8.142857142857142,4.129763317061288,0.0
SP_MG,c9c7905cffc4ef9ff9f113554423e671,16,-7.6875,9.242789982828056,12.8125,7.431632839872181,0.1875
SP_MG,ca3bd7cd9f149df75950150d010fe4a2,9,-15.444444444444445,7.843964417166728,15.444444444444445,7.633988327065858,0.0
SP_MG,cab85505710c7cb9b720bceb52b01cee,21,-21.38095238095238,7.453027508846257,9.523809523809524,3.9448580154303103,0.0
SP_MG,cac4c8e7b1ca6252d8f20b2fc1a2e4af,9,-9.0,8.2915619758885,17.88888888888889,5.622375931144334,0.1111111111111111
SP_MG,cbd996ad3c1b7dc71fd0e5f5df9087e2,14,-10.5,5.626175090933996,11.285714285714286,4.195759240518408,0.0
SP_MG,cc419e0650a3c5ba77189a1882b7556a,187,-14.93048128342246,6.272527682725824,10.786096256684491,5.543301610355783,0.03208556149732621
SP_MG,cc63f0dd2acba93ffed4fe9f8e0321fa,11,-11.818181818181818,5.363174094101026,8.0,3.1304951684997047,0.0
SP_MG,cca3071e3e9bb7d12640c9fbe2301306,84,-16.11904761904762,8.869067352802572,13.642857142857142,5.749055149489877,0.023809523809523808
SP_MG,cce6ab8d1682639fe45ab70234f1665f,6,-17.666666666666668,2.732520204255893,13.833333333333334,3.4302575219167823,0.0
SP_MG,cd68562d3f44870c08922d380acae552,17,-13.882352941176471,4.755028298301395,10.0,3.588175023601831,0.0
SP_MG,ce27a3cc3c8cc1ea79d11e561e9bebb6,9,-13.88888888888889,4.013864859597431,9.555555555555555,4.901813723284247,0.0
SP_MG,ceaec5548eefc6e23e6607c5435102e7,14,-16.285714285714285,6.043796201682559,10.928571428571429,4.340582834212398,0.0
SP_MG,cee48807215b30a12ca2ca10ffb5f250,5,-8.6,8.96102672688794,28.6,8.080841540334768,0.2
SP_MG,cfb1a033743668a192316f3c6d1d2671,18,-10.5,8.7329666140638,14.333333333333334,5.562479345632507,0.16666666666666666
SP_MG,d12c926d74ceff0a90a21184466ce161,9,-18.22222222222222,3.419714088113864,7.666666666666667,2.23606797749979,0.0
SP_MG,d1b65fc7debc3361ea86b5f14c68d2e2,6,-12.5,7.582875444051551,11.166666666666666,5.382068994974578,0.0
SP_MG,d1c281d3ae149232351cd8c8cc885f0d,21,-11.095238095238095,6.212123323830283,13.666666666666666,6.628222486710395,0.047619047619047616
SP_MG,d20b021d3efdf267a402c402a48ea64b,7,-10.428571428571429,4.577377082170635,12.428571428571429,4.649628761422531,0.0
SP_MG,d2374cbcbb3ca4ab1086534108cc3ab7,63,-14.428571428571429,9.08155572453752,16.03174603174603,6.35246524147415,0.06349206349206349
SP_MG,d4f117125b59ce73c3302f88ee40c458,5,-12.2,3.1144823004794873,9.4,1.6733200530681513,0.0
SP_MG,d50d79cb34e38265a8649c383dcffd48,7,-16.285714285714285,7.739816658342877,9.142857142857142,4.3369947901195145,0.0
SP_MG,d566c37fa119d5e66c4e9052e83ee4ea,6,-18.5,8.47938677028003,7.166666666666667,3.125166662222459,0.0
SP_MG,d673a59aac7a70d8b01e6902bf090a11,11,-17.454545454545453,8.430464238268689,11.636363636363637,5.334280218974764,0.0
SP_MG,d6b1ce66b035a475f00c017792ff9769,14,-14.214285714285714,4.693343427395073,9.142857142857142,5.0817492878118085,0.0
SP_MG,d91fb3b7d041e83b64a00a3edfb37e4f,56,-15.767857142857142,8.054340605996408,10.660714285714286,3.8719353193052064,0.0
SP_MG,da8622b14eb17ae2831f4ac5b9dab84a,143,-12.013986013986013,9.019529682302949,13.384615384615385,6.970686183738014,0.09090909090909091
SP_MG,db2956745b3a8e9f3785c99f34b5d25e,10,-11.4,6.834552736727628,13.9,4.357624225296267,0.0
SP_MG,db4350fd57ae30082dec7acbaacc17f9,13,-14.461538461538462,7.445528687467227,11.153846153846153,4.355956723196291,0.07692307692307693
SP_MG,dbb9b48c841a0e39e21f98e1a6b2ec3e,8,-14.75,4.131758532565592,8.5,4.59813626840888,0.0
SP_MG,dbd66278cbfe1aa1000f90a217ca4695,8,-17.0,8.89622712968015,9.25,5.035587637718447,0.0
SP_MG,dc4a0fc896dc34b0d5bfec8438291c80,28,-10.857142857142858,5.169098250137709,13.821428571428571,5.062963350015273,0.03571428571428571
SP_MG,dc8798cbf453b7e0f98745e396cc5616,6,-16.166666666666668,8.010409893798611,13.5,6.284902544988268,0.0
SP_MG,dd533b429f380718b70ad9922c294bae,7,-14.142857142857142,3.2877840272018797,12.142857142857142,4.29839394148448,0.0
SP_MG,dd7ddc04e1b6c2c614352b383efe2d36,12,-9.166666666666666,6.926015952168821,14.583333333333334,5.961365513695565,0.08333333333333333
SP_MG,de23c3b98a88888289c6f5cc1209054a,10,-14.1,7.294594650226365,9.4,3.0983866769659336,0.0
SP_MG,dee656f0f566ed1aa85bd137c943f08f,14,-12.714285714285714,6.485825627160667,12.071428571428571,6.787593724688342,0.0
SP_MG,dfc5fb7259bb2b599ca565e6e9448f0f,5,-11.8,8.899438184514796,12.0,4.183300132670378,0.0
SP_MG,e067ad2c1c0b48758eb1b5228bcf7a68,5,-17.2,3.03315017762062,12.0,1.8708286933869709,0.0
SP_MG,e26901d5ab434ce92fd9b5c256820a4e,26,-15.115384615384615,4.283241044600905,9.115384615384615,2.916531132382071,0.0
SP_MG,e333046ce6517bd8bb510291d44f0130,15,-13.8,7.6643888955909025,11.8,6.085110634045319,0.06666666666666667
SP_MG,e48cc16ab70bfa09e1401740dce0b3d7,5,-14.0,5.049752469181039,12.2,4.024922359499622,0.0
SP_MG,e5a3438891c0bfdb9394643f95273d8e,20,-6.95,10.704032688172886,17.35,9.863676052220992,0.15
SP_MG,e5a38146df062edaf55c38afa99e42dc,8,-5.625,12.883405716546493,18.875,11.357030547512975,0.125
SP_MG,e62b2d6ac10570a035a30bafcf01d263,7,-11.714285714285714,7.341986237031632,15.0,4.472135954999579,0.0
SP_MG,e9511df20ccd82658a30c37b7fb343af,7,-11.285714285714286,5.529143565818179,11.857142857142858,5.520524474738834,0.0
SP_MG,e96498ed8daaa3e9c23f7a62da76591c,5,-16.8,5.215361924162119,10.2,3.1144823004794873,0.0
SP_MG,e9779976487b77c6d4ac45f75ec7afe9,45,-13.177777777777777,7.912271507224737,11.155555555555555,5.55123063979165,0.06666666666666667
SP_MG,e9d99831abad74458942f21e16f33f92,17,-9.823529411764707,7.418181162839438,12.058823529411764,6.407715937009986,0.11764705882352941
SP_MG,ea8482cd71df3c1969d7b9473ff13abc,122,-12.40983606557377,7.2234170371031245,11.778688524590164,5.600342809876167,0.05737704918032787
SP_MG,ebd2d60905fb58271facef5596b620d3,11,-15.818181818181818,2.3159525823376357,9.0,2.569046515733026,0.0
SP_MG,ef506c96320abeedfb894c34db06f478,35,-13.8,6.46165158272021,10.371428571428572,5.970938020138555,0.05714285714285714
SP_MG,efcd8d2104f1a05d028af7bad20d974b,8,-13.125,5.139135558215436,11.625,2.774243783705493,0.0
SP_MG,f00e21b1e91a79653163b7fd8f293ff1,11,-18.363636363636363,3.7489392439122637,7.0,2.1908902300206643,0.0
SP_MG,f0b47fbbc6dee9aafe415a6e33051b3f,7,-22.285714285714285,12.996336480130156,9.571428571428571,5.318431562567509,0.0
SP_MG,f12ff17ad8bbf01ec5c33b17e506649b,6,-8.5,12.25969004502153,16.0,8.414273587185052,0.16666666666666666
SP_MG,f214d28e8d8e3ef068748498ccc2f813,7,-13.857142857142858,8.745066636463697,11.714285714285714,7.20449595077698,0.14285714285714285
SP_MG,f262cbc1c910c83959f849465454ddd3,16,-8.875,7.32006375199925,12.25,7.0285133563222315,0.0625
SP_MG,f27e33c6d29b5138fa9967bcd445b6d5,13,-12.153846153846153,9.414936305733866,13.538461538461538,6.6785151121012,0.15384615384615385
SP_MG,f45122a9ab94eb4f3f8953578bc0c560,22,-12.5,6.0059494313079735,10.045454545454545,5.576116353975551,0.045454545454545456
SP_MG,f46490624488d3ff7ce78613913a7711,5,-15.6,5.224940191045253,8.4,3.1304951684997055,0.0
SP_MG,f4aba7c0bca51484c30ab7bdc34bcdd1,12,-16.416666666666668,9.866917482479552,11.666666666666666,3.0251471289038405,0.0
SP_MG,f5a590cf36251cf1162ea35bef76fe84,14,-7.071428571428571,18.349027581504508,16.357142857142858,18.299252371685498,0.21428571428571427
SP_MG,f680f85bee2d253556ac91be391d2c82,8,-14.0,5.707138387268051,10.125,4.086126352846736,0.0
SP_MG,f7ba60f8c3f99e7ee4042fdef03b70c4,24,-10.166666666666666,7.976414508148201,11.166666666666666,5.961227380670693,0.125
SP_MG,f7ccf836d21b2fb1de37564105216cc1,6,-7.666666666666667,6.831300510639733,13.166666666666666,7.305249254246337,0.16666666666666666
SP_MG,f80edd2c5aaa505cc4b0a3b219abf4b8,11,-11.727272727272727,7.695335068610192,15.181818181818182,8.738628975053029,0.09090909090909091
SP_MG,f84fa566034f5e8e880a07ec624c56af,9,-13.11111111111111,6.954215348341688,9.88888888888889,5.011098792790969,0.0
SP_MG,f8db351d8c4c4c22c6835c19a46f01b0,64,-12.796875,8.72540477525619,11.171875,7.556253979740834,0.078125
SP_MG,fa1c13f2614d7b5c4749cbc52fecda94,65,-11.984615384615385,8.42520828320491,12.430769230769231,6.841895823639708,0.07692307692307693
SP_MG,fa40cc5b934574b62717c68f3d678b6d,28,-15.035714285714286,7.310480264190698,9.928571428571429,3.952763416186026,0.03571428571428571
SP_MG,fd386aa7bed2af3c7035c65506c9b4a3,5,-10.0,11.979148550710939,11.2,7.259476565152615,0.2
SP_MG,fdb9095204a334cd8872252ffec6f2db,8,-15.375,4.8678977568791,7.25,2.1213203435596424,0.0
SP_MG,fe2032dab1a61af8794248c8196565c9,29,-12.931034482758621,6.881294700037811,10.827586206896552,6.129955520214071,0.06896551724137931
SP_MG,febab0275244b9a49a623f0bd613ca2f,15,-12.466666666666667,7.17999867356401,11.333333333333334,6.883382335810817,0.06666666666666667
SP_MG,ff063b022a9a0aab91bad2c9088760b7,13,-9.846153846153847,8.532742367357185,12.23076923076923,7.281870709209346,0.15384615384615385
SP_MG,fffd5413c0700ac820c7069d66d98c89,9,-12.555555555555555,6.405292950191878,13.0,3.8078865529319543,0.0
SP_MS,1025f0e2d44d7041d6cf58b6550e0bfa,12,-9.25,10.14553193193034,16.666666666666668,9.267080871492807,0.16666666666666666
SP_MS,1900267e848ceeba8fa32d80c1a5f5a8,5,-0.2,7.014271166700072,23.8,4.324349662087931,0.6
SP_MS,3d871de0142ce09b7081e2b9d1733cb1,8,-5.0,15.865506160040585,22.625,13.45826883369477,0.375
SP_MS,4869f7a5dfa277a7dca6462dcf3b52b2,11,-7.818181818181818,9.631388080834267,19.545454545454547,8.029491096746249,0.18181818181818182
SP_MS,4a3ca9315b744ce9f8e9374361493884,10,-8.2,11.477514248883917,17.4,9.856751775080651,0.2
SP_MS,4b9750c8ad28220fe6702d4ecb7c898f,5,-12.6,10.114346246792227,12.8,5.540758070878027,0.0
SP_MS,6560211a19b47992c3666cc44a7e94c0,9,-7.0,12.093386622447824,15.444444444444445,9.302030841583884,0.2222222222222222
SP_MS,7a67c85e85bb2ce8582c35f2203ad736,8,-14.5,3.7032803990902057,9.375,3.9618718519695424,0.0
SP_MS,8b321bb669392f5163d04c59e235e066,9,-11.88888888888889,11.688075594857825,15.555555555555555,8.03291838485726,0.2222222222222222
SP_MS,955fee9216a65b617aa5c0531780ce60,11,-10.818181818181818,4.238353024894973,11.363636363636363,3.2022719207689803,0.0
SP_MS,cc419e0650a3c5ba77189a1882b7556a,12,-12.833333333333334,14.345308598558583,16.75,14.020277522866008,0.08333333333333333
SP_MS,d91fb3b7d041e83b64a00a3edfb37e4f,5,-15.0,1.4142135623730951,10.0,1.7320508075688772,0.0
SP_MS,da8622b14eb17ae2831f4ac5b9dab84a,9,-10.0,5.8309518948453,18.0,4.795831523312719,0.0
SP_MS,e9779976487b77c6d4ac45f75ec7afe9,7,-13.142857142857142,6.593647736738025,14.0,6.531972647421808,0.0
SP_MS,ea8482cd71df3c1969d7b9473ff13abc,9,-4.888888888888889,8.521215354109478,17.333333333333332,7.92148975887743,0.2222222222222222
SP_MS,fa1c13f2614d7b5c4749cbc52fecda94,6,-1.8333333333333333,6.177917664283546,20.333333333333332,7.339391437078873,0.3333333333333333
SP_MT,1025f0e2d44d7041d6cf58b6550e0bfa,11,-17.0,10.705138952858107,15.181818181818182,3.8423477671387793,0.0
SP_MT,1f50f920176fa81dab994f9023523100,14,-12.928571428571429,6.899992036943964,19.285714285714285,5.2246247039096785,0.0
SP_MT,2138ccb85b11a4ec1e37afbd1c8eda1f,10,-20.7,9.661492868312042,15.2,5.181162460726786,0.0
SP_MT,3d871de0142ce09b7081e2b9d1733cb1,11,-20.90909090909091,10.755970857663621,16.818181818181817,8.207535340383028,0.09090909090909091
SP_MT,4869f7a5dfa277a7dca6462dcf3b52b2,8,-9.0,8.315218406202998,22.5,7.230886134196436,0.125
SP_MT,4a3ca9315b744ce9f8e9374361493884,9,-13.555555555555555,5.101742621671322,18.0,4.743416490252569,0.0
SP_MT,562fc2f2c2863ab7e79a9e4388a58a14,10,-14.9,12.368867728652,15.4,11.56815552377397,0.1
SP_MT,5dceca129747e92ff8ef7a997dc4f8ca,6,-15.0,8.099382692526634,16.666666666666668,6.623191577077222,0.0
SP_MT,6560211a19b47992c3666cc44a7e94c0,19,-16.31578947368421,7.401596161031359,14.105263157894736,5.952541351222324,0.05263157894736842
SP_MT,7a67c85e85bb2ce8582c35f2203ad736,21,-14.333333333333334,10.135745326976863,15.952380952380953,10.29794246670756,0.047619047619047616
SP_MT,7c67e1448b00f6e969d365cea6b010ab,11,-12.363636363636363,18.554097807615047,30.09090909090909,16.783650052682493,0.18181818181818182
SP_MT,7d13fca15225358621be4086e1eb0964,5,-10.2,16.84339633209407,20.4,14.909728367747013,0.2
SP_MT,7e93a43ef30c4f03f38b393420bc753a,6,-18.0,3.7947331922020546,10.666666666666666,2.7325202042558927,0.0
SP_MT,8b321bb669392f5163d04c59e235e066,10,-9.8,9.715966241192895,20.5,7.560864148142503,0.2
SP_MT,92eb0f42c21942b6552362b9b114707d,5,-15.6,3.2093613071762426,19.0,3.3166247903554,0.0
SP_MT,955fee9216a65b617aa5c0531780ce60,10,-10.8,10.496560283148845,18.5,9.216531041798994,0.1
SP_MT,b2ba3715d723d245138f291a6fe42594,5,-14.2,3.96232255123179,17.0,5.1478150704935,0.0
SP_MT,c826c40d7b19f62a09e2d7c5e7295ee2,6,-8.833333333333334,9.410986487434071,21.833333333333332,6.274286147974658,0.16666666666666666
SP_MT,cc419e0650a3c5ba77189a1882b7556a,14,-15.0,9.462476501342636,17.714285714285715,9.643080990482812,0.07142857142857142
SP_MT,cca3071e3e9bb7d12640c9fbe2301306,6,-17.0,7.64198926981712,19.166666666666668,5.419102016632154,0.0
SP_MT,d91fb3b7d041e83b64a00a3edfb37e4f,7,-18.714285714285715,9.499373412920203,16.142857142857142,3.532165125838609,0.0
SP_MT,da8622b14eb17ae2831f4ac5b9dab84a,14,-14.0,7.726079710455212,17.428571428571427,8.924592520017463,0.07142857142857142
SP_MT,e9779976487b77c6d4ac45f75ec7afe9,5,-14.0,5.0990195135927845,13.4,5.128352561983234,0.0
SP_MT,ea8482cd71df3c1969d7b9473ff13abc,16,-13.25,6.826419266350405,16.75,5.039841267341661,0.0625
SP_MT,f8db351d8c4c4c22c6835c19a46f01b0,6,-2.8333333333333335,16.030179870065922,27.0,15.8871016865884,0.3333333333333333
SP_MT,fa1c13f2614d7b5c4749cbc52fecda94,8,-8.375,9.00694176732591,21.75,7.9417522355855805,0.25
SP_PA,0be8ff43f22e456b4e0371b2245e4d01,5,-19.2,9.959919678390985,17.2,5.630275304103699,0.0
SP_PA,1025f0e2d44d7041d6cf58b6550e0bfa,7,-11.714285714285714,8.826367424074409,22.0,11.254628677422755,0.14285714285714285
SP_PA,1f50f920176fa81dab994f9023523100,9,-9.222222222222221,15.658685910524053,27.333333333333332,14.247806848775006,0.2222222222222222
SP_PA,1f9ab4708f3056ede07124aad39a2554,5,-13.4,4.774934554525329,22.4,5.128352561983235,0.0
SP_PA,2138ccb85b11a4ec1e37afbd1c8eda1f,5,-12.0,16.263455967290593,22.8,15.319921670818033,0.2
SP_PA,440dd6ab244315c632130ecfb63827b1,7,-13.857142857142858,9.299257522845062,21.428571428571427,11.88636674033383,0.14285714285714285
SP_PA,4869f7a5dfa277a7dca6462dcf3b52b2,13,-16.23076923076923,13.317618944802947,24.307692307692307,11.301803804294659,0.15384615384615385
SP_PA,4a3ca9315b744ce9f8e9374361493884,7,-12.0,10.816653826391969,25.857142857142858,9.78823394742503,0.14285714285714285
SP_PA,4d6d651bd7684af3fffabd5f08d12e5a,5,-5.4,17.86896751354146,30.2,16.452963258939103,0.4
SP_PA,4e922959ae960d389249c378d1c939f5,5,-21.8,6.534523701081817,20.2,6.496152707564685,0.0
SP_PA,5dceca129747e92ff8ef7a997dc4f8ca,6,-16.666666666666668,18.554424449889755,22.833333333333332,13.761056161017098,0.16666666666666666
SP_PA,6560211a19b47992c3666cc44a7e94c0,29,-14.96551724137931,13.526383633003764,19.75862068965517,10.762551385023485,0.10344827586206896
SP_PA,7a67c85e85bb2ce8582c35f2203ad736,19,-16.36842105263158,10.745596133175205,17.63157894736842,8.795267201523716,0.15789473684210525
SP_PA,7c67e1448b00f6e969d365cea6b010ab,16,-15.0,9.4798030921885,29.6875,12.125558406385524,0.0625
SP_PA,7e93a43ef30c4f03f38b393420bc753a,7,-13.857142857142858,12.850792082313726,23.285714285714285,11.743285822322553,0.14285714285714285
SP_PA,8b321bb669392f5163d04c59e235e066,9,-14.555555555555555,6.728876412728783,20.11111111111111,6.091888960832355,0.0
SP_PA,92eb0f42c21942b6552362b9b114707d,5,-17.4,7.127411872482185,17.6,6.465291950097846,0.0
SP_PA,955fee9216a65b617aa5c0531780ce60,10,-12.2,10.042133460796288,22.1,10.386422761363885,0.2
SP_PA,9f505651f4a6abe901a56cdc21508025,5,-21.2,8.5848704125339,15.0,4.123105625617661,0.0
SP_PA,b4ffb71f0cb1b1c3d63fad021ecf93e1,5,-18.8,7.293833011524188,18.8,5.9329587896765315,0.0
SP_PA,c826c40d7b19f62a09e2d7c5e7295ee2,7,-10.0,11.343133018115704,27.571428571428573,8.657504314314892,0.14285714285714285
SP_PA,cc419e0650a3c5ba77189a1882b7556a,19,-19.526315789473685,8.133390853981243,18.210526315789473,8.695969356025564,0.0
SP_PA,cca3071e3e9bb7d12640c9fbe2301306,5,-23.6,10.014988766843427,19.6,8.988882021697693,0.0
SP_PA,d91fb3b7d041e83b64a00a3edfb37e4f,7,-17.428571428571427,9.571783930858846,24.428571428571427,7.367883976130073,0.0
SP_PA,de23c3b98a88888289c6f5cc1209054a,5,-13.0,14.52583904633395,22.2,12.676750372236569,0.2
SP_PA,ea8482cd71df3c1969d7b9473ff13abc,21,-11.047619047619047,14.461936905118174,25.80952380952381,11.990075260894102,0.23809523809523808
SP_PA,ef506c96320abeedfb894c34db06f478,8,-14.125,14.54488127928762,22.5,17.410998166183845,0.125
SP_PA,f7ba60f8c3f99e7ee4042fdef03b70c4,9,-5.555555555555555,10.199400853862826,22.22222222222222,14.201916928515125,0.2222222222222222
SP_PA,f8db351d8c4c4c22c6835c19a46f01b0,8,-16.875,4.38951673226759,17.75,5.775564289066727,0.0
SP_PA,fa1c13f2614d7b5c4749cbc52fecda94,7,-17.285714285714285,6.824326235712106,17.285714285714285,7.846746368491119,0.0
SP_PB,1025f0e2d44d7041d6cf58b6550e0bfa,8,-14.125,10.507650274238967,18.625,5.180664601601391,0.125
SP_PB,1f50f920176fa81dab994f9023523100,7,-0.8571428571428571,30.84600769104797,32.142857142857146,32.338978397740455,0.2857142857142857
SP_PB,3d871de0142ce09b7081e2b9d1733cb1,8,-8.125,17.65088018849404,28.5,15.380878667079738,0.125
SP_PB,4869f7a5dfa277a7dca6462dcf3b52b2,8,-9.125,6.706872807586473,29.375,8.05228450281569,0.0
SP_PB,4a3ca9315b744ce9f8e9374361493884,10,-12.3,6.8158312446506155,20.6,6.703233050799692,0.1
SP_PB,6560211a19b47992c3666cc44a7e94c0,9,-9.222222222222221,12.356959352706655,20.88888888888889,12.464393732192157,0.3333333333333333
SP_PB,7c67e1448b00f6e969d365cea6b010ab,5,-7.2,5.449770637375485,37.6,6.6558245169174945,0.0
SP_PB,855668e0971d4dfd7bef1b6a4133b41b,5,-10.4,11.436782764396638,23.2,9.391485505499118,0.2
SP_PB,8b321bb669392f5163d04c59e235e066,6,-9.333333333333334,8.500980335624043,19.333333333333332,10.557777543908882,0.16666666666666666
SP_PB,955fee9216a65b617aa5c0531780ce60,6,-5.166666666666667,7.25028735062733,22.5,11.691877522451216,0.16666666666666666
SP_PB,9f505651f4a6abe901a56cdc21508025,6,-14.833333333333334,4.665476038590989,10.666666666666666,1.8618986725025257,0.0
SP_PB,cc419e0650a3c5ba77189a1882b7556a,14,-21.071428571428573,8.444062872942018,16.428571428571427,7.439130281199498,0.07142857142857142
SP_PB,ea8482cd71df3c1969d7b9473ff13abc,5,-9.2,7.496665925596525,21.0,9.192388155425117,0.2
SP_PB,f7ba60f8c3f99e7ee4042fdef03b70c4,11,-13.545454545454545,8.382882992904486,15.909090909090908,5.6472036523317515,0.09090909090909091
SP_PB,fa1c13f2614d7b5c4749cbc52fecda94,7,-17.428571428571427,9.015859043136947,19.285714285714285,4.785891965429423,0.0
SP_PE,0db783cfcd3b73998abc6e10e59a102f,5,-10.6,11.458621208504974,22.4,7.635443667528429,0.2
SP_PE,1025f0e2d44d7041d6cf58b6550e0bfa,14,-13.571428571428571,4.164211731007363,13.928571428571429,3.5401930784869675,0.0
SP_PE,1f50f920176fa81dab994f9023523100,29,-13.586206896551724,9.306362038102561,19.20689655172414,8.046202788293671,0.034482758620689655
SP_PE,2138ccb85b11a4ec1e37afbd1c8eda1f,5,-18.6,2.7928480087537877,16.0,3.391164991562634,0.0
SP_PE,391fc6631aebcf3004804e51b40bcf1e,6,-16.666666666666668,7.52772652709081,18.5,8.734987120768983,0.0
SP_PE,3d871de0142ce09b7081e2b9d1733cb1,20,-14.95,11.704587494698503,20.75,9.797287487119236,0.05
SP_PE,4830e40640734fc1c52cd21127c341d4,7,-10.0,7.023769168568493,16.0,4.203173404306164,0.0
SP_PE,4869f7a5dfa277a7dca6462dcf3b52b2,24,-10.416666666666666,11.290306217846954,23.208333333333332,10.982116556382516,0.20833333333333334
SP_PE,4a3ca9315b744ce9f8e9374361493884,23,-12.347826086956522,9.55657173054787,20.652173913043477,7.72604035743686,0.08695652173913043
SP_PE,4b9750c8ad28220fe6702d4ecb7c898f,6,-18.0,12.83744522870497,15.5,9.311283477587825,0.16666666666666666
SP_PE,4c2b230173bb36f9b240f2b8ac11786e,5,-13.4,6.87749954561976,19.6,7.700649323271382,0.0
SP_PE,4e922959ae960d389249c378d1c939f5,12,-19.083333333333332,9.699656351300973,19.666666666666668,8.510243382197858,0.0
SP_PE,53e4c6e0f4312d4d2107a8c9cddf45cd,9,-19.666666666666668,13.901438774457842,20.11111111111111,9.675283515799995,0.1111111111111111
SP_PE,54a1852d1b8f10312c55e906355666ee,5,-9.4,10.549881515922348,21.8,11.189280584559492,0.2
SP_PE,562fc2f2c2863ab7e79a9e4388a58a14,11,-13.363636363636363,12.784934315613258,17.636363636363637,12.54808931489354,0.09090909090909091
SP_PE,6560211a19b47992c3666cc44a7e94c0,51,-14.705882352941176,9.237519402192468,14.686274509803921,8.09565363902985,0.0784313725490196
SP_PE,70a12e78e608ac31179aea7f8422044b,10,-11.3,9.672986439909169,21.0,9.018499505645787,0.1
SP_PE,7142540dd4c91e2237acb7e911c4eba2,11,-17.636363636363637,7.433340127731641,18.545454545454547,7.285103106526857,0.0
SP_PE,7a67c85e85bb2ce8582c35f2203ad736,17,-14.0,12.211674741819815,16.352941176470587,13.434755191622344,0.058823529411764705
SP_PE,7aa4334be125fcdd2ba64b3180029f14,8,-13.75,11.997023440361007,19.75,10.166471504762253,0.25
SP_PE,7c67e1448b00f6e969d365cea6b010ab,12,-14.0,9.685978619539783,29.25,10.592664700373813,0.08333333333333333
SP_PE,7d13fca15225358621be4086e1eb0964,12,-10.75,12.728814841638922,21.166666666666668,12.261049438499683,0.16666666666666666
SP_PE,7ddcbb64b5bc1ef36ca8c151f6ec77df,12,-11.583333333333334,11.804916797930453,19.333333333333332,10.368951321862376,0.16666666666666666
SP_PE,7e1fb0a3ebfb01ffb3a7dae98bf3238d,6,-12.5,9.974968671630002,21.0,8.944271909999157,0.16666666666666666
SP_PE,8581055ce74af1daba164fdbd55a40de,8,-15.0,3.0237157840738176,18.25,5.70087712549569,0.0
SP_PE,8b28d096634035667e8263d57ba3368c,5,-12.0,3.8078865529319543,18.4,7.092249290598858,0.0
SP_PE,8b321bb669392f5163d04c59e235e066,13,-13.384615384615385,9.078715598754977,16.692307692307693,6.787054041637106,0.07692307692307693
SP_PE,8d956fec2e4337affcb520f56fd8cbfd,7,-15.428571428571429,5.061526214398936,11.428571428571429,2.2253945610567474,0.0
SP_PE,8f2ce03f928b567e3d56181ae20ae952,6,-6.333333333333333,18.47881670093263,25.0,17.227884373886425,0.3333333333333333
SP_PE,92eb0f42c21942b6552362b9b114707d,8,-13.5,9.516902257112267,20.25,8.013381665332416,0.0
SP_PE,955fee9216a65b617aa5c0531780ce60,22,-15.636363636363637,8.109638325241994,15.909090909090908,5.5197402536290125,0.0
SP_PE,9f505651f4a6abe901a56cdc21508025,8,-12.75,9.794313218831192,15.25,8.77903346453518,0.125
SP_PE,b2ba3715d723d245138f291a6fe42594,7,-13.0,11.372481406154654,18.571428571428573,7.524562952029016,0.14285714285714285
SP_PE,b4ffb71f0cb1b1c3d63fad021ecf93e1,6,-20.5,4.505552130427524,11.333333333333334,3.32665998663324,0.0
SP_PE,c003204e1ab016dfa150abc119207b24,5,-11.4,4.827007354458868,12.2,3.7682887362833544,0.0
SP_PE,c826c40d7b19f62a09e2d7c5e7295ee2,6,-15.333333333333334,2.422120283277993,14.166666666666666,2.041241452319315,0.0
SP_PE,c9c7905cffc4ef9ff9f113554423e671,6,-3.8333333333333335,22.417998721265615,27.166666666666668,20.074029656914096,0.16666666666666666
SP_PE,cc419e0650a3c5ba77189a1882b7556a,40,-16.55,10.263077960863846,17.925,10.077615458695242,0.075
SP_PE,cca3071e3e9bb7d12640c9fbe2301306,7,-12.0,20.51016008388688,26.714285714285715,12.81554116056342,0.2857142857142857
SP_PE,ceaec5548eefc6e23e6607c5435102e7,11,-12.272727272727273,19.774179674974683,20.272727272727273,17.263203115823607,0.09090909090909091
SP_PE,da8622b14eb17ae2831f4ac5b9dab84a,5,-11.8,7.328028384224504,19.4,6.148170459575759,0.0
SP_PE,db4350fd57ae30082dec7acbaacc17f9,5,-20.8,7.014271166700073,11.4,4.393176527297759,0.0
SP_PE,ea8482cd71df3c1969d7b9473ff13abc,31,-11.193548387096774,10.58117622585413,18.548387096774192,8.632646213367098,0.0967741935483871
SP_PE,ef506c96320abeedfb894c34db06f478,8,-16.5,9.16515138991168,17.625,6.162965427222746,0.0
SP_PE,f46490624488d3ff7ce78613913a7711,7,-6.571428571428571,11.702665549026895,17.428571428571427,9.76144017477515,0.14285714285714285
SP_PE,f7ba60f8c3f99e7ee4042fdef03b70c4,12,-12.833333333333334,10.752025883807228,15.916666666666666,10.166418278138108,0.16666666666666666
SP_PE,f8db351d8c4c4c22c6835c19a46f01b0,11,-11.727272727272727,9.950787999861209,21.363636363636363,7.593059031414512,0.09090909090909091
SP_PE,fa1c13f2614d7b5c4749cbc52fecda94,17,-12.0,9.899494936611665,17.647058823529413,8.403430671982932,0.058823529411764705
SP_PE,fa40cc5b934574b62717c68f3d678b6d,5,-18.8,5.449770637375485,11.6,3.1304951684997055,0.0
SP_PI,1f50f920176fa81dab994f9023523100,5,-3.2,11.34460224071342,22.6,8.44393273303382,0.4
SP_PI,3d871de0142ce09b7081e2b9d1733cb1,6,-18.5,3.937003937005906,15.833333333333334,5.192943930629973,0.0
SP_PI,6560211a19b47992c3666cc44a7e94c0,12,-10.666666666666666,10.147398532121274,15.666666666666666,8.18350151033755,0.25
SP_PI,7a67c85e85bb2ce8582c35f2203ad736,10,-16.4,6.65331997326648,14.8,4.779586221049311,0.0
SP_PI,7c67e1448b00f6e969d365cea6b010ab,5,-1.8,14.463747785411636,39.2,9.523654760647302,0.6
SP_PI,8b321bb669392f5163d04c59e235e066,9,-7.777777777777778,10.183046913593419,19.77777777777778,7.8704793020783965,0.2222222222222222
SP_PI,cc419e0650a3c5ba77189a1882b7556a,8,-13.125,11.581234821900468,17.75,10.250435530816658,0.125
SP_PI,ea8482cd71df3c1969d7b9473ff13abc,11,-4.636363636363637,6.712268279392999,20.363636363636363,6.9032271768025595,0.18181818181818182
SP_PI,fa1c13f2614d7b5c4749cbc52fecda94,7,-17.428571428571427,9.360504666899516,14.285714285714286,3.946064947695181,0.0
SP_PR,004c9cd9d87a3c30c522c48c4fc07416,8,-9.625,7.872873862646528,14.875,6.334429729659964,0.0
SP_PR,00ee68308b45bc5e2660cd833c3f81cc,6,-13.666666666666666,8.71014733897577,9.0,6.54217089351845,0.16666666666666666
SP_PR,0bae85eb84b9fb3bd773911e89288d54,8,-12.25,4.77343841331532,9.75,3.1959796173138706,0.0
SP_PR,0be8ff43f22e456b4e0371b2245e4d01,7,-11.285714285714286,8.712333895390023,11.142857142857142,7.221001117771492,0.14285714285714285
SP_PR,0db783cfcd3b73998abc6e10e59a102f,6,-15.833333333333334,5.528712930390459,10.333333333333334,3.2041639575194445,0.0
SP_PR,0dd184061fb0eaa7ca37932c68ab91c5,7,-5.714285714285714,8.035634920242991,14.285714285714286,8.300889223737533,0.14285714285714285
SP_PR,1025f0e2d44d7041d6cf58b6550e0bfa,69,-12.521739130434783,7.155024346676573,11.898550724637682,5.311322333236444,0.043478260869565216
SP_PR,1127b7f2594683f2510f1c2c834a486b,6,-11.666666666666666,3.265986323710904,10.833333333333334,5.192943930629973,0.0
SP_PR,16090f2ca825584b5a147ab24aa30c86,25,-10.84,7.919806394940052,11.12,6.772001181334806,0.12
SP_PR,17e34d8224d27a541263c4c64b11a56b,11,-14.0,6.511528238439882,12.727272727272727,4.125309905713971,0.0
SP_PR,1835b56ce799e6a4dc4eddc053f04066,16,-10.5625,9.273393841163728,15.9375,8.433810921918196,0.125
SP_PR,18a349e75d307f4b4cc646a691ed4216,9,-12.88888888888889,5.754225500544024,12.222222222222221,5.585198693372013,0.0
SP_PR,1900267e848ceeba8fa32d80c1a5f5a8,9,-13.333333333333334,4.9749371855331,11.555555555555555,2.96273147243853,0.0
SP_PR,1bb2bdb95f4841f1bba2c0d2cd83d3c9,9,-14.88888888888889,5.348935511960404,14.11111111111111,4.136557881996952,0.0
SP_PR,1c129092bf23f28a5930387c980c0dfc,11,-11.363636363636363,5.220588611885201,14.272727272727273,5.31207886031277,0.0
SP_PR,1ca7077d890b907f89be8c954a02686a,6,-6.5,9.751922887307918,19.166666666666668,8.207719943240429,0.16666666666666666
SP_PR,1da3aeb70d7989d1e6d9b0e887f97c23,10,-7.2,12.968337510173685,15.7,14.659467930317252,0.2
SP_PR,1e8b33f18b4f7598d87f5cbee2282cc2,8,-14.875,6.706872807586471,8.625,4.103569874424672,0.0
SP_PR,1f50f920176fa81dab994f9023523100,71,-12.887323943661972,6.877601940408024,14.591549295774648,5.743511779860153,0.04225352112676056
SP_PR,2138ccb85b11a4ec1e37afbd1c8eda1f,26,-14.538461538461538,10.362357914030067,11.115384615384615,6.970376879778727,0.038461538461538464
SP_PR,213b25e6f54661939f11710a6fddb871,8,-19.75,8.066686343935071,15.5,2.878491668515698,0.0
SP_PR,218d46b86c1881d022bce9c68a7d4b15,11,-14.636363636363637,4.842989309769893,11.727272727272727,2.2401298663653,0.0
SP_PR,2528513dd95219a6013d4d05176e391a,6,-16.833333333333332,3.656045222185671,9.5,2.588435821108957,0.0
SP_PR,272f092de69afedd4d2969440b37f18f,5,-23.8,6.016643582596529,8.6,2.701851217221259,0.0
SP_PR,2c9e548be18521d1c43cde1c582c6de8,7,-6.142857142857143,6.669047194029329,16.285714285714285,6.156684327197709,0.14285714285714285
SP_PR,2e1c9f22be269ef4643f826c9e650a52,8,-12.375,4.926241685388278,11.5,6.90755280213519,0.0
SP_PR,2e90cb1677d35cfe24eef47d441b7c87,9,-12.222222222222221,8.913161304747291,12.333333333333334,5.722761571129799,0.1111111111111111
SP_PR,2eb70248d66e0e3ef83659f71b244378,11,-8.272727272727273,8.063385257953499,18.454545454545453,6.9478577470129075,0.09090909090909091
SP_PR,3078096983cf766a32a06257648502d1,6,-18.5,5.787918451395113,10.333333333333334,3.3862466931200785,0.0
SP_PR,33a6f4b1e7cdc205511e76ba1b6e0186,7,-14.142857142857142,6.644009116704849,6.714285714285714,2.058663459163551,0.0
SP_PR,37515688008a7a40ac93e3b2e4ab203f,8,-11.625,3.420004177106889,13.625,4.657942525560892,0.0
SP_PR,37be5a7c751166fbc5f8ccba4119e043,10,-14.1,3.5103022978402048,11.9,4.90917508345343,0.0
SP_PR,391fc6631aebcf3004804e51b40bcf1e,26,-13.115384615384615,7.3120553776728086,13.538461538461538,4.527522671225571,0.0
SP_PR,3b15288545f8928d3e65a8f949a28291,5,-17.8,5.805170109479997,10.8,3.271085446759225,0.0
SP_PR,3d871de0142ce09b7081e2b9d1733cb1,53,-15.226415094339623,6.461845144425624,14.377358490566039,6.757407374630108,0.0
SP_PR,3f995f07c49d0d55a99d5c54957f7d81,5,-10.8,3.271085446759225,10.2,3.3466401061363023,0.0
SP_PR,41b39e28db005d9731d9d485a83b4c38,5,-38.8,22.129166274399044,13.2,10.940749517286282,0.0
SP_PR,42b729f859728f5079499127a9c2ef37,5,-13.4,5.727128425310541,7.6,3.646916505762094,0.0
SP_PR,4371b634e0efc0e22b09b52907d9d469,8,-14.75,7.4785407285493495,11.0,4.140393356054125,0.0
SP_PR,4830e40640734fc1c52cd21127c341d4,11,-13.909090909090908,6.963541418768836,12.272727272727273,7.376868022283022,0.0
SP_PR,48436dade18ac8b2bce089ec2a041202,5,-14.2,2.3874672772626644,10.2,1.7888543819998317,0.0
SP_PR,4869f7a5dfa277a7dca6462dcf3b52b2,43,-14.581395348837209,7.91091036281851,12.55813953488372,6.821891671674833,0.023255813953488372
SP_PR,4a3ca9315b744ce9f8e9374361493884,78,-12.628205128205128,11.881568148677248,13.961538461538462,9.90794290795686,0.07692307692307693
SP_PR,4b9750c8ad28220fe6702d4ecb7c898f,11,-11.545454545454545,8.128513226459516,9.454545454545455,6.71362251491155,0.0
SP_PR,4c2b230173bb36f9b240f2b8ac11786e,13,-10.153846153846153,6.011740649847234,12.923076923076923,3.9043040024554623,0.07692307692307693
SP_PR,4d6d651bd7684af3fffabd5f08d12e5a,25,-13.6,4.7346242371139295,11.56,5.7740800133008205,0.04
SP_PR,4e922959ae960d389249c378d1c939f5,14,-12.928571428571429,6.3786215741971395,14.785714285714286,6.314556704443027,0.0
SP_PR,527801b552d0077ffd170872eb49683b,9,-12.88888888888889,8.115485882626567,12.88888888888889,7.356025496904636,0.1111111111111111
SP_PR,53e4c6e0f4312d4d2107a8c9cddf45cd,18,-15.777777777777779,9.4964733736239,14.944444444444445,6.053411505066642,0.05555555555555555
SP_PR,54a1852d1b8f10312c55e906355666ee,10,-18.4,11.739770961233539,11.8,6.390965845976995,0.0
SP_PR,562fc2f2c2863ab7e79a9e4388a58a14,9,-17.0,4.8218253804964775,12.0,5.894913061275798,0.0
SP_PR,582d4f8675b945722eda7c0cb61ba4c7,6,-16.666666666666668,4.926120853842978,10.666666666666666,5.391351098441528,0.0
SP_PR,5a8e7d5003a1f221f9e1d6e411de7c23,5,-15.6,4.277849927241487,9.4,3.361547262794322,0.0
SP_PR,5d0363b33554b373851fc1622e4d5f3c,5,-14.4,6.877499545619759,11.8,5.06951674225463,0.0
SP_PR,5dceca129747e92ff8ef7a997dc4f8ca,12,-14.916666666666666,7.427936619562827,12.25,5.956280108194436,0.0
SP_PR,643214e62b870443ccbe55ab29a4dccf,5,-6.2,7.19027120489902,13.8,7.726577508832744,0.4
SP_PR,6560211a19b47992c3666cc44a7e94c0,79,-13.139240506329115,5.871998255989029,9.683544303797468,3.821478784105831,0.0
SP_PR,6860153b69cc696d5dcfe1cdaaafcf62,6,-14.166666666666666,9.282600210429546,9.666666666666666,4.0824829046386295,0.0
SP_PR,688756f717c462a206ad854c5027a64a,6,-12.666666666666666,5.00666222813829,7.5,1.8708286933869707,0.0
SP_PR,6a8b085f816a1f75f92dbac6eb545f8f,7,-7.285714285714286,23.442939844896344,20.0,20.623611064344026,0.2857142857142857
SP_PR,6d66611d7c44cc30ce351abc49a68421,6,-14.833333333333334,5.776388721914988,7.333333333333333,2.3380903889000244,0.0
SP_PR,6edacfd9f9074789dad6d62ba7950b9c,14,-13.714285714285714,5.836602955995385,8.571428571428571,5.402482132021649,0.0
SP_PR,7040e82f899a04d1b434b795a43b4617,5,-8.6,9.762171889492626,12.2,8.438009243891594,0.2
SP_PR,70a12e78e608ac31179aea7f8422044b,19,-13.421052631578947,5.708821531179075,11.68421052631579,5.812368340960004,0.05263157894736842
SP_PR,70eea00b476a314817cefde4aad4f89a,7,-11.0,9.46924847422786,14.857142857142858,6.51737604225738,0.14285714285714285
SP_PR,7142540dd4c91e2237acb7e911c4eba2,30,-15.0,7.134181923958621,13.033333333333333,6.071319423340357,0.03333333333333333
SP_PR,7722b1df1b0e383e000397b2c11e3e19,7,-15.428571428571429,3.8234863173611093,8.285714285714286,2.1380899352993947,0.0
SP_PR,7a67c85e85bb2ce8582c35f2203ad736,77,-13.597402597402597,4.724682501891252,10.506493506493506,3.8375683660064044,0.0
SP_PR,7aa4334be125fcdd2ba64b3180029f14,8,-13.25,5.175491695067657,14.25,7.995534467974697,0.0
SP_PR,7ad32824caee82087b3e2e5f33b1bf32,10,-9.9,8.171087238958268,12.4,5.796550698475775,0.1
SP_PR,7c67e1448b00f6e969d365cea6b010ab,39,-13.0,8.432393679015155,22.076923076923077,7.620556048867242,0.07692307692307693
SP_PR,7d13fca15225358621be4086e1eb0964,29,-14.137931034482758,9.70538929053277,14.96551724137931,7.267750480329865,0.13793103448275862
SP_PR,7d76b645482be4a332374e8223836592,15,-11.933333333333334,6.808258290662962,11.533333333333333,5.436210164478647,0.06666666666666667
SP_PR,7ddcbb64b5bc1ef36ca8c151f6ec77df,11,-14.363636363636363,11.271847472998623,11.909090909090908,7.077493136055245,0.09090909090909091
SP_PR,7e1fb0a3ebfb01ffb3a7dae98bf3238d,7,-8.714285714285714,9.911513266807205,18.142857142857142,9.406178314075833,0.14285714285714285
SP_PR,7e93a43ef30c4f03f38b393420bc753a,13,-15.076923076923077,5.48424316354801,10.307692307692308,3.881250129030924,0.0
SP_PR,8160255418d5aaa7dbdc9f4c64ebda44,17,-12.941176470588236,8.51814671917617,14.705882352941176,7.051282736870938,0.058823529411764705
SP_PR,850f4f8af5ea87287ac68de36e29107f,10,-19.9,9.631545393480046,10.0,4.346134936801766,0.0
SP_PR,855668e0971d4dfd7bef1b6a4133b41b,9,-10.444444444444445,9.275116051984352,16.22222222222222,6.180165405913052,0.1111111111111111
SP_PR,8581055ce74af1daba164fdbd55a40de,22,-5.7727272727272725,18.71829209288227,19.40909090909091,19.11533687634366,0.09090909090909091
SP_PR,891071be6ba827b591264c90c2ae8a63,7,-10.428571428571429,11.17821009609235,21.428571428571427,7.502380574571933,0.14285714285714285
SP_PR,897060da8b9a21f655304d50fd935913,12,-8.0,6.295741706611194,16.166666666666668,5.4578272955342575,0.08333333333333333
SP_PR,8b28d096634035667e8263d57ba3368c,10,-11.2,5.788878225624642,13.9,4.998888765404656,0.0
SP_PR,8b321bb669392f5163d04c59e235e066,41,-12.073170731707316,6.585553294532052,12.585365853658537,5.787813100628326,0.04878048780487805
SP_PR,8d956fec2e4337affcb520f56fd8cbfd,7,-9.428571428571429,11.043205193800436,13.142857142857142,6.9624845045565795,0.14285714285714285
SP_PR,8f119a0aee85c0c8fc534629734e94fd,5,-14.0,4.58257569495584,8.8,3.6331804249169903,0.0
SP_PR,8f2ce03f928b567e3d56181ae20ae952,8,-6.375,11.287635460348385,19.875,8.131727983645296,0.375
SP_PR,900ba814c251a692506d7834c1218441,6,-15.5,5.089204259999788,11.166666666666666,1.3291601358251257,0.0
SP_PR,92eb0f42c21942b6552362b9b114707d,22,-10.0,6.078847008469695,15.5,5.3873750123608,0.09090909090909091
SP_PR,955fee9216a65b617aa5c0531780ce60,49,-11.571428571428571,5.880759588125784,11.306122448979592,5.083486671045167,0.02040816326530612
SP_PR,98dac6635aee4995d501a3972e047414,5,-16.0,12.90348790056394,12.6,8.264381404557755,0.2
SP_PR,9b013e03b2ab786505a1d3b5c0756754,10,-6.7,13.605962745143112,16.5,11.472188592902015,0.2
SP_PR,9d4db00d65d7760644ac0c14edb5fd86,8,-14.5,5.606119105813881,13.875,5.488624600025037,0.0
SP_PR,9f505651f4a6abe901a56cdc21508025,12,-9.833333333333334,4.489043901713944,11.083333333333334,3.0587678248047205,0.0
SP_PR,a3e9a2c700480d9bb01fba070ba80a0e,7,-19.428571428571427,7.4801324154309565,9.142857142857142,2.1157009420498154,0.0
SP_PR,a416b6a846a11724393025641d4edd5e,7,-15.857142857142858,4.180453381654971,11.714285714285714,2.288688541085317,0.0
SP_PR,b2479f944e1b90cf8a5de1bbfde284d6,7,-11.857142857142858,7.358183005529092,14.428571428571429,4.035556254807296,0.0
SP_PR,b2ba3715d723d245138f291a6fe42594,5,-13.6,4.505552130427524,14.2,3.3466401061363023,0.0
SP_PR,b33e7c55446eabf8fe1a42d037ac7d6d,5,-20.0,6.928203230275509,9.6,3.847076812334269,0.0
SP_PR,b499c00f28f4b7069ff6550af8c1348a,5,-7.0,16.911534525287763,22.8,12.59761882261882,0.4
SP_PR,b76dba6c951ab00dc4edf0a1aa88037e,12,-15.416666666666666,9.219133594998189,10.833333333333334,4.041451884327381,0.0
SP_PR,ba90964cff9b9e0e6f32b23b82465f7b,5,-14.4,14.825653442597396,12.8,10.10940156488009,0.2
SP_PR,bfd27a966d91cfaafdb25d076585f0da,7,-19.0,5.715476066494082,9.571428571428571,3.8234863173611093,0.0
SP_PR,c003204e1ab016dfa150abc119207b24,10,-13.6,4.9035134795822115,9.8,5.223876806442596,0.0
SP_PR,c31eff8334d6b3047ed34bebd4d62c36,8,-12.5,8.502100580780864,15.125,7.414994461032514,0.125
SP_PR,c3867b4666c7d76867627c2f7fb22e21,8,-15.5,4.750939756661683,11.25,3.4121631178560534,0.0
SP_PR,c6bda72e4dbf5c5866b13cb1810c6d03,5,-14.4,4.03732584763727,10.6,5.458937625582472,0.0
SP_PR,c70c1b0d8ca86052f45a432a38b73958,9,-17.22222222222222,8.56997342145496,8.666666666666666,3.24037034920393,0.0
SP_PR,c826c40d7b19f62a09e2d7c5e7295ee2,24,-10.166666666666666,9.111228937614465,13.708333333333334,9.191107075611857,0.041666666666666664
SP_PR,cab85505710c7cb9b720bceb52b01cee,5,-17.2,16.068602926203635,10.4,4.505552130427524,0.0
SP_PR,cac4c8e7b1ca6252d8f20b2fc1a2e4af,7,-11.714285714285714,7.227592630889986,13.142857142857142,5.429197958832454,0.0
SP_PR,cbd996ad3c1b7dc71fd0e5f5df9087e2,8,-14.375,8.782084035125148,12.125,7.160157619972981,0.125
SP_PR,cc419e0650a3c5ba77189a1882b7556a,76,-14.618421052631579,8.766553264559043,12.328947368421053,7.982294002594721,0.05263157894736842
SP_PR,cca3071e3e9bb7d12640c9fbe2301306,30,-17.366666666666667,9.767939582028593,14.133333333333333,7.718018922751746,0.03333333333333333
SP_PR,cce6ab8d1682639fe45ab70234f1665f,5,-11.6,5.9413803110051795,11.4,5.079370039680118,0.0
SP_PR,ceaec5548eefc6e23e6607c5435102e7,9,-13.11111111111111,7.557189365836423,13.444444444444445,6.1259919831630345,0.0
SP_PR,d12c926d74ceff0a90a21184466ce161,7,-17.142857142857142,11.096975134821973,12.285714285714286,6.701101544131525,0.0
SP_PR,d1c281d3ae149232351cd8c8cc885f0d,10,-14.3,4.522781838156198,11.2,2.573367875415838,0.0
SP_PR,d2374cbcbb3ca4ab1086534108cc3ab7,15,-16.733333333333334,7.353003921300917,14.866666666666667,3.4406533155921477,0.0
SP_PR,d57e18d5f73c7ccb7f7339b61166898d,6,-11.833333333333334,5.564770136013406,13.0,6.752777206453653,0.0
SP_PR,d6b1ce66b035a475f00c017792ff9769,10,-17.5,3.865804501581067,10.7,3.529242915351047,0.0
SP_PR,d91fb3b7d041e83b64a00a3edfb37e4f,28,-12.535714285714286,8.062175714326576,11.964285714285714,7.310480264190698,0.03571428571428571
SP_PR,da8622b14eb17ae2831f4ac5b9dab84a,44,-13.522727272727273,6.9599807416321235,14.022727272727273,6.207604624950273,0.0
SP_PR,db4350fd57ae30082dec7acbaacc17f9,5,-17.6,4.037325847637271,10.6,2.701851217221259,0.0
SP_PR,dbb9b48c841a0e39e21f98e1a6b2ec3e,7,-9.714285714285714,6.102302453836194,14.285714285714286,6.156684327197709,0.0
SP_PR,dc4a0fc896dc34b0d5bfec8438291c80,9,-11.777777777777779,5.068968775248516,12.666666666666666,3.7749172176353745,0.0
SP_PR,de23c3b98a88888289c6f5cc1209054a,12,-8.75,10.055527652174021,13.916666666666666,9.248669027913087,0.25
SP_PR,dee656f0f566ed1aa85bd137c943f08f,6,-13.166666666666666,8.727351641057364,14.333333333333334,9.025888691240695,0.0
SP_PR,e26901d5ab434ce92fd9b5c256820a4e,18,-15.277777777777779,4.335972047277432,9.444444444444445,4.668067016785708,0.0
SP_PR,e5a3438891c0bfdb9394643f95273d8e,16,-11.3125,7.87162626145322,16.875,5.714017850864661,0.0625
SP_PR,e9779976487b77c6d4ac45f75ec7afe9,32,-8.90625,14.099552440849255,15.5,14.002303957886083,0.09375
SP_PR,ea8482cd71df3c1969d7b9473ff13abc,69,-13.420289855072463,6.7723612119656424,11.956521739130435,5.707154391918703,0.028985507246376812
SP_PR,ebd2d60905fb58271facef5596b620d3,5,-15.6,1.3416407864998738,8.2,1.6431676725154982,0.0
SP_PR,ececbfcff9804a2d6b40f589df8eef2b,5,-15.0,2.7386127875258306,9.0,2.9154759474226504,0.0
SP_PR,ef506c96320abeedfb894c34db06f478,13,-11.615384615384615,4.388212649406391,12.076923076923077,4.1725599348908595,0.0
SP_PR,f262cbc1c910c83959f849465454ddd3,5,-12.0,5.916079783099616,10.8,3.271085446759225,0.0
SP_PR,f27e33c6d29b5138fa9967bcd445b6d5,5,-10.2,6.180614856144977,15.4,5.813776741499453,0.0
SP_PR,f45122a9ab94eb4f3f8953578bc0c560,11,-12.636363636363637,3.8800187440971796,11.454545454545455,3.474583035808365,0.0
SP_PR,f46490624488d3ff7ce78613913a7711,5,-10.8,11.30044246921332,12.4,6.148170459575759,0.2
SP_PR,f4aba7c0bca51484c30ab7bdc34bcdd1,9,-16.11111111111111,9.532109478552536,13.222222222222221,3.073181485764296,0.0
SP_PR,f5a590cf36251cf1162ea35bef76fe84,7,-13.857142857142858,3.804758924845367,10.0,2.9439202887759484,0.0
SP_PR,f8db351d8c4c4c22c6835c19a46f01b0,37,-12.756756756756756,5.371764687312341,10.621621621621621,4.83247895524159,0.02702702702702703
SP_PR,fa1c13f2614d7b5c4749cbc52fecda94,22,-10.545454545454545,17.516596953494386,16.272727272727273,16.414806957314106,0.09090909090909091
SP_PR,fa40cc5b934574b62717c68f3d678b6d,21,-13.0,6.348228099241551,11.142857142857142,4.508721706711496,0.047619047619047616
SP_PR,fe2032dab1a61af8794248c8196565c9,9,-10.777777777777779,11.475819990068006,10.444444444444445,11.630897548245267,0.1111111111111111
SP_PR,febab0275244b9a49a623f0bd613ca2f,5,-6.6,8.502940667792526,17.0,7.937253933193772,0.2
SP_RJ,004c9cd9d87a3c30c522c48c4fc07416,23,-7.782608695652174,8.073280969509746,16.91304347826087,7.674710793948591,0.08695652173913043
SP_RJ,00ee68308b45bc5e2660cd833c3f81cc,16,-7.3125,11.836208570878316,18.875,11.706835610018619,0.25
SP_RJ,0432ead42b6c8a0bdf68154add917fdf,13,-15.538461538461538,6.279800748104786,7.615384615384615,4.369181112032733,0.0
SP_RJ,048c2757535328e0d7dac690ad3c0aae,6,-9.666666666666666,11.51810169544733,21.5,12.80234353546256,0.16666666666666666
SP_RJ,058fd0aa2bfdb2274e05e1ae971dabb6,7,-5.285714285714286,19.15475820533274,19.142857142857142,16.334305121722313,0.42857142857142855
SP_RJ,06579cb253ecd5a3a12a9e6eb6bf8f47,15,-8.333333333333334,12.579272444704234,14.133333333333333,11.394652045503419,0.13333333333333333
SP_RJ,080199a181c46c657dc5aa235411be3b,8,-4.0,15.766148184367307,17.875,18.090546070886226,0.125
SP_RJ,08633c14ef2db992c11f840f04fad4cd,6,-7.166666666666667,13.105978279650346,15.833333333333334,19.518367418067186,0.16666666666666666
SP_RJ,09f952a5f58d2285b0372551ae8f9b01,9,-18.77777777777778,11.211353372561424,11.666666666666666,4.743416490252569,0.0
SP_RJ,0adac9fbd9a2b63cccaac4f8756c1ca8,23,-10.608695652173912,13.141672546226868,15.73913043478261,12.570591189194317,0.043478260869565216
SP_RJ,0bae85eb84b9fb3bd773911e89288d54,13,-16.923076923076923,8.587408790991013,10.153846153846153,6.162333890204179,0.0
SP_RJ,0be8ff43f22e456b4e0371b2245e4d01,14,-16.928571428571427,8.651049609189588,12.285714285714286,5.34111154418933,0.07142857142857142
SP_RJ,0bf0150d5b9d60d9cd2906003332f085,13,-2.8461538461538463,13.365665925834957,20.923076923076923,13.792881850562983,0.38461538461538464
SP_RJ,0db783cfcd3b73998abc6e10e59a102f,19,-11.473684210526315,8.90922381612719,12.842105263157896,7.251537445372356,0.05263157894736842
SP_RJ,0dd184061fb0eaa7ca37932c68ab91c5,20,-11.65,16.71518376868925,16.85,13.05565011786085,0.2
SP_RJ,0ed6ce5d87fd9c69eaacaeb778d67235,12,-17.416666666666668,12.999708621443185,12.166666666666666,5.621926769894874,0.08333333333333333
SP_RJ,1025f0e2d44d7041d6cf58b6550e0bfa,98,-9.061224489795919,16.598854963943545,17.23469387755102,14.049838404183639,0.1326530612244898
SP_RJ,1127b7f2594683f2510f1c2c834a486b,16,-13.625,3.89657969677682,10.0,3.0550504633038935,0.0
SP_RJ,116ccb1a1604bc88e4d234a8c23f33de,10,-13.5,8.3166499665831,10.3,5.2925524193068805,0.0
SP_RJ,11bfa66332777660bd0640ee84d47006,8,-9.375,23.378485225278634,22.0,19.353847900906644,0.25
SP_RJ,1354d51653f645349064725ed204e85e,5,-37.2,41.948778289719,9.4,3.974921382870358,0.0
SP_RJ,16090f2ca825584b5a147ab24aa30c86,39,-12.538461538461538,13.747432590633355,13.0,12.026286997547016,0.10256410256410256
SP_RJ,17306570e772e7718c92a562d33f5f1d,6,-5.833333333333333,8.280499179799891,17.833333333333332,9.410986487434071,0.16666666666666666
SP_RJ,1771297ac436903d1dd6b0e9279aa505,8,-17.75,9.617692030835672,10.625,4.8678977568791,0.0
SP_RJ,17a053fcb14bd219540cbde0df490be0,12,-14.166666666666666,10.007572890142502,15.75,6.877169079312689,0.0
SP_RJ,17e34d8224d27a541263c4c64b11a56b,26,-9.76923076923077,11.204669356327091,16.03846153846154,8.788541490967743,0.038461538461538464
SP_RJ,17f51e7198701186712e53a39c564617,6,-2.1666666666666665,12.432484332049917,31.0,12.09958676980334,0.5
SP_RJ,1835b56ce799e6a4dc4eddc053f04066,63,-8.19047619047619,13.26510963545168,17.03174603174603,11.819841511366159,0.23809523809523808
SP_RJ,18a349e75d307f4b4cc646a691ed4216,14,-19.357142857142858,13.997841277838537,14.142857142857142,12.126621337163332,0.14285714285714285
SP_RJ,1900267e848ceeba8fa32d80c1a5f5a8,70,-7.285714285714286,14.059029650007604,17.728571428571428,10.554100004979764,0.2
SP_RJ,1b8356dabde1d35e17cef975c3f82730,6,-12.0,4.33589667773576,11.166666666666666,3.4302575219167832,0.0
SP_RJ,1b938a7ec6ac5061a66a3766e0e75f90,5,-22.6,19.91983935678197,11.8,3.492849839314596,0.0
SP_RJ,1bb2bdb95f4841f1bba2c0d2cd83d3c9,5,-20.0,14.7648230602334,14.6,10.064790112068906,0.2
SP_RJ,1c129092bf23f28a5930387c980c0dfc,27,-6.037037037037037,8.653507432434022,17.22222222222222,8.500377065543049,0.2222222222222222
SP_RJ,1ca7077d890b907f89be8c954a02686a,17,-1.8823529411764706,10.439602201120838,26.470588235294116,10.393012358423949,0.35294117647058826
SP_RJ,1da3aeb70d7989d1e6d9b0e887f97c23,20,-14.2,7.374208253665003,9.75,4.435206041615085,0.0
SP_RJ,1e8b33f18b4f7598d87f5cbee2282cc2,6,-17.833333333333332,5.419102016632153,12.0,5.96657355607052,0.0
SP_RJ,1eade46fba20122dc4aefb379f8c636b,5,-7.4,16.2265215003093,16.0,14.212670403551895,0.2
SP_RJ,1f50f920176fa81dab994f9023523100,216,-6.199074074074074,16.072863135460082,20.72222222222222,14.335406376137103,0.2361111111111111
SP_RJ,2089a6d640999f9b9141ac719b2af596,9,-11.0,10.452272480183437,20.88888888888889,9.87983355685262,0.1111111111111111
SP_RJ,2138ccb85b11a4ec1e37afbd1c8eda1f,37,-13.0,12.101423240447566,12.45945945945946,10.502895353701797,0.13513513513513514
SP_RJ,213b25e6f54661939f11710a6fddb871,15,-9.6,13.839900907985475,19.6,9.417309291178363,0.13333333333333333
SP_RJ,218d46b86c1881d022bce9c68a7d4b15,52,-8.038461538461538,12.168686168889517,19.73076923076923,10.942121141851622,0.21153846153846154
SP_RJ,2199e7fe213c16213bf5d6a7eadc9a5d,6,-14.833333333333334,11.089033621856627,13.666666666666666,10.614455552060438,0.16666666666666666
SP_RJ,23613d49c3ac2bd302259e55c06c050c,10,-9.9,13.93197760549449,18.8,9.942054337230532,0.1
SP_RJ,244c2f1bff6afe1f2eaf9bfe9b2aed38,6,-13.5,4.636809247747852,13.833333333333334,4.215052391924289,0.0
SP_RJ,2528513dd95219a6013d4d05176e391a,19,-7.105263157894737,15.390815215005869,17.842105263157894,12.531130825511394,0.21052631578947367
SP_RJ,259f7b5e6e482c230e5bfaa670b6bb8f,22,-14.363636363636363,9.408939288152439,12.409090909090908,6.7658743911675066,0.045454545454545456
SP_RJ,25cf099de44674fde97473224f9d59ab,6,-14.5,13.367871932360812,10.666666666666666,7.201851613763412,0.16666666666666666
SP_RJ,25e6ffe976bd75618accfe16cefcbd0d,16,-12.5625,8.77852493303972,13.3125,6.630422309325402,0.0625
SP_RJ,271c58a1d139c45eaf3316107c6d3a3b,5,-12.8,9.176055797563569,11.8,3.70135110466435,0.0
SP_RJ,2745f798279e0ed033addcc1474776d7,5,-2.0,13.019216566291536,22.2,8.228000972289685,0.4
SP_RJ,289cdb325fb7e7f891c38608bf9e0962,12,-13.0,7.675225788801975,6.916666666666667,4.358029857908759,0.0
SP_RJ,2a261b5b644fa05f4f2700eb93544f2c,7,-5.0,9.574271077563381,18.428571428571427,10.737118528064887,0.2857142857142857
SP_RJ,2a7dc43cecabf23403078e2188437d1d,5,-5.6,6.4265076052238514,17.4,10.16366075781753,0.2
SP_RJ,2c9e548be18521d1c43cde1c582c6de8,16,9.3125,20.313275626217123,34.875,19.28686945394025,0.625
SP_RJ,2e1c9f22be269ef4643f826c9e650a52,20,-5.0,11.742858972247998,17.5,11.63705515289753,0.25
SP_RJ,2e90cb1677d35cfe24eef47d441b7c87,20,-8.6,11.613966184138638,16.35,8.84530800391996,0.2
SP_RJ,2eb70248d66e0e3ef83659f71b244378,23,-18.304347826086957,12.686552589288807,20.391304347826086,7.889804297807868,0.08695652173913043
SP_RJ,2ff97219cb8622eaf3cd89b7d9c09824,7,-15.428571428571429,6.996597812678742,7.428571428571429,3.4086724129853865,0.0
SP_RJ,3078096983cf766a32a06257648502d1,6,-15.833333333333334,4.708148963941845,8.333333333333334,3.32665998663324,0.0
SP_RJ,30a2f535bb48308f991d0b9ad4a8c4bb,5,-12.8,6.6105975524153635,10.8,5.761944116355173,0.0
SP_RJ,33a6f4b1e7cdc205511e76ba1b6e0186,15,-13.466666666666667,12.235000535154795,13.4,12.41427749465452,0.06666666666666667
SP_RJ,33ac3e28642ab8bda860a2f693000e78,5,-11.6,7.021395872616783,15.6,4.722287581247038,0.0
SP_RJ,3504c0cb71d7fa48d967e0e4c94d59d9,6,-10.5,3.987480407475377,9.833333333333334,1.7224014243685084,0.0
SP_RJ,36a968b544695394e4e9d7572688598f,18,-15.277777777777779,8.883597281146574,14.0,6.0488209838048315,0.0
SP_RJ,37515688008a7a40ac93e3b2e4ab203f,27,-7.2592592592592595,13.001753114314393,17.703703703703702,10.964329629143965,0.14814814814814814
SP_RJ,3771c85bac139d2344864ede5d9341e3,5,-7.4,1.51657508881031,15.8,2.949576240750525,0.0
SP_RJ,37be5a7c751166fbc5f8ccba4119e043,28,-11.035714285714286,10.443790084196031,13.464285714285714,9.662766043894864,0.07142857142857142
SP_RJ,391fc6631aebcf3004804e51b40bcf1e,58,-6.120689655172414,15.691183787045464,21.086206896551722,14.924705154757426,0.22413793103448276
SP_RJ,3ade81dab5a172b88e1871c28ae05260,5,-12.4,19.62906008957128,20.4,13.069047402163633,0.2
SP_RJ,3b15288545f8928d3e65a8f949a28291,19,-6.473684210526316,12.56701335088825,20.842105263157894,9.44729919015504,0.21052631578947367
SP_RJ,3bdff180c7e1f6551a643b99c265a120,7,-12.857142857142858,10.46308704332476,11.571428571428571,8.243323416704026,0.14285714285714285
SP_RJ,3be634553519fb6536a03e1358e9fdc7,5,-14.4,7.536577472566709,8.8,5.805170109479997,0.0
SP_RJ,3c7c4a49ec3c6550809089c6a2ca9370,11,-8.0,19.70279168036855,16.545454545454547,19.775558835914783,0.09090909090909091
SP_RJ,3d871de0142ce09b7081e2b9d1733cb1,162,-12.135802469135802,10.817805757256554,16.40740740740741,10.69658072467309,0.1111111111111111
SP_RJ,3df020b72d3d44b3af9d110fa3940b65,8,-8.875,11.873590141871281,19.0,12.294017127971522,0.25
SP_RJ,3f995f07c49d0d55a99d5c54957f7d81,7,-11.142857142857142,8.64924989866311,12.857142857142858,10.46308704332476,0.14285714285714285
SP_RJ,41b39e28db005d9731d9d485a83b4c38,27,-18.296296296296298,16.9474636514295,14.11111111111111,6.8631307799403105,0.07407407407407407
SP_RJ,431af27f296bc6519d890aa5a05fdb11,12,-2.5,17.86566030634799,24.416666666666668,15.888579851483572,0.25
SP_RJ,4371b634e0efc0e22b09b52907d9d469,10,-0.8,10.46475566418591,21.7,10.87351522431147,0.4
SP_RJ,43f8c9950d11ecd03a0304a49e010da6,7,-10.714285714285714,8.400680244565232,13.714285714285714,8.976158898517147,0.14285714285714285
SP_RJ,440dd6ab244315c632130ecfb63827b1,9,-4.555555555555555,15.541163977571879,21.444444444444443,14.134276698076127,0.4444444444444444
SP_RJ,4559697a8f7e637227c2eeaed843baff,10,-14.0,7.542472332656507,14.2,7.0206045956804095,0.1
SP_RJ,45d33f715e24d15a6ccf5c17b3a23e3c,7,-7.142857142857143,18.78322453173373,18.285714285714285,16.028248872062157,0.14285714285714285
SP_RJ,4830e40640734fc1c52cd21127c341d4,20,-15.05,8.009698069084424,11.35,6.10672623122716,0.0
SP_RJ,48436dade18ac8b2bce089ec2a041202,31,-9.516129032258064,7.7797642112596,7.225806451612903,7.031878257475523,0.03225806451612903
SP_RJ,4869f7a5dfa277a7dca6462dcf3b52b2,200,-10.645,13.751527096560485,18.57,11.016438151586865,0.19
SP_RJ,4992e76a42cb3aad7a7047e0d3d7e729,7,-6.428571428571429,9.324826054805579,16.571428571428573,7.95523188132906,0.2857142857142857
SP_RJ,4a3ca9315b744ce9f8e9374361493884,258,-8.453488372093023,12.647255875055475,17.468992248062015,10.17975635501216,0.16666666666666666
SP_RJ,4b9750c8ad28220fe6702d4ecb7c898f,23,-8.869565217391305,18.72117019416081,15.826086956521738,15.715227629488552,0.17391304347826086
SP_RJ,4c18691b6037662be2df78a765d98ab5,7,-13.571428571428571,14.501231474799452,13.571428571428571,9.484322904265806,0.14285714285714285
SP_RJ,4c2b230173bb36f9b240f2b8ac11786e,23,-4.173913043478261,18.457942793656965,19.304347826086957,16.61170119526566,0.2608695652173913
SP_RJ,4c498c7345e89aebad651544829beca0,5,-15.2,8.04363102087608,10.0,5.70087712549569,0.0
SP_RJ,4d6d651bd7684af3fffabd5f08d12e5a,32,-11.15625,13.038675410163904,17.90625,10.905338660047315,0.125
SP_RJ,4e17c65a516f69d023a2ae78b84f28d6,10,-19.0,21.007935008784973,21.5,16.36561435856697,0.2
SP_RJ,4e5725ba188db8252977a4f0227bd462,5,10.6,17.686152775547317,36.2,14.149204924659196,0.6
SP_RJ,4e7c18b98d84e05cbae3ff0ff03846c2,11,-15.545454545454545,7.853198537712342,12.0,3.1304951684997055,0.0
SP_RJ,4e922959ae960d389249c378d1c939f5,53,-13.339622641509434,10.047853571451153,15.18867924528302,8.267304936578102,0.05660377358490566
SP_RJ,5058e8c1e82653974541e83690655b4a,10,-12.9,22.7618101213414,31.3,17.47410782971321,0.1
SP_RJ,5160d23075764e18e07c1f4a87fad743,5,-11.0,5.70087712549569,10.8,5.674504383644443,0.0
SP_RJ,520b493b57809f446cb0a233bb3e25c7,10,-14.7,4.922736366426028,9.4,3.864367132317183,0.0
SP_RJ,527801b552d0077ffd170872eb49683b,6,-8.833333333333334,8.70440501508671,18.5,10.709808588392232,0.16666666666666666
SP_RJ,5343d0649eca2a983820bfe93fc4d17e,12,-12.166666666666666,12.790858478071774,14.583333333333334,8.784887160586779,0.08333333333333333
SP_RJ,53e4c6e0f4312d4d2107a8c9cddf45cd,53,-11.11320754716981,20.069744141328847,18.867924528301888,18.575250009549574,0.1320754716981132
SP_RJ,54a1852d1b8f10312c55e906355666ee,13,-9.692307692307692,10.796485658032552,14.384615384615385,9.844951849708403,0.07692307692307693
SP_RJ,562fc2f2c2863ab7e79a9e4388a58a14,26,-17.03846153846154,10.374895736269428,10.5,4.384062043356595,0.0
SP_RJ,56642bcb79900e777d68e91915cb4267,10,-10.0,13.9522996909709,16.9,15.212933094355385,0.2
SP_RJ,57c764b4a836300be881e2ff86e449f9,5,-14.8,7.5960516059331775,10.6,2.5099800796022267,0.0
SP_RJ,582d4f8675b945722eda7c0cb61ba4c7,6,-14.5,3.391164991562634,12.5,5.244044240850758,0.0
SP_RJ,59fb871bf6f4522a87ba567b42dafecf,12,-13.416666666666666,8.195989410940111,13.333333333333334,8.271894730002456,0.08333333333333333
SP_RJ,5a8e7d5003a1f221f9e1d6e411de7c23,19,-14.0,10.137937550497032,12.105263157894736,6.951376656958001,0.10526315789473684
SP_RJ,5a93f3ab0ef4c84ed5e1b5dbf23978bc,9,-16.77777777777778,19.259918079899624,16.77777777777778,17.02775512052145,0.1111111111111111
SP_RJ,5b8154610ebb21fb90eb587365e673df,10,-9.5,14.607836557440287,17.7,11.431438132526361,0.2
SP_RJ,5b925e1d006e9476d738aa200751b73b,8,-14.125,5.276294695549683,11.375,3.9256482631170972,0.0
SP_RJ,5c243662ce92d84573bfaff24c3e3700,13,-15.153846153846153,4.48787540391059,10.923076923076923,3.8179736873010373,0.0
SP_RJ,5c6d4016c2a288f074fa0848a2b653d2,6,-11.166666666666666,5.879342366852493,15.5,5.357238094391549,0.0
SP_RJ,5d0363b33554b373851fc1622e4d5f3c,8,-3.375,17.154237294116495,20.875,16.22553102806984,0.25
SP_RJ,5dceca129747e92ff8ef7a997dc4f8ca,29,-11.827586206896552,6.866424342496722,12.551724137931034,6.587792860915189,0.06896551724137931
SP_RJ,5f1dc28029d2c244352a68107ec2b542,6,-13.833333333333334,6.112828041640519,15.5,7.816648898345122,0.0
SP_RJ,5f2684dab12e59f83bef73ae57724e45,10,-5.5,14.167647024902273,18.7,16.00729000591085,0.2
SP_RJ,602044f2c16190c2c6e45eb35c2e21cb,7,-4.571428571428571,20.189577697887778,22.285714285714285,14.974581638165898,0.42857142857142855
SP_RJ,6039e27294dc75811c0d8a39069f52c0,9,-3.0,16.64331697709324,21.77777777777778,13.636144779388507,0.3333333333333333
SP_RJ,63b464dbf392c7b80d12d932fa7cafed,5,-11.8,16.813684902483452,22.8,14.463747785411636,0.2
SP_RJ,640e21a7d01df7614a3b4923e990d40c,16,-13.5625,8.205435190571349,9.3125,3.9109887922791766,0.0
SP_RJ,6560211a19b47992c3666cc44a7e94c0,182,-13.763736263736265,11.780412776712344,12.192307692307692,8.5528158365261,0.12087912087912088
SP_RJ,65febd49fd28ec955651299159b1f527,7,-20.285714285714285,13.585706774821418,11.714285714285714,5.437961803049794,0.0
SP_RJ,66dc1b1632bd6a3e508510c5b3492107,8,-17.125,14.961259496255176,14.25,6.98467710676122,0.125
SP_RJ,66e0557ecc2b4dbea057e93f215f68d8,5,-7.8,22.68700068321064,39.6,10.737783756436894,0.4
SP_RJ,6860153b69cc696d5dcfe1cdaaafcf62,9,-14.222222222222221,15.754188155676077,12.88888888888889,11.252160286412167,0.1111111111111111
SP_RJ,688756f717c462a206ad854c5027a64a,7,-11.571428571428571,12.43459077006749,14.0,10.488088481701515,0.14285714285714285
SP_RJ,6973a06f484aacf400ece213dbf3d946,13,-4.538461538461538,8.03757202783055,20.23076923076923,7.440361171272156,0.15384615384615385
SP_RJ,6a51fc556dab5f766ced6fbc860bc613,12,-12.666666666666666,10.102504939895157,15.083333333333334,8.404093519160046,0.08333333333333333
SP_RJ,6a8b085f816a1f75f92dbac6eb545f8f,12,-10.25,13.27420601974165,14.916666666666666,8.468748252823255,0.08333333333333333
SP_RJ,6b90f847357d8981edd79a1eb1bf0acb,5,-19.8,7.791020472312982,5.8,2.04939015319192,0.0
SP_RJ,6bb0724edf0b62fb91ac404873a97241,9,-9.88888888888889,10.623611020322192,17.333333333333332,10.547511554864494,0.1111111111111111
SP_RJ,6c7d50c24b3ccd2fd83b44d8bb34e073,24,-10.541666666666666,6.213443816272181,12.916666666666666,5.999396104874925,0.041666666666666664
SP_RJ,6d66611d7c44cc30ce351abc49a68421,12,-6.333333333333333,10.560073461636122,20.166666666666668,8.133358171844835,0.16666666666666666
SP_RJ,6d803cb79cc31c41c4c789a75933b3c7,13,-13.307692307692308,15.675802028310043,16.692307692307693,12.270456493712961,0.15384615384615385
SP_RJ,6ec1a01e866584bb679eb9b098345919,6,4.0,11.916375287812984,25.833333333333332,13.7610561610171,0.5
SP_RJ,6edacfd9f9074789dad6d62ba7950b9c,25,-11.56,8.90730037665734,13.08,6.7448745973022595,0.08
SP_RJ,6f892e20a171e98efe17fdb971ff319b,8,-7.5,6.094494002200441,14.625,5.50162313711664,0.125
SP_RJ,6fc26fe110feebd80a433e1f012a84f9,5,-6.4,12.198360545581526,17.4,10.807404868885037,0.2
SP_RJ,6fd52c528dcb38be2eea044946b811f8,11,-11.272727272727273,10.24783790944128,23.0,11.983321743156194,0.18181818181818182
SP_RJ,701938c450705b8ae65fc923b70f35c7,18,-13.166666666666666,11.84830591017874,14.833333333333334,6.473929618545629,0.05555555555555555
SP_RJ,7040e82f899a04d1b434b795a43b4617,20,-14.7,12.083481547790333,11.45,9.121836149418717,0.1
SP_RJ,709e16e2b25c7474d980076c6bfc4806,8,-17.25,9.452890714334048,11.0,5.291502622129181,0.0
SP_RJ,70a12e78e608ac31179aea7f8422044b,37,-7.648648648648648,13.98851953133993,18.56756756756757,12.61951870129175,0.1891891891891892
SP_RJ,70eea00b476a314817cefde4aad4f89a,14,-7.5,11.440481431505207,15.285714285714286,11.241602482458912,0.14285714285714285
SP_RJ,7139dc5186aa238b006e066d8fbab2e4,5,-18.2,15.912259424732868,13.0,10.222524150130436,0.2
SP_RJ,7142540dd4c91e2237acb7e911c4eba2,26,-10.346153846153847,15.856714180919848,17.423076923076923,14.16805724698507,0.15384615384615385
SP_RJ,715bbd5ba4e6b74cb0d2f29eb45058b0,16,-12.3125,10.712726076960989,15.5625,8.090889938690305,0.125
SP_RJ,718539d38d07dd351c76db862760e2e2,7,-14.428571428571429,3.4086724129853865,8.428571428571429,1.7182493859684491,0.0
SP_RJ,725c32fa80c2faacc4fc88450d27314e,13,-15.461538461538462,8.29272155382241,9.384615384615385,5.252593986759646,0.0
SP_RJ,729b2d09b2a0bdab221076327f13d050,5,-7.6,14.328293687665674,18.6,10.737783756436894,0.2
SP_RJ,729f06993dac8e860d4f02d7088ca48a,8,-3.625,17.27870282829621,20.25,16.210666682333404,0.25
SP_RJ,76d5af76d0271110f9af36c92573f765,15,-14.533333333333333,11.166702203212823,14.666666666666666,9.506889732239056,0.13333333333333333
SP_RJ,7722b1df1b0e383e000397b2c11e3e19,14,-13.857142857142858,8.226197765087445,11.142857142857142,8.226197765087445,0.07142857142857142
SP_RJ,78c99c6dff4eeae5be99bf635ed21e3f,6,-5.833333333333333,19.156374047994223,18.333333333333332,18.11813088225898,0.16666666666666666
SP_RJ,7a67c85e85bb2ce8582c35f2203ad736,145,-9.379310344827585,20.05411739571385,15.16551724137931,18.615634779333956,0.1103448275862069
SP_RJ,7aa4334be125fcdd2ba64b3180029f14,30,-2.3,15.00838845905619,24.633333333333333,16.537279377074157,0.43333333333333335
SP_RJ,7ad32824caee82087b3e2e5f33b1bf32,15,-11.266666666666667,14.849082062378068,16.666666666666668,11.938333615869908,0.26666666666666666
SP_RJ,7b07b3c7487f0ea825fc6df75abd658b,17,-10.058823529411764,8.496106374652555,13.705882352941176,9.935823480481833,0.11764705882352941
SP_RJ,7b0df942f46435babab05d49b744b2c4,5,-11.2,13.103434664239753,12.8,8.318653737234168,0.2
SP_RJ,7c67e1448b00f6e969d365cea6b010ab,173,-9.566473988439306,13.879985077469389,26.341040462427745,13.675406250654724,0.15606936416184972
SP_RJ,7d13fca15225358621be4086e1eb0964,93,-12.505376344086022,16.775126291181433,19.06451612903226,13.60610992197903,0.20430107526881722
SP_RJ,7d456afc660226829370f3173d14520c,9,-13.222222222222221,15.1803967156476,12.88888888888889,12.015036875145707,0.1111111111111111
SP_RJ,7d76b645482be4a332374e8223836592,8,-4.5,21.3942582417406,21.375,16.629899922385928,0.5
SP_RJ,7ddcbb64b5bc1ef36ca8c151f6ec77df,47,-4.191489361702128,17.888104254518883,20.51063829787234,17.9357213893847,0.2553191489361702
SP_RJ,7e1fb0a3ebfb01ffb3a7dae98bf3238d,9,-11.777777777777779,15.586675220984251,19.11111111111111,6.641619615057092,0.2222222222222222
SP_RJ,7e3f87d16fb353f408d467e74fbd8014,9,-21.333333333333332,7.516648189186454,10.222222222222221,4.521553322083513,0.0
SP_RJ,7e93a43ef30c4f03f38b393420bc753a,48,-10.333333333333334,10.22581908144892,13.0,9.959492424903093,0.14583333333333334
SP_RJ,813348c996469b40f2e028d5429d3495,14,-8.785714285714286,12.478773185685371,14.928571428571429,13.33280676615904,0.14285714285714285
SP_RJ,8160255418d5aaa7dbdc9f4c64ebda44,58,-4.827586206896552,15.841471147165377,20.913793103448278,13.35912131100159,0.25862068965517243
SP_RJ,82e0a475a88cc9595229d8029273f045,11,-8.181818181818182,5.844966754707539,13.454545454545455,4.25120303828543,0.09090909090909091
SP_RJ,834f3294fba9f932f56edc879193f925,7,-7.285714285714286,4.191828786034631,14.0,3.6514837167011076,0.0
SP_RJ,834f8533b2ecb6598dd004ff3de7203a,8,-5.125,11.58123482190047,15.25,13.530389076867987,0.125
SP_RJ,850f4f8af5ea87287ac68de36e29107f,21,-13.285714285714286,10.789545204237559,13.904761904761905,7.725961182304516,0.09523809523809523
SP_RJ,855668e0971d4dfd7bef1b6a4133b41b,40,-10.85,12.52187828951535,17.775,9.9085239139766,0.125
SP_RJ,8581055ce74af1daba164fdbd55a40de,20,-6.55,11.019002724957987,17.55,11.600703245470667,0.2
SP_RJ,8648b1e89e9b349e32d3741b30ec737e,11,-14.909090909090908,13.619504730015299,17.09090909090909,9.332251019497338,0.18181818181818182
SP_RJ,891071be6ba827b591264c90c2ae8a63,12,-9.416666666666666,17.794066086164452,15.916666666666666,13.73421959482183,0.25
SP_RJ,8931a84a914b3fe9b1ddaa4d704947ca,8,-11.875,11.506985456048612,12.125,7.0596944490739615,0.125
SP_RJ,897060da8b9a21f655304d50fd935913,39,-4.923076923076923,10.403401810502622,20.0,11.140254178334295,0.1794871794871795
SP_RJ,8a130737016f838139d31878787a39c9,10,-13.4,10.72069649478677,15.0,10.16530045465127,0.1
SP_RJ,8a32e327fe2c1b3511609d81aaf9f042,15,-15.466666666666667,6.59942277418116,9.666666666666666,2.63673679998231,0.0
SP_RJ,8a432f4e5b471f8da497d7dc517666e2,14,-16.285714285714285,11.491994346758707,10.0,7.534535869529773,0.07142857142857142
SP_RJ,8b28d096634035667e8263d57ba3368c,15,-15.4,9.701251760174339,10.4,5.9497899122574065,0.06666666666666667
SP_RJ,8b321bb669392f5163d04c59e235e066,134,-7.82089552238806,16.9225794556448,18.73134328358209,13.756291344889464,0.23134328358208955
SP_RJ,8bb48dc19fccaa8613b6229bf7f452a2,10,-9.5,7.735200923914862,17.0,8.027729719194863,0.2
SP_RJ,8bd0f31cf0a614c658f6763bd02dea69,5,-12.4,6.107372593840988,10.0,3.1622776601683795,0.0
SP_RJ,8d956fec2e4337affcb520f56fd8cbfd,13,-17.076923076923077,5.992516700874217,10.923076923076923,4.32938676299424,0.0
SP_RJ,8e6d7754bc7e0f22c96d255ebda59eba,7,3.857142857142857,18.077873874145816,26.285714285714285,15.129598867939688,0.2857142857142857
SP_RJ,8f119a0aee85c0c8fc534629734e94fd,10,-14.3,6.945022198188667,11.9,5.704773829385741,0.0
SP_RJ,8f2ce03f928b567e3d56181ae20ae952,13,-5.538461538461538,12.725403625657515,19.153846153846153,8.84916336766885,0.23076923076923078
SP_RJ,900ba814c251a692506d7834c1218441,9,-7.0,8.0156097709407,18.444444444444443,10.187137859957417,0.2222222222222222
SP_RJ,903037660cf848a717166eb7a06d616e,5,1.4,19.424211695716252,24.4,19.47562579225633,0.4
SP_RJ,91f848e9f4be368f4318775aac733370,5,-10.2,5.263078946776307,12.6,5.683308895353129,0.0
SP_RJ,92eb0f42c21942b6552362b9b114707d,26,-14.384615384615385,7.359765882564054,13.307692307692308,5.511945070620575,0.038461538461538464
SP_RJ,94e93ce877be27a515118dbfd2c2be41,5,-7.2,4.494441010848846,16.8,1.7888543819998315,0.0
SP_RJ,951e8cef368f09bb3f3d03c00ca4702c,11,-8.727272727272727,9.71690186315483,11.454545454545455,7.174449614620433,0.18181818181818182
SP_RJ,955fee9216a65b617aa5c0531780ce60,102,-9.745098039215685,12.339814234291687,17.225490196078432,10.346383940702076,0.17647058823529413
SP_RJ,9646c3513289980f17226a2fc4720dbd,8,-18.25,4.920801328471382,8.0,2.32992949004287,0.0
SP_RJ,966cb4760537b1404caedd472cc610a5,12,-18.833333333333332,11.90747155309971,13.833333333333334,8.05473698383677,0.0
SP_RJ,9674754b5a0cb32b638cec001178f799,9,-9.333333333333334,7.466592261534039,14.333333333333334,5.454356057317857,0.0
SP_RJ,974cf2cb8f4b7add98709c30df02fe10,5,-19.0,10.295630140987,11.0,5.291502622129181,0.0
SP_RJ,98dac6635aee4995d501a3972e047414,8,-11.0,9.591663046625438,14.25,7.285013971944637,0.125
SP_RJ,99eaacc9e6046db1c82b163c5f84869f,7,-8.857142857142858,7.492853738253347,13.857142857142858,7.0575862594462,0.14285714285714285
SP_RJ,9b013e03b2ab786505a1d3b5c0756754,15,-16.266666666666666,10.826334735704593,12.466666666666667,4.940599539481399,0.06666666666666667
SP_RJ,9c0e69c7bf2619675bbadf47b43f655a,16,-5.5,14.189197769195175,19.875,12.230426539304888,0.1875
SP_RJ,9e6229250fedbe05838fef417b74e7fb,14,-18.857142857142858,10.128840338035081,13.571428571428571,5.40248213202165,0.07142857142857142
SP_RJ,9f505651f4a6abe901a56cdc21508025,29,-17.103448275862068,13.361310958954286,9.03448275862069,7.641441331042433,0.034482758620689655
SP_RJ,a17f621c590ea0fab3d5d883e1630ec6,8,-12.5,6.4142698058981855,10.875,4.323936698360485,0.0
SP_RJ,a3e9a2c700480d9bb01fba070ba80a0e,23,-7.6521739130434785,10.020926720219833,17.130434782608695,9.051892558646541,0.17391304347826086
SP_RJ,a416b6a846a11724393025641d4edd5e,8,-11.125,14.055375179217787,16.5,11.600492600378166,0.125
SP_RJ,a420f60ff1aa9acc80d0e42959f2b313,9,-12.11111111111111,24.430741108511445,21.11111111111111,17.64542748451029,0.2222222222222222
SP_RJ,a49928bcdf77c55c6d6e05e09a9b4ca5,6,3.0,14.268847185389575,27.166666666666668,16.01769854463077,0.5
SP_RJ,a673821011d0cec28146ea42f5ab767f,17,-8.647058823529411,17.90579925774953,17.11764705882353,11.863190722467841,0.23529411764705882
SP_RJ,a7f13822ceb966b076af67121f87b063,17,-18.352941176470587,12.80107991767974,18.941176470588236,11.316307857663283,0.11764705882352941
SP_RJ,aae3bfea055532c57fb453ed3ec80b30,8,-11.75,4.682795258023932,11.0,2.8284271247461903,0.0
SP_RJ,aba1721a889e04decc910aa13b768ef4,13,-9.153846153846153,10.699269085987087,15.153846153846153,9.754026124684392,0.3076923076923077
SP_RJ,aced59e9b31ef866a94f9e7f29d8d418,6,-9.833333333333334,7.25028735062733,15.5,8.264381404557755,0.16666666666666666
SP_RJ,ad781527c93d00d89a11eecd9dcad7c1,6,4.666666666666667,11.219031449580068,31.5,8.191458966508957,0.6666666666666666
SP_RJ,b14db04aa7881970e83ffa9426897925,6,-12.166666666666666,9.600347215943112,13.833333333333334,4.3089055068157,0.0
SP_RJ,b18dc380845b24038cfc48006478f099,5,-19.2,17.181385275931625,14.8,10.084641788382967,0.2
SP_RJ,b1aaae6b66ad3c40f54b389d7ea4bee0,5,-22.2,10.03493896344168,8.4,1.51657508881031,0.0
SP_RJ,b2479f944e1b90cf8a5de1bbfde284d6,10,-4.3,9.463966751139115,18.6,9.593979593705859,0.2
SP_RJ,b2ba3715d723d245138f291a6fe42594,43,-10.488372093023257,10.374814038547425,17.11627906976744,7.967820106754364,0.09302325581395349
SP_RJ,b33e7c55446eabf8fe1a42d037ac7d6d,26,-6.769230769230769,10.57282438067593,20.923076923076923,9.54535730886205,0.38461538461538464
SP_RJ,b372ee768ed69e46ca8cdbd267aa7a38,12,-22.0,7.781095973283876,12.583333333333334,6.907944482239053,0.0
SP_RJ,b39d7fe263ef469605dbb32608aee0af,5,-23.0,11.789826122551595,14.2,6.1400325732035,0.0
SP_RJ,b499c00f28f4b7069ff6550af8c1348a,17,-18.0,15.008331019803633,13.352941176470589,10.535304791928116,0.17647058823529413
SP_RJ,b4ffb71f0cb1b1c3d63fad021ecf93e1,18,-17.27777777777778,8.294615940160897,11.277777777777779,4.547857356596369,0.0
SP_RJ,b561927807645834b59ef0d16ba55a24,11,-13.0,9.746794344808963,13.909090909090908,7.04917790177756,0.0
SP_RJ,b56906f7fd1696e043f1bcce164c487b,9,-9.444444444444445,15.993054047860209,19.666666666666668,17.72004514666935,0.1111111111111111
SP_RJ,b6d44737c043328708f6749c2dbe50bd,8,-20.625,8.4335638967165,8.625,3.4200041771068888,0.0
SP_RJ,b76dba6c951ab00dc4edf0a1aa88037e,10,-23.8,7.685484153042453,7.1,2.4244128727957572,0.0
SP_RJ,ba143b05f0110f0dc71ad71b4466ce92,8,-13.5,10.014275524755362,13.25,7.648529270389178,0.125
SP_RJ,bacb1f0ed56ad24198f5810d2b3fe9a5,6,-13.833333333333334,4.262237284181474,12.0,1.549193338482967,0.0
SP_RJ,bbad7e518d7af88a0897397ffdca1979,8,-14.875,9.991961054482033,13.625,5.680480361981471,0.125
SP_RJ,bccf933e006e9b94a6184af782963e77,5,-16.4,9.071934744033381,10.8,4.324349662087931,0.0
SP_RJ,bd23da7354813347129d751591d1a6e2,11,-8.636363636363637,14.001947916434537,15.090909090909092,11.501778518599162,0.09090909090909091
SP_RJ,bd4889b5e9133b35b66e42a8665cea5c,5,-9.0,3.5355339059327378,13.8,7.19027120489902,0.0
SP_RJ,beadbee30901a7f61d031b6b686095ad,5,-22.2,6.610597552415364,8.8,2.5884358211089573,0.0
SP_RJ,bf3c6d2a28b2b5501e6c15448982dcc9,6,-13.0,4.604345773288535,8.666666666666666,3.9327683210006996,0.0
SP_RJ,bfd27a966d91cfaafdb25d076585f0da,14,-12.785714285714286,12.210831077547327,14.928571428571429,11.090288792204895,0.21428571428571427
SP_RJ,c003204e1ab016dfa150abc119207b24,23,-10.91304347826087,10.862416621620628,14.652173913043478,9.674750152527661,0.13043478260869565
SP_RJ,c31eff8334d6b3047ed34bebd4d62c36,17,-15.823529411764707,11.01269321123157,17.176470588235293,8.187149184221933,0.058823529411764705
SP_RJ,c3867b4666c7d76867627c2f7fb22e21,32,-7.03125,16.385446680003135,19.59375,16.09219280753368,0.21875
SP_RJ,c60b801f2d52c7f7f91de00870882a75,7,-24.571428571428573,15.020620746794975,15.857142857142858,3.6253078686998625,0.0
SP_RJ,c68fb906c8f4b4b946d8386bfa6e5467,9,-15.777777777777779,5.6740148435164,11.88888888888889,3.4075080500434787,0.0
SP_RJ,c6bda72e4dbf5c5866b13cb1810c6d03,5,-4.6,21.161285405192192,18.8,21.475567512873788,0.2
SP_RJ,c70c1b0d8ca86052f45a432a38b73958,17,-16.294117647058822,12.70710778404331,10.882352941176471,7.313364076650844,0.058823529411764705
SP_RJ,c826c40d7b19f62a09e2d7c5e7295ee2,30,-8.0,9.555644657875584,15.766666666666667,9.947043689504914,0.06666666666666667
SP_RJ,c8b0e2b0a7095e5d8219575d5e7e1181,13,-10.384615384615385,10.095695960312836,13.23076923076923,8.88025756152232,0.15384615384615385
SP_RJ,c9c7905cffc4ef9ff9f113554423e671,9,-12.555555555555555,6.984108946585654,11.11111111111111,4.226240777701988,0.0
SP_RJ,ca3bd7cd9f149df75950150d010fe4a2,10,-17.0,8.137703743822469,13.9,6.5226102477799826,0.0
SP_RJ,cab85505710c7cb9b720bceb52b01cee,26,-17.153846153846153,9.03633690249454,11.76923076923077,4.023010736328625,0.0
SP_RJ,cac4c8e7b1ca6252d8f20b2fc1a2e4af,5,-5.8,23.53083083956026,18.6,21.709444949145983,0.2
SP_RJ,cb3dd9ce66268c7a3ca7241ac70ab58c,8,-6.25,20.303060993709437,20.25,19.196353820452465,0.125
SP_RJ,cbd996ad3c1b7dc71fd0e5f5df9087e2,25,-10.08,14.300116549641588,17.84,13.043772460450237,0.16
SP_RJ,cc419e0650a3c5ba77189a1882b7556a,175,-13.382857142857143,9.10581113287117,12.582857142857144,7.536329090322124,0.05714285714285714
SP_RJ,cc63f0dd2acba93ffed4fe9f8e0321fa,10,-18.2,8.52186729667989,9.7,4.967673276069771,0.0
SP_RJ,cca3071e3e9bb7d12640c9fbe2301306,98,-11.775510204081632,13.418352267400783,17.755102040816325,10.761770084438018,0.08163265306122448
SP_RJ,cce6ab8d1682639fe45ab70234f1665f,9,-15.666666666666666,3.0413812651491097,15.444444444444445,3.358240279934981,0.0
SP_RJ,cd06602b43d8800bd0afad514919d35c,6,-4.5,16.232683080747925,19.0,20.386269889315212,0.16666666666666666
SP_RJ,cd68562d3f44870c08922d380acae552,10,-2.2,10.788883167408942,21.5,11.098047876390995,0.5
SP_RJ,ce27a3cc3c8cc1ea79d11e561e9bebb6,18,-12.055555555555555,5.3189143321924846,12.444444444444445,9.617522135464197,0.05555555555555555
SP_RJ,ceaec5548eefc6e23e6607c5435102e7,33,-20.636363636363637,10.80167285024113,13.393939393939394,6.224645541812973,0.06060606060606061
SP_RJ,cee48807215b30a12ca2ca10ffb5f250,8,-23.5,11.045361017187261,17.5,4.9856938190329,0.0
SP_RJ,cfb1a033743668a192316f3c6d1d2671,22,-13.181818181818182,13.31535584574071,14.909090909090908,8.678978933300582,0.18181818181818182
SP_RJ,d12c926d74ceff0a90a21184466ce161,9,-17.88888888888889,6.132789830991366,9.333333333333334,1.7320508075688772,0.0
SP_RJ,d1b65fc7debc3361ea86b5f14c68d2e2,7,-18.285714285714285,8.673989580239027,8.285714285714286,4.15187851918806,0.0
SP_RJ,d1c281d3ae149232351cd8c8cc885f0d,29,-8.793103448275861,10.864027503465698,16.17241379310345,9.695613756146352,0.10344827586206896
SP_RJ,d20b021d3efdf267a402c402a48ea64b,13,5.3076923076923075,19.275998095146786,28.384615384615383,20.682272850352067,0.38461538461538464
SP_RJ,d2374cbcbb3ca4ab1086534108cc3ab7,67,-13.477611940298507,12.267669024785164,17.402985074626866,8.823281361524312,0.1044776119402985
SP_RJ,d3f39f05462b79a4562d35893a28f159,5,-9.8,18.061007723823163,17.0,16.09347693943108,0.2
SP_RJ,d50d79cb34e38265a8649c383dcffd48,11,-8.818181818181818,19.13540269666767,16.272727272727273,18.07258093959415,0.09090909090909091
SP_RJ,d51e0a403fe2e689ece6c73359d96e12,6,-8.833333333333334,10.303721010715822,21.166666666666668,9.662642840686324,0.3333333333333333
SP_RJ,d5ba419e26d246a0719437cf37d9b46d,5,-17.0,18.23458252881047,16.4,10.21273714534943,0.2
SP_RJ,d650b663c3b5f6fb392b6326366efa9a,10,-9.4,12.553883861180173,16.1,9.734817238483046,0.2
SP_RJ,d673a59aac7a70d8b01e6902bf090a11,7,-1.5714285714285714,26.93731700854871,26.285714285714285,23.676389686171085,0.2857142857142857
SP_RJ,d6b1ce66b035a475f00c017792ff9769,6,-13.333333333333334,16.883917396939214,14.0,12.0,0.16666666666666666
SP_RJ,d91fb3b7d041e83b64a00a3edfb37e4f,55,-13.345454545454546,9.183758170891377,15.6,9.501656775609266,0.05454545454545454
SP_RJ,d9442042130b7fe579d1295f9f4a248f,5,-10.4,3.5071355833500366,13.2,2.6832815729997477,0.0
SP_RJ,da8622b14eb17ae2831f4ac5b9dab84a,166,-9.795180722891565,16.04634125097989,17.753012048192772,14.569971921101018,0.1746987951807229
SP_RJ,db4350fd57ae30082dec7acbaacc17f9,9,-17.77777777777778,5.717905599469481,9.666666666666666,3.840572873934304,0.0
SP_RJ,dbb9b48c841a0e39e21f98e1a6b2ec3e,12,-13.666666666666666,5.314360191257668,10.5,4.379705261980329,0.0
SP_RJ,dbd66278cbfe1aa1000f90a217ca4695,12,-16.083333333333332,14.361934114705843,13.333333333333334,8.071648849616485,0.16666666666666666
SP_RJ,dc4a0fc896dc34b0d5bfec8438291c80,36,-7.583333333333333,11.794369116537894,17.694444444444443,9.709551834425564,0.19444444444444445
SP_RJ,dd533b429f380718b70ad9922c294bae,5,-5.8,5.403702434442518,16.6,6.268971207462992,0.2
SP_RJ,dd55f1bb788714a40e7954c3be6df745,9,-7.777777777777778,16.60404903764273,20.666666666666668,14.378803844548404,0.1111111111111111
SP_RJ,dd7ddc04e1b6c2c614352b383efe2d36,10,-2.0,15.311578770474467,27.7,15.741311536491772,0.5
SP_RJ,de23c3b98a88888289c6f5cc1209054a,20,-8.45,11.69559071211297,16.5,10.40495833219609,0.15
SP_RJ,dee656f0f566ed1aa85bd137c943f08f,15,-13.666666666666666,13.253930234714026,14.2,11.143223437202924,0.06666666666666667
SP_RJ,df91910b6a03bb2e3358fa6a35e32f6f,5,-14.4,4.8270073544588685,8.2,2.16794833886788,0.0
SP_RJ,e24fc9fcd865784fb25705606fe3dfe7,6,-7.0,7.848566748139434,19.166666666666668,11.267948645013727,0.16666666666666666
SP_RJ,e26901d5ab434ce92fd9b5c256820a4e,17,-15.470588235294118,7.517626346284639,11.235294117647058,7.301792688825685,0.058823529411764705
SP_RJ,e333046ce6517bd8bb510291d44f0130,8,-10.0,9.710083124552245,14.5,14.755144381343266,0.125
SP_RJ,e5a3438891c0bfdb9394643f95273d8e,20,-0.05,20.003881202354073,24.8,17.092934828537537,0.4
SP_RJ,e5a38146df062edaf55c38afa99e42dc,21,-10.428571428571429,8.2010452295511,13.952380952380953,7.20052908108974,0.047619047619047616
SP_RJ,e63e8bfa530fb16910dd6956e592bb81,6,-12.166666666666666,6.431692364119001,15.333333333333334,6.860515043833566,0.0
SP_RJ,e7f3bf1ecd8526eb7f3b18059e6716e5,6,-14.5,6.284902544988268,9.0,2.756809750418044,0.0
SP_RJ,e89c4adbe7b1d0819dbb636e16461cf1,5,-7.2,19.664689166117018,24.0,18.934096228761486,0.2
SP_RJ,e8f6dc8e6a1dcde89d20e3995c8d90b3,6,-30.0,13.914021704740868,13.666666666666666,8.846845012017937,0.0
SP_RJ,e96498ed8daaa3e9c23f7a62da76591c,6,-4.333333333333333,19.012276735485067,22.0,16.037456157383563,0.3333333333333333
SP_RJ,e9779976487b77c6d4ac45f75ec7afe9,66,-13.606060606060606,11.515713395689172,13.318181818181818,8.755058477877173,0.07575757575757576
SP_RJ,e9d99831abad74458942f21e16f33f92,19,-7.947368421052632,10.632621105773843,15.789473684210526,10.485857922662742,0.2631578947368421
SP_RJ,ea566164622c6b439516ab18062c42cd,5,-5.4,11.392980294900891,17.6,9.633275663033837,0.4
SP_RJ,ea67327e24487bdfac5fbfa37ea124df,5,-10.8,19.94241710525582,12.0,9.027735042633894,0.2
SP_RJ,ea8482cd71df3c1969d7b9473ff13abc,83,-10.578313253012048,12.285347689499691,15.409638554216867,9.28943294835105,0.1686746987951807
SP_RJ,ebd2d60905fb58271facef5596b620d3,8,-11.375,10.822430410956681,11.625,10.64944666570589,0.125
SP_RJ,ec8879960bd2221d5c32f8e12f7da711,8,-6.25,13.424391446701996,22.25,12.127300959876793,0.25
SP_RJ,ececbfcff9804a2d6b40f589df8eef2b,11,-14.272727272727273,18.226853316417014,16.545454545454547,9.842394387176693,0.18181818181818182
SP_RJ,ef506c96320abeedfb894c34db06f478,32,-10.28125,19.971325210039556,14.4375,19.08713043878248,0.09375
SP_RJ,f181738b150df1f37cb0bd72e705b193,7,-12.571428571428571,8.866738273967922,11.714285714285714,7.889112449325035,0.14285714285714285
SP_RJ,f214d28e8d8e3ef068748498ccc2f813,6,-23.833333333333332,15.065412927187449,9.666666666666666,5.046450898073483,0.0
SP_RJ,f262cbc1c910c83959f849465454ddd3,23,-8.043478260869565,11.83015507801823,16.08695652173913,9.29277844486225,0.21739130434782608
SP_RJ,f27e33c6d29b5138fa9967bcd445b6d5,14,-4.357142857142857,12.34508399732861,16.428571428571427,10.653380003290295,0.21428571428571427
SP_RJ,f3da5b2ff499efb8d4a6d371d175d7dd,8,2.5,21.05095858014207,27.875,13.912353195220835,0.625
SP_RJ,f45122a9ab94eb4f3f8953578bc0c560,18,-6.611111111111111,12.348559758310891,17.333333333333332,11.39659391841161,0.2777777777777778
SP_RJ,f4aba7c0bca51484c30ab7bdc34bcdd1,8,-16.375,8.830749846821778,11.0,2.0701966780270626,0.0
SP_RJ,f5a590cf36251cf1162ea35bef76fe84,8,-13.25,14.74303709746207,16.0,13.2664991614216,0.125
SP_RJ,f680f85bee2d253556ac91be391d2c82,6,-15.833333333333334,11.839200423452027,14.0,4.242640687119285,0.0
SP_RJ,f7ba60f8c3f99e7ee4042fdef03b70c4,8,-9.625,14.312207576551067,14.875,7.735585673643962,0.375
SP_RJ,f7ccf836d21b2fb1de37564105216cc1,12,-2.75,15.046141154341322,20.5,16.395675704836986,0.25
SP_RJ,f80edd2c5aaa505cc4b0a3b219abf4b8,15,-19.333333333333332,8.624439250232584,13.333333333333334,7.898161329129228,0.0
SP_RJ,f8db351d8c4c4c22c6835c19a46f01b0,72,-14.75,6.352885559301178,9.666666666666666,5.178503780866699,0.013888888888888888
SP_RJ,fa1c13f2614d7b5c4749cbc52fecda94,73,-8.356164383561644,13.83470862943964,16.931506849315067,12.834771312427561,0.1917808219178082
SP_RJ,fa40cc5b934574b62717c68f3d678b6d,23,-10.347826086956522,10.315957169938999,14.08695652173913,10.008691874739588,0.13043478260869565
SP_RJ,fcb5ace8bcc92f75707dc0f01a27d269,6,-12.333333333333334,8.358628276617322,13.666666666666666,6.501281924871946,0.16666666666666666
SP_RJ,fd386aa7bed2af3c7035c65506c9b4a3,8,-15.0,11.6128008188009,12.25,12.566963492768307,0.125
SP_RJ,fdb9095204a334cd8872252ffec6f2db,5,-8.8,17.210461934532727,16.2,20.668817092422103,0.2
SP_RJ,fe2032dab1a61af8794248c8196565c9,27,-13.0,10.280676421924177,12.222222222222221,8.345119869781719,0.1111111111111111
SP_RJ,febab0275244b9a49a623f0bd613ca2f,7,-12.0,8.020806277010642,12.285714285714286,5.186980037050644,0.0
SP_RJ,ff063b022a9a0aab91bad2c9088760b7,12,-13.833333333333334,10.329422524854412,13.666666666666666,8.150106896491753,0.08333333333333333
SP_RJ,ffc470761de7d0232558ba5e786e57b7,5,-19.2,6.418722614352486,9.0,3.082207001484488,0.0
SP_RN,1025f0e2d44d7041d6cf58b6550e0bfa,5,-16.4,9.44986772394196,16.8,5.215361924162119,0.0
SP_RN,1f50f920176fa81dab994f9023523100,5,-8.6,15.533834040570925,26.0,14.38749456993816,0.2
SP_RN,3d871de0142ce09b7081e2b9d1733cb1,6,-17.0,7.1274118724821856,17.333333333333332,8.189424074174367,0.0
SP_RN,4869f7a5dfa277a7dca6462dcf3b52b2,5,-14.4,9.396807968666806,19.0,8.74642784226795,0.2
SP_RN,6560211a19b47992c3666cc44a7e94c0,12,-15.083333333333334,7.279589565519765,14.0,7.397788367294155,0.08333333333333333
SP_RN,7a67c85e85bb2ce8582c35f2203ad736,10,-11.7,14.283245818479465,21.1,12.278707858185513,0.1
SP_RN,7e93a43ef30c4f03f38b393420bc753a,5,-14.4,5.683308895353129,17.0,6.519202405202649,0.0
SP_RN,cc419e0650a3c5ba77189a1882b7556a,13,-15.307692307692308,10.019852089598722,19.76923076923077,9.892369501740943,0.07692307692307693
SP_RN,ea8482cd71df3c1969d7b9473ff13abc,6,-19.833333333333332,9.703951085339758,14.333333333333334,4.1311822359545785,0.0
SP_RN,f7ba60f8c3f99e7ee4042fdef03b70c4,7,-13.428571428571429,12.067271755415456,18.857142857142858,9.839183086492689,0.14285714285714285
SP_RN,f8db351d8c4c4c22c6835c19a46f01b0,7,-15.285714285714286,10.144198435793827,20.142857142857142,9.668308563352252,0.0
SP_RN,fa1c13f2614d7b5c4749cbc52fecda94,9,-9.222222222222221,10.219806477837261,20.333333333333332,10.222524150130436,0.1111111111111111
SP_RO,4a3ca9315b744ce9f8e9374361493884,5,-21.2,2.16794833886788,18.4,3.049590136395381,0.0
SP_RO,ea8482cd71df3c1969d7b9473ff13abc,7,-21.142857142857142,8.706866474772873,18.285714285714285,5.023753102820165,0.0
SP_RO,fa40cc5b934574b62717c68f3d678b6d,6,-13.333333333333334,7.447594690010102,21.333333333333332,8.57126983980009,0.0
SP_RS,004c9cd9d87a3c30c522c48c4fc07416,12,-3.0,18.742271134329673,28.25,17.157691092812097,0.3333333333333333
SP_RS,00ee68308b45bc5e2660cd833c3f81cc,7,-9.714285714285714,17.98809129872952,18.857142857142858,16.92560753639852,0.14285714285714285
SP_RS,06579cb253ecd5a3a12a9e6eb6bf8f47,6,-16.333333333333332,10.519822558706334,15.833333333333334,9.217736526212207,0.0
SP_RS,0adac9fbd9a2b63cccaac4f8756c1ca8,5,-12.6,6.268971207462991,17.6,5.9413803110051795,0.0
SP_RS,0bae85eb84b9fb3bd773911e89288d54,9,-15.222222222222221,7.276293317647691,11.555555555555555,5.410894360249309,0.0
SP_RS,0c7533c71df861ec58ad7ff999ed0e8d,5,-15.6,5.727128425310541,12.4,6.913754406977442,0.0
SP_RS,0db783cfcd3b73998abc6e10e59a102f,5,-19.6,15.501612819316577,14.0,4.47213595499958,0.0
SP_RS,0dd184061fb0eaa7ca37932c68ab91c5,9,-12.444444444444445,14.045560785450249,16.77777777777778,13.386352917970019,0.1111111111111111
SP_RS,1025f0e2d44d7041d6cf58b6550e0bfa,62,-14.096774193548388,9.698250099752839,14.290322580645162,7.525665586324354,0.08064516129032258
SP_RS,1127b7f2594683f2510f1c2c834a486b,6,-13.5,5.319774431308154,9.833333333333334,3.8166302763912916,0.0
SP_RS,16090f2ca825584b5a147ab24aa30c86,13,-12.615384615384615,13.50023741481646,15.0,13.546217184144066,0.07692307692307693
SP_RS,17a053fcb14bd219540cbde0df490be0,5,-12.4,9.044335243676011,20.4,7.503332592921629,0.2
SP_RS,17e34d8224d27a541263c4c64b11a56b,11,-10.909090909090908,9.883871159161732,19.181818181818183,9.206716915580513,0.09090909090909091
SP_RS,1835b56ce799e6a4dc4eddc053f04066,18,-9.61111111111111,14.455362892015865,23.38888888888889,11.707910291708457,0.2777777777777778
SP_RS,18a349e75d307f4b4cc646a691ed4216,7,-5.0,20.90454496036687,28.0,21.039645117412668,0.2857142857142857
SP_RS,1900267e848ceeba8fa32d80c1a5f5a8,19,-13.736842105263158,11.756048586262866,18.0,10.514540197058336,0.10526315789473684
SP_RS,1b8356dabde1d35e17cef975c3f82730,6,-12.833333333333334,7.782458908768273,13.833333333333334,6.047037842337906,0.0
SP_RS,1bb2bdb95f4841f1bba2c0d2cd83d3c9,5,-16.6,8.61974477580398,14.6,6.6558245169174945,0.0
SP_RS,1c129092bf23f28a5930387c980c0dfc,9,-14.11111111111111,5.109903238918631,14.88888888888889,6.527718675855381,0.0
SP_RS,1ca7077d890b907f89be8c954a02686a,6,-14.333333333333334,8.71014733897577,16.166666666666668,6.493586579592718,0.16666666666666666
SP_RS,1da3aeb70d7989d1e6d9b0e887f97c23,16,-18.0,8.024961059095553,10.9375,4.697073557013984,0.0
SP_RS,1e8b33f18b4f7598d87f5cbee2282cc2,10,-12.7,11.155965021259055,15.2,8.270429251254134,0.2
SP_RS,1f50f920176fa81dab994f9023523100,105,-13.666666666666666,8.697553443206653,19.304761904761904,7.815324947134575,0.05714285714285714
SP_RS,1f9ab4708f3056ede07124aad39a2554,6,-15.5,4.135214625627067,15.166666666666666,3.1885210782848317,0.0
SP_RS,2138ccb85b11a4ec1e37afbd1c8eda1f,22,-13.590909090909092,3.762712938560243,13.136363636363637,3.589607413810232,0.0
SP_RS,213b25e6f54661939f11710a6fddb871,10,-14.0,7.363574011458174,17.5,4.478342947514801,0.0
SP_RS,218d46b86c1881d022bce9c68a7d4b15,15,-17.933333333333334,8.987822449345135,15.733333333333333,6.627504019146992,0.06666666666666667
SP_RS,2528513dd95219a6013d4d05176e391a,8,-11.75,8.988087354143499,16.125,7.434235478033846,0.0
SP_RS,259f7b5e6e482c230e5bfaa670b6bb8f,10,-14.1,6.0635523141692005,16.1,7.27934673503666,0.0
SP_RS,25e6ffe976bd75618accfe16cefcbd0d,7,-15.0,10.392304845413264,15.142857142857142,8.395009855633909,0.14285714285714285
SP_RS,2a7dc43cecabf23403078e2188437d1d,5,-16.0,4.743416490252569,13.8,3.5637059362410923,0.0
SP_RS,2c9e548be18521d1c43cde1c582c6de8,6,-14.5,9.628083921528727,15.666666666666666,7.201851613763412,0.0
SP_RS,2e1c9f22be269ef4643f826c9e650a52,6,-17.833333333333332,5.528712930390459,9.0,1.5491933384829668,0.0
SP_RS,2e90cb1677d35cfe24eef47d441b7c87,10,-12.2,9.402127418834526,16.0,9.38083151964686,0.2
SP_RS,2eb70248d66e0e3ef83659f71b244378,8,-15.0,8.468428763016531,18.625,9.530964574180606,0.0
SP_RS,2ff97219cb8622eaf3cd89b7d9c09824,6,-17.666666666666668,5.046450898073483,10.833333333333334,4.215052391924288,0.0
SP_RS,323ce52b5b81df2cd804b017b7f09aa7,6,-10.333333333333334,4.0824829046386295,17.0,5.440588203494177,0.0
SP_RS,33a6f4b1e7cdc205511e76ba1b6e0186,6,-20.333333333333332,8.547904226573124,11.666666666666666,3.141125063837266,0.0
SP_RS,34056b8b55c1775a22af2331670a799c,11,-8.727272727272727,14.980593506873545,21.636363636363637,14.249720890408536,0.2727272727272727
SP_RS,3586b8580d9c917874e053a1bb37b5ff,6,-22.833333333333332,8.134289561274953,12.666666666666666,6.2182527020592095,0.0
SP_RS,36a968b544695394e4e9d7572688598f,5,-15.8,5.540758070878027,14.2,5.019960159204453,0.0
SP_RS,37515688008a7a40ac93e3b2e4ab203f,7,-6.428571428571429,11.631238725334214,22.428571428571427,10.325649985305894,0.2857142857142857
SP_RS,37be5a7c751166fbc5f8ccba4119e043,22,-16.227272727272727,3.4768871981622564,12.272727272727273,3.2976444433047774,0.0
SP_RS,391fc6631aebcf3004804e51b40bcf1e,26,-13.192307692307692,11.51353718287905,19.46153846153846,9.567573440452994,0.11538461538461539
SP_RS,3b15288545f8928d3e65a8f949a28291,8,-15.625,5.208166663999915,14.0,4.503966505838413,0.0
SP_RS,3d871de0142ce09b7081e2b9d1733cb1,69,-15.507246376811594,9.873647619094617,16.985507246376812,9.447210533870317,0.08695652173913043
SP_RS,41b39e28db005d9731d9d485a83b4c38,9,-17.11111111111111,8.313309275559952,15.222222222222221,7.067138349038064,0.0
SP_RS,431af27f296bc6519d890aa5a05fdb11,7,-0.14285714285714285,13.752921767495703,29.142857142857142,11.4953406710222,0.5714285714285714
SP_RS,4371b634e0efc0e22b09b52907d9d469,10,-8.6,6.239658110292049,20.9,7.651434142985512,0.0
SP_RS,440dd6ab244315c632130ecfb63827b1,10,-10.4,22.277043490253966,21.7,20.29805683091638,0.1
SP_RS,45d33f715e24d15a6ccf5c17b3a23e3c,5,-17.6,4.722287581247038,14.4,9.423375191511797,0.0
SP_RS,48162d548f5b1b11b9d29d1e01f75a61,6,-16.666666666666668,8.406346808612327,13.333333333333334,1.505545305418162,0.0
SP_RS,4830e40640734fc1c52cd21127c341d4,12,-11.0,9.105442927671938,17.5,8.939188492759895,0.08333333333333333
SP_RS,48436dade18ac8b2bce089ec2a041202,6,-15.333333333333334,5.750362307426087,13.333333333333334,3.32665998663324,0.0
SP_RS,4869f7a5dfa277a7dca6462dcf3b52b2,40,-13.1,11.419281938896157,18.9,9.175776359244583,0.125
SP_RS,4a3ca9315b744ce9f8e9374361493884,89,-9.157303370786517,9.505858093833622,19.876404494382022,9.143825816462043,0.1348314606741573
SP_RS,4b9750c8ad28220fe6702d4ecb7c898f,9,-10.555555555555555,10.666666666666666,17.333333333333332,10.124228365658293,0.1111111111111111
SP_RS,4c18691b6037662be2df78a765d98ab5,7,-20.285714285714285,11.041048949477666,8.142857142857142,2.267786838055363,0.0
SP_RS,4c2b230173bb36f9b240f2b8ac11786e,10,-9.7,7.04035983928852,17.6,6.186005711819758,0.2
SP_RS,4d6d651bd7684af3fffabd5f08d12e5a,19,-14.578947368421053,5.025665124291557,15.842105263157896,6.693804414819695,0.0
SP_RS,4e7c18b98d84e05cbae3ff0ff03846c2,6,-9.833333333333334,7.808115436305144,19.833333333333332,7.026141662866375,0.16666666666666666
SP_RS,4e922959ae960d389249c378d1c939f5,36,-16.75,11.067003724069645,16.52777777777778,10.190993533819418,0.08333333333333333
SP_RS,503c1de08ae81a2d86f17951b204db55,5,-14.8,1.9235384061671346,11.4,3.286335345030997,0.0
SP_RS,527801b552d0077ffd170872eb49683b,9,-12.444444444444445,13.210896176178881,20.333333333333332,11.989578808281799,0.2222222222222222
SP_RS,5343d0649eca2a983820bfe93fc4d17e,7,-17.0,9.763879010584539,12.857142857142858,7.515064236331614,0.14285714285714285
SP_RS,53e4c6e0f4312d4d2107a8c9cddf45cd,27,-18.962962962962962,6.710963942462889,15.074074074074074,6.4086835677247365,0.0
SP_RS,54a1852d1b8f10312c55e906355666ee,11,-7.909090909090909,12.549538202296892,20.363636363636363,12.682844533248266,0.09090909090909091
SP_RS,562fc2f2c2863ab7e79a9e4388a58a14,11,-13.363636363636363,6.830413271138537,13.818181818181818,7.507571935295482,0.0
SP_RS,59fb871bf6f4522a87ba567b42dafecf,7,-22.285714285714285,7.825477316949762,11.571428571428571,4.353433237386437,0.0
SP_RS,5a8e7d5003a1f221f9e1d6e411de7c23,10,-12.1,4.605552204797066,14.5,4.403281604540969,0.0
SP_RS,5c243662ce92d84573bfaff24c3e3700,6,-16.833333333333332,4.622409184253019,9.666666666666666,4.802776974487434,0.0
SP_RS,5dceca129747e92ff8ef7a997dc4f8ca,25,-15.72,6.680319353643706,12.72,4.208325082500163,0.0
SP_RS,602044f2c16190c2c6e45eb35c2e21cb,5,-16.8,6.942621983083913,13.4,6.024948132556828,0.0
SP_RS,624f4ece8da4aafb77699233d480f8ef,8,-10.125,12.100029515902607,17.5,8.864052604279182,0.125
SP_RS,640e21a7d01df7614a3b4923e990d40c,11,-14.818181818181818,7.997726949804949,11.818181818181818,4.400413203738527,0.0
SP_RS,6560211a19b47992c3666cc44a7e94c0,66,-16.151515151515152,7.442585208922676,12.363636363636363,6.029763010105949,0.015151515151515152
SP_RS,688756f717c462a206ad854c5027a64a,5,-14.2,7.395944834840239,12.2,3.03315017762062,0.0
SP_RS,6a8b085f816a1f75f92dbac6eb545f8f,5,-14.8,3.96232255123179,15.4,6.8044103344816,0.0
SP_RS,6d66611d7c44cc30ce351abc49a68421,6,-16.0,6.572670690061994,11.833333333333334,3.8166302763912916,0.0
SP_RS,6edacfd9f9074789dad6d62ba7950b9c,13,-12.384615384615385,5.530799543442484,13.0,4.915960401250874,0.0
SP_RS,6fc26fe110feebd80a433e1f012a84f9,7,-10.142857142857142,9.026416258748013,18.142857142857142,9.511897312113419,0.14285714285714285
SP_RS,7040e82f899a04d1b434b795a43b4617,10,-17.1,6.2441083341730135,11.1,4.677368680976279,0.0
SP_RS,709e16e2b25c7474d980076c6bfc4806,6,-9.666666666666666,13.094528119281987,20.333333333333332,12.722683155162933,0.3333333333333333
SP_RS,70a12e78e608ac31179aea7f8422044b,22,-12.454545454545455,6.231466025837647,16.59090909090909,7.014672316340066,0.0
SP_RS,7142540dd4c91e2237acb7e911c4eba2,11,-12.454545454545455,10.424621205239415,19.636363636363637,8.547195180557505,0.09090909090909091
SP_RS,715bbd5ba4e6b74cb0d2f29eb45058b0,7,-17.285714285714285,14.221044098029346,16.857142857142858,12.401996767034081,0.14285714285714285
SP_RS,729f06993dac8e860d4f02d7088ca48a,5,-19.8,9.833615815151617,13.8,2.04939015319192,0.0
SP_RS,76d5af76d0271110f9af36c92573f765,15,-17.2,12.353137253345807,16.133333333333333,10.507593626017512,0.06666666666666667
SP_RS,7a67c85e85bb2ce8582c35f2203ad736,106,-15.066037735849056,6.669431142907993,12.50943396226415,5.437515684520553,0.02830188679245283
SP_RS,7aa4334be125fcdd2ba64b3180029f14,10,-11.2,10.962562555250381,21.3,11.68141924406258,0.1
SP_RS,7ad32824caee82087b3e2e5f33b1bf32,13,-18.76923076923077,10.401553138464836,14.615384615384615,9.179129057618173,0.07692307692307693
SP_RS,7c67e1448b00f6e969d365cea6b010ab,46,-12.847826086956522,26.654970260976214,25.565217391304348,25.609592103925987,0.043478260869565216
SP_RS,7d13fca15225358621be4086e1eb0964,20,-16.0,13.106848350546006,18.1,10.366443840331014,0.05
SP_RS,7d76b645482be4a332374e8223836592,12,-17.583333333333332,7.153617436251565,12.833333333333334,7.01729465267237,0.0
SP_RS,7dc8c42cc750eeafea6c85712ffee9bf,5,-18.6,3.7815340802378072,13.2,3.1937438845342623,0.0
SP_RS,7ddcbb64b5bc1ef36ca8c151f6ec77df,21,-15.333333333333334,5.516641490375583,13.142857142857142,4.1747540560578456,0.0
SP_RS,7e1fb0a3ebfb01ffb3a7dae98bf3238d,7,-6.142857142857143,14.252819269985048,25.0,11.313708498984761,0.2857142857142857
SP_RS,7e93a43ef30c4f03f38b393420bc753a,16,-18.0,5.64505683467108,11.4375,5.253173643935001,0.0
SP_RS,8160255418d5aaa7dbdc9f4c64ebda44,20,-11.95,12.076401520494857,20.1,10.361365486114371,0.2
SP_RS,850f4f8af5ea87287ac68de36e29107f,5,-23.0,2.91547594742265,10.6,3.0495901363953815,0.0
SP_RS,855668e0971d4dfd7bef1b6a4133b41b,19,-9.578947368421053,12.811955308633001,22.0,15.559920022645075,0.15789473684210525
SP_RS,8581055ce74af1daba164fdbd55a40de,14,-12.642857142857142,7.5305239664176895,15.785714285714286,6.7045170930164275,0.0
SP_RS,897060da8b9a21f655304d50fd935913,18,-10.5,12.079394219325835,20.27777777777778,11.895651976571624,0.16666666666666666
SP_RS,8a32e327fe2c1b3511609d81aaf9f042,9,-21.444444444444443,5.9184269681882355,9.222222222222221,2.8625940062196107,0.0
SP_RS,8b321bb669392f5163d04c59e235e066,42,-15.666666666666666,9.83440120975708,14.738095238095237,7.509537103104532,0.07142857142857142
SP_RS,8d956fec2e4337affcb520f56fd8cbfd,8,-16.0,10.474458731327635,13.75,5.11998883927355,0.0
SP_RS,8f2ce03f928b567e3d56181ae20ae952,14,-12.714285714285714,13.504577978360759,16.142857142857142,8.438530156892918,0.14285714285714285
SP_RS,92eb0f42c21942b6552362b9b114707d,25,-11.28,5.954829972383762,17.72,4.826316746063538,0.0
SP_RS,955fee9216a65b617aa5c0531780ce60,65,-11.384615384615385,9.963515173641511,17.692307692307693,9.249870061457413,0.06153846153846154
SP_RS,994f04b3718c2bab35c2adfa8afecd2a,5,-18.0,10.198039027185569,17.4,7.162401831787993,0.0
SP_RS,9b013e03b2ab786505a1d3b5c0756754,6,-9.166666666666666,10.609743949156673,20.166666666666668,12.528633870724558,0.16666666666666666
SP_RS,9c0e69c7bf2619675bbadf47b43f655a,10,2.4,53.92422667245422,31.5,53.49402874257192,0.1
SP_RS,9e6229250fedbe05838fef417b74e7fb,5,-24.6,10.92245393673052,13.4,3.9749213828703582,0.0
SP_RS,9f505651f4a6abe901a56cdc21508025,25,-12.44,16.9952934661335,13.88,15.732980222026173,0.08
SP_RS,a416b6a846a11724393025641d4edd5e,6,-8.166666666666666,10.870449239413551,19.333333333333332,10.538817137927134,0.16666666666666666
SP_RS,a420f60ff1aa9acc80d0e42959f2b313,7,-19.571428571428573,3.4572215654165057,13.0,3.872983346207417,0.0
SP_RS,b14db04aa7881970e83ffa9426897925,12,-11.166666666666666,10.658614384902975,17.833333333333332,8.526251796479487,0.08333333333333333
SP_RS,b2479f944e1b90cf8a5de1bbfde284d6,6,-0.3333333333333333,16.954841982945954,31.5,15.630099167951558,0.5
SP_RS,b2ba3715d723d245138f291a6fe42594,14,-9.857142857142858,6.654751256486923,19.214285714285715,8.106773724471418,0.07142857142857142
SP_RS,b33e7c55446eabf8fe1a42d037ac7d6d,6,-18.5,5.431390245600107,16.666666666666668,2.804757862395017,0.0
SP_RS,b4ffb71f0cb1b1c3d63fad021ecf93e1,7,-21.428571428571427,4.7559486560567095,10.142857142857142,4.740906081772816,0.0
SP_RS,b76dba6c951ab00dc4edf0a1aa88037e,16,-19.375,11.621101496846158,12.75,4.219004621945797,0.0625
SP_RS,bd23da7354813347129d751591d1a6e2,6,-11.0,6.899275324264136,19.166666666666668,8.70440501508671,0.0
SP_RS,bd4889b5e9133b35b66e42a8665cea5c,5,-17.2,7.9498427657407165,17.2,7.463243262818116,0.0
SP_RS,beadbee30901a7f61d031b6b686095ad,6,-12.5,13.722244714331545,18.166666666666668,13.644290625263984,0.16666666666666666
SP_RS,bfd27a966d91cfaafdb25d076585f0da,6,-19.166666666666668,13.541294866690803,15.0,5.403702434442518,0.0
SP_RS,c003204e1ab016dfa150abc119207b24,14,-15.928571428571429,8.827093656327797,12.571428571428571,7.562196320303592,0.07142857142857142
SP_RS,c3867b4666c7d76867627c2f7fb22e21,5,-12.8,11.34460224071342,19.8,10.61602562167217,0.2
SP_RS,c6bda72e4dbf5c5866b13cb1810c6d03,5,-12.6,3.2093613071762426,16.0,6.928203230275509,0.0
SP_RS,c826c40d7b19f62a09e2d7c5e7295ee2,24,-14.083333333333334,7.395160971682865,15.708333333333334,6.721019375755091,0.041666666666666664
SP_RS,cac4c8e7b1ca6252d8f20b2fc1a2e4af,5,-17.4,7.700649323271382,16.6,6.148170459575759,0.0
SP_RS,cc419e0650a3c5ba77189a1882b7556a,85,-17.105882352941176,6.438395854284713,14.176470588235293,5.663535137359073,0.011764705882352941
SP_RS,cca3071e3e9bb7d12640c9fbe2301306,51,-12.862745098039216,11.085160545239093,19.686274509803923,9.454078899773224,0.13725490196078433
SP_RS,cce6ab8d1682639fe45ab70234f1665f,7,-10.285714285714286,8.826367424074407,17.571428571428573,9.271050693011064,0.14285714285714285
SP_RS,cd68562d3f44870c08922d380acae552,10,-3.2,15.788884979278585,25.5,17.08313008009168,0.2
SP_RS,ceaec5548eefc6e23e6607c5435102e7,16,-19.75,9.6850400102426,16.125,5.426785420486055,0.0
SP_RS,cfb1a033743668a192316f3c6d1d2671,5,-16.6,6.730527468185536,14.8,4.43846820423443,0.0
SP_RS,d1c281d3ae149232351cd8c8cc885f0d,7,-17.0,7.702813338860896,11.428571428571429,2.6992062325273123,0.0
SP_RS,d20b021d3efdf267a402c402a48ea64b,6,-9.0,3.687817782917155,19.166666666666668,3.600925806881706,0.0
SP_RS,d2374cbcbb3ca4ab1086534108cc3ab7,26,-18.076923076923077,13.576223560101173,20.26923076923077,13.092158545656838,0.07692307692307693
SP_RS,d673a59aac7a70d8b01e6902bf090a11,6,-10.166666666666666,7.359800721939873,18.5,9.833615815151617,0.0
SP_RS,d6b1ce66b035a475f00c017792ff9769,7,-20.571428571428573,4.466808810815721,9.428571428571429,2.0701966780270626,0.0
SP_RS,d91fb3b7d041e83b64a00a3edfb37e4f,28,-18.678571428571427,8.52036154435719,13.142857142857142,4.648490680690412,0.0
SP_RS,d9bd94811c3338dceb4181f3dbc0c73e,5,-17.2,6.97853852894716,11.2,3.8340579025361623,0.0
SP_RS,da8622b14eb17ae2831f4ac5b9dab84a,66,-14.090909090909092,10.05328461093843,17.106060606060606,9.530725677236331,0.06060606060606061
SP_RS,db4350fd57ae30082dec7acbaacc17f9,11,-17.0,4.816637831516918,14.818181818181818,4.750119615718784,0.0
SP_RS,dbb9b48c841a0e39e21f98e1a6b2ec3e,6,-18.5,5.0099900199501395,12.833333333333334,5.564770136013407,0.0
SP_RS,dbd66278cbfe1aa1000f90a217ca4695,5,-19.2,8.843076387773658,14.2,6.760177512462229,0.0
SP_RS,dc4a0fc896dc34b0d5bfec8438291c80,16,-10.6875,8.380284402492952,19.1875,8.336416096460956,0.125
SP_RS,dd533b429f380718b70ad9922c294bae,5,-11.6,6.841052550594828,14.4,7.700649323271382,0.0
SP_RS,dd7ddc04e1b6c2c614352b383efe2d36,6,-8.333333333333334,12.612163441165304,21.0,13.069047402163633,0.16666666666666666
SP_RS,de23c3b98a88888289c6f5cc1209054a,6,-16.0,7.238784428341543,11.833333333333334,4.622409184253019,0.0
SP_RS,dee656f0f566ed1aa85bd137c943f08f,6,-19.833333333333332,9.84716541278081,17.666666666666668,8.547904226573122,0.0
SP_RS,e26901d5ab434ce92fd9b5c256820a4e,16,-15.8125,5.07567729470659,11.5,4.633213427705081,0.0
SP_RS,e5a3438891c0bfdb9394643f95273d8e,11,-10.818181818181818,6.079772723024798,19.363636363636363,6.120011883529758,0.09090909090909091
SP_RS,e5a38146df062edaf55c38afa99e42dc,6,-14.666666666666666,3.7771241264574122,11.333333333333334,4.457203906785808,0.0
SP_RS,e9779976487b77c6d4ac45f75ec7afe9,20,-10.95,13.040322081911933,17.9,13.691718588063985,0.05
SP_RS,ea8482cd71df3c1969d7b9473ff13abc,75,-14.066666666666666,8.46508462200217,15.48,6.769087127563106,0.04
SP_RS,ececbfcff9804a2d6b40f589df8eef2b,9,-14.0,12.971121771072847,14.666666666666666,11.467344941179714,0.1111111111111111
SP_RS,ef506c96320abeedfb894c34db06f478,22,-12.090909090909092,13.762990714954121,17.272727272727273,10.771133460194243,0.045454545454545456
SP_RS,f27e33c6d29b5138fa9967bcd445b6d5,5,-18.8,3.5637059362410923,12.6,5.594640292279746,0.0
SP_RS,f45122a9ab94eb4f3f8953578bc0c560,9,-13.333333333333334,4.092676385936225,13.444444444444445,3.4681086744474685,0.0
SP_RS,f46490624488d3ff7ce78613913a7711,5,-7.2,6.379655163094633,16.2,0.8366600265340753,0.2
SP_RS,f4aba7c0bca51484c30ab7bdc34bcdd1,6,-19.833333333333332,10.49603099588919,14.5,4.764451699828638,0.0
SP_RS,f680f85bee2d253556ac91be391d2c82,5,-15.0,5.291502622129181,14.0,6.2048368229954285,0.0
SP_RS,f7ba60f8c3f99e7ee4042fdef03b70c4,5,-22.2,7.014271166700073,10.6,3.209361307176242,0.0
SP_RS,f80edd2c5aaa505cc4b0a3b219abf4b8,6,-10.333333333333334,10.4626319187223,19.666666666666668,9.437513796899408,0.16666666666666666
SP_RS,f84fa566034f5e8e880a07ec624c56af,7,-12.0,7.874007874011811,16.857142857142858,7.380798769522881,0.0
SP_RS,f8db351d8c4c4c22c6835c19a46f01b0,51,-15.862745098039216,7.491380668056156,13.058823529411764,6.074246503743102,0.0196078431372549
SP_RS,fa1c13f2614d7b5c4749cbc52fecda94,25,-10.04,10.998030126648437,19.56,10.626539104211368,0.2
SP_RS,fa40cc5b934574b62717c68f3d678b6d,12,-11.083333333333334,11.139269874337964,15.583333333333334,9.912878064172459,0.08333333333333333
SP_RS,fe2032dab1a61af8794248c8196565c9,13,-14.461538461538462,10.112825063711464,15.076923076923077,10.41202460668704,0.07692307692307693
SP_RS,ff063b022a9a0aab91bad2c9088760b7,7,-16.571428571428573,7.612646120264683,13.0,5.066228051190222,0.0
SP_RS,fffd5413c0700ac820c7069d66d98c89,5,-5.6,7.436396977031283,23.6,10.014988766843425,0.4
SP_SC,0432ead42b6c8a0bdf68154add917fdf,5,-17.6,4.929503017546496,11.0,2.345207879911715,0.0
SP_SC,0bae85eb84b9fb3bd773911e89288d54,11,-12.090909090909092,3.269695565478397,4.090909090909091,2.4679767200905864,0.0
SP_SC,0be8ff43f22e456b4e0371b2245e4d01,5,-4.4,11.844830095868831,23.0,13.45362404707371,0.2
SP_SC,0dd184061fb0eaa7ca37932c68ab91c5,13,-12.153846153846153,11.437119056287397,15.538461538461538,10.564211475664624,0.15384615384615385
SP_SC,1025f0e2d44d7041d6cf58b6550e0bfa,53,-11.30188679245283,7.489954569186389,14.11320754716981,6.979807076236449,0.1320754716981132
SP_SC,1127b7f2594683f2510f1c2c834a486b,5,-10.6,4.505552130427524,13.8,5.449770637375485,0.0
SP_SC,16090f2ca825584b5a147ab24aa30c86,17,-13.941176470588236,6.571439989029176,11.529411764705882,5.702166770829572,0.058823529411764705
SP_SC,17a053fcb14bd219540cbde0df490be0,6,-10.666666666666666,5.5377492419453835,15.333333333333334,5.680375574437544,0.0
SP_SC,17e34d8224d27a541263c4c64b11a56b,10,-9.4,7.9610161272150295,16.8,7.192588778272628,0.2
SP_SC,1835b56ce799e6a4dc4eddc053f04066,19,-10.31578947368421,9.067969462643697,16.05263157894737,9.588614105689949,0.10526315789473684
SP_SC,18a349e75d307f4b4cc646a691ed4216,6,-15.166666666666666,7.935153852740769,14.666666666666666,8.733078876700167,0.0
SP_SC,1c129092bf23f28a5930387c980c0dfc,5,-10.6,4.219004621945797,17.0,2.9154759474226504,0.0
SP_SC,1da3aeb70d7989d1e6d9b0e887f97c23,5,-2.6,9.710818709048171,20.2,7.791020472312982,0.2
SP_SC,1f50f920176fa81dab994f9023523100,64,-10.015625,10.034056590764607,18.765625,8.760920056597664,0.109375
SP_SC,1f9ab4708f3056ede07124aad39a2554,7,-15.285714285714286,11.32422603263001,16.857142857142858,4.298393941484479,0.0
SP_SC,2138ccb85b11a4ec1e37afbd1c8eda1f,15,-8.133333333333333,8.140434058861153,15.6,6.6847374133704225,0.13333333333333333
SP_SC,213b25e6f54661939f11710a6fddb871,7,-12.714285714285714,5.992058236095666,16.714285714285715,3.728908942943218,0.0
SP_SC,218d46b86c1881d022bce9c68a7d4b15,14,-7.214285714285714,8.842020056600115,19.0,8.849163367668849,0.21428571428571427
SP_SC,2c9e548be18521d1c43cde1c582c6de8,10,-8.7,12.798003316489995,17.5,11.759157188241756,0.2
SP_SC,2e90cb1677d35cfe24eef47d441b7c87,7,-5.571428571428571,9.324826054805577,20.285714285714285,11.814035236591627,0.2857142857142857
SP_SC,2eb70248d66e0e3ef83659f71b244378,7,-11.142857142857142,6.3358391032961965,22.0,5.94418483337567,0.0
SP_SC,2ff97219cb8622eaf3cd89b7d9c09824,6,-10.333333333333334,6.501281924871945,9.5,6.220932405998316,0.0
SP_SC,37515688008a7a40ac93e3b2e4ab203f,6,-2.6666666666666665,10.405126941400892,23.833333333333332,8.424171571535487,0.3333333333333333
SP_SC,37be5a7c751166fbc5f8ccba4119e043,5,-12.2,2.949576240750525,14.2,3.1144823004794873,0.0
SP_SC,391fc6631aebcf3004804e51b40bcf1e,16,-9.6875,7.947483878561818,17.875,6.771262806892079,0.0625
SP_SC,3be634553519fb6536a03e1358e9fdc7,6,-11.833333333333334,10.028293307770104,15.166666666666666,8.658329323066123,0.0
SP_SC,3d871de0142ce09b7081e2b9d1733cb1,36,-11.666666666666666,6.427618977061857,17.27777777777778,7.588002225736217,0.05555555555555555
SP_SC,431af27f296bc6519d890aa5a05fdb11,6,-9.166666666666666,5.671566509057851,15.833333333333334,5.036533199202271,0.16666666666666666
SP_SC,4830e40640734fc1c52cd21127c341d4,11,-10.909090909090908,8.0802790230851,13.272727272727273,7.4308937428940425,0.09090909090909091
SP_SC,4869f7a5dfa277a7dca6462dcf3b52b2,32,-10.5625,10.558401333046467,18.40625,10.063858603935172,0.09375
SP_SC,4a3ca9315b744ce9f8e9374361493884,45,-8.333333333333334,8.79824362637742,17.844444444444445,7.830463691005891,0.1111111111111111
SP_SC,4b9750c8ad28220fe6702d4ecb7c898f,5,-13.4,11.304866208850063,11.4,4.8270073544588685,0.0
SP_SC,4d6d651bd7684af3fffabd5f08d12e5a,15,-12.6,13.505554412907303,17.933333333333334,8.843614860990037,0.06666666666666667
SP_SC,4e7c18b98d84e05cbae3ff0ff03846c2,9,-8.777777777777779,9.756764035500932,16.77777777777778,6.685390373377193,0.1111111111111111
SP_SC,4e922959ae960d389249c378d1c939f5,23,-12.043478260869565,6.13839082310936,18.043478260869566,7.138106833745239,0.043478260869565216
SP_SC,53e4c6e0f4312d4d2107a8c9cddf45cd,11,-10.454545454545455,9.532718776546766,19.545454545454547,10.299161483962045,0.18181818181818182
SP_SC,54a1852d1b8f10312c55e906355666ee,9,-11.0,8.139410298049853,13.333333333333334,8.139410298049853,0.1111111111111111
SP_SC,562fc2f2c2863ab7e79a9e4388a58a14,11,-17.727272727272727,5.587323314269707,10.090909090909092,3.4483197489370223,0.0
SP_SC,59fb871bf6f4522a87ba567b42dafecf,6,-8.833333333333334,9.152413160837238,21.5,8.360621986431392,0.16666666666666666
SP_SC,5a8e7d5003a1f221f9e1d6e411de7c23,13,-10.538461538461538,6.850977845234754,16.0,5.901977069875258,0.07692307692307693
SP_SC,5dceca129747e92ff8ef7a997dc4f8ca,13,-10.307692307692308,3.7502136691264094,12.615384615384615,3.228479041758971,0.0
SP_SC,6560211a19b47992c3666cc44a7e94c0,47,-11.74468085106383,5.272851242166485,13.148936170212766,6.403052001242828,0.02127659574468085
SP_SC,688756f717c462a206ad854c5027a64a,5,-10.2,4.266145801540309,12.8,1.9235384061671346,0.0
SP_SC,6a8b085f816a1f75f92dbac6eb545f8f,6,-11.0,4.69041575982343,16.166666666666668,2.714160398109638,0.0
SP_SC,6c7d50c24b3ccd2fd83b44d8bb34e073,7,-12.714285714285714,9.793097666456813,14.285714285714286,4.715728494951256,0.0
SP_SC,6d66611d7c44cc30ce351abc49a68421,7,-12.285714285714286,9.655987533033336,16.857142857142858,6.890296835129129,0.14285714285714285
SP_SC,6edacfd9f9074789dad6d62ba7950b9c,6,-6.0,5.176871642217914,16.0,7.720103626247513,0.16666666666666666
SP_SC,70a12e78e608ac31179aea7f8422044b,7,-4.142857142857143,11.639423975274312,20.714285714285715,10.812250547631695,0.42857142857142855
SP_SC,70eea00b476a314817cefde4aad4f89a,6,-6.5,6.59545297913646,23.0,9.838699100999074,0.16666666666666666
SP_SC,7142540dd4c91e2237acb7e911c4eba2,11,-6.7272727272727275,9.696297325174276,21.545454545454547,8.664451931468445,0.2727272727272727
SP_SC,729f06993dac8e860d4f02d7088ca48a,6,-12.333333333333334,10.405126941400892,15.5,11.484772527133485,0.16666666666666666
SP_SC,7722b1df1b0e383e000397b2c11e3e19,5,-15.8,8.043631020876083,9.8,3.63318042491699,0.0
SP_SC,7a67c85e85bb2ce8582c35f2203ad736,59,-11.084745762711865,7.163817455637549,13.35593220338983,6.514606167111388,0.06779661016949153
SP_SC,7ad32824caee82087b3e2e5f33b1bf32,5,-2.4,15.17563837207516,23.4,17.052858997833766,0.4
SP_SC,7c67e1448b00f6e969d365cea6b010ab,28,-11.142857142857142,7.306589039096383,25.142857142857142,10.912834053991066,0.07142857142857142
SP_SC,7d13fca15225358621be4086e1eb0964,13,-17.307692307692307,2.780426087988895,12.846153846153847,2.703274367816243,0.0
SP_SC,7d76b645482be4a332374e8223836592,14,-6.785714285714286,10.17673494132249,19.642857142857142,10.126941544955468,0.21428571428571427
SP_SC,7ddcbb64b5bc1ef36ca8c151f6ec77df,17,-9.882352941176471,8.313260137734598,16.0,7.607562027351469,0.11764705882352941
SP_SC,7e1fb0a3ebfb01ffb3a7dae98bf3238d,5,-6.2,15.006665185843255,21.6,10.96813566655701,0.2
SP_SC,7e93a43ef30c4f03f38b393420bc753a,15,-10.6,7.547942009013357,14.6,8.024961059095553,0.06666666666666667
SP_SC,8160255418d5aaa7dbdc9f4c64ebda44,7,-9.428571428571429,8.383657572069263,19.428571428571427,6.553806600166117,0.14285714285714285
SP_SC,850f4f8af5ea87287ac68de36e29107f,8,-15.75,4.978525312350464,15.25,5.175491695067656,0.0
SP_SC,855668e0971d4dfd7bef1b6a4133b41b,10,-11.4,8.167687011088947,18.8,5.181162460726786,0.1
SP_SC,8581055ce74af1daba164fdbd55a40de,9,-12.444444444444445,4.065436972550156,13.88888888888889,2.260776661041756,0.0
SP_SC,891071be6ba827b591264c90c2ae8a63,5,-18.6,8.96102672688794,12.0,2.345207879911715,0.0
SP_SC,897060da8b9a21f655304d50fd935913,12,-4.833333333333333,16.391978821880222,21.333333333333332,15.523198670689522,0.08333333333333333
SP_SC,8a32e327fe2c1b3511609d81aaf9f042,6,-13.666666666666666,7.941452428030195,13.666666666666666,4.844240566555986,0.16666666666666666
SP_SC,8b321bb669392f5163d04c59e235e066,33,-11.0,7.128288714691626,14.515151515151516,6.519783413394631,0.09090909090909091
SP_SC,8f2ce03f928b567e3d56181ae20ae952,8,-9.625,5.974648824109127,16.25,5.007137762377682,0.0
SP_SC,92eb0f42c21942b6552362b9b114707d,9,-10.11111111111111,9.558300639293112,18.0,7.54983443527075,0.2222222222222222
SP_SC,955fee9216a65b617aa5c0531780ce60,47,-10.127659574468085,8.61146107200367,15.638297872340425,7.625544975292767,0.14893617021276595
SP_SC,9b013e03b2ab786505a1d3b5c0756754,10,-11.5,4.249182927993987,11.1,4.483302354291979,0.0
SP_SC,9c0e69c7bf2619675bbadf47b43f655a,8,-1.375,13.190229067652423,24.375,21.830106995353262,0.25
SP_SC,9f505651f4a6abe901a56cdc21508025,17,-11.529411764705882,9.461221162321117,13.588235294117647,6.708751965990133,0.11764705882352941
SP_SC,a673821011d0cec28146ea42f5ab767f,6,-13.833333333333334,6.735478206235001,13.5,5.431390245600109,0.0
SP_SC,aba1721a889e04decc910aa13b768ef4,5,-13.4,3.7815340802378077,11.4,4.929503017546495,0.0
SP_SC,b2ba3715d723d245138f291a6fe42594,8,-12.0,8.41766849294642,15.25,5.391792704790177,0.125
SP_SC,b33e7c55446eabf8fe1a42d037ac7d6d,5,-13.4,8.792041856133308,18.2,9.5236547606473,0.0
SP_SC,b4ffb71f0cb1b1c3d63fad021ecf93e1,6,-15.166666666666666,5.036533199202271,12.333333333333334,4.412104562073146,0.0
SP_SC,b561927807645834b59ef0d16ba55a24,5,-13.4,2.073644135332772,11.2,2.16794833886788,0.0
SP_SC,b76dba6c951ab00dc4edf0a1aa88037e,6,-12.0,5.440588203494177,13.666666666666666,2.7325202042558927,0.0
SP_SC,c003204e1ab016dfa150abc119207b24,9,-16.555555555555557,6.482883446258908,7.333333333333333,3.04138126514911,0.0
SP_SC,c3867b4666c7d76867627c2f7fb22e21,14,-9.428571428571429,7.521398046336104,18.428571428571427,8.045201969203427,0.07142857142857142
SP_SC,c70c1b0d8ca86052f45a432a38b73958,10,-14.8,8.508818954473059,11.8,3.1198290551460244,0.0
SP_SC,c826c40d7b19f62a09e2d7c5e7295ee2,30,-5.566666666666666,9.7580500218991,19.266666666666666,9.670193569839277,0.26666666666666666
SP_SC,cab85505710c7cb9b720bceb52b01cee,9,-19.22222222222222,5.238744548500571,12.555555555555555,5.246692079565731,0.0
SP_SC,cc419e0650a3c5ba77189a1882b7556a,65,-11.307692307692308,10.532573102231297,16.384615384615383,9.57485689790634,0.1076923076923077
SP_SC,cca3071e3e9bb7d12640c9fbe2301306,20,-11.85,7.713794888311936,16.3,6.790860731430458,0.1
SP_SC,cce6ab8d1682639fe45ab70234f1665f,6,-16.0,5.621387729022079,12.166666666666666,5.344779384283945,0.0
SP_SC,ceaec5548eefc6e23e6607c5435102e7,12,-20.916666666666668,7.488880646220324,12.583333333333334,4.67990546395065,0.0
SP_SC,d1c281d3ae149232351cd8c8cc885f0d,8,-5.25,8.172252705693474,18.625,7.836498853806736,0.125
SP_SC,d2374cbcbb3ca4ab1086534108cc3ab7,13,-12.384615384615385,9.887184141928897,18.76923076923077,6.152964680458873,0.07692307692307693
SP_SC,d57e18d5f73c7ccb7f7339b61166898d,5,-11.2,7.5960516059331775,14.8,7.854934754662192,0.0
SP_SC,d6b1ce66b035a475f00c017792ff9769,7,-14.0,10.21436896402971,11.857142857142858,3.804758924845367,0.0
SP_SC,d91fb3b7d041e83b64a00a3edfb37e4f,16,-12.3125,7.327744082139696,12.125,4.787135538781691,0.0
SP_SC,da8622b14eb17ae2831f4ac5b9dab84a,22,-8.727272727272727,7.917321686276407,18.90909090909091,7.469997710900975,0.13636363636363635
SP_SC,dc4a0fc896dc34b0d5bfec8438291c80,9,-12.0,8.916277250063503,17.555555555555557,7.715424666068471,0.1111111111111111
SP_SC,dd7ddc04e1b6c2c614352b383efe2d36,5,-10.6,3.7815340802378077,18.2,6.260990336999411,0.0
SP_SC,e067ad2c1c0b48758eb1b5228bcf7a68,5,-21.8,8.318653737234168,14.0,5.196152422706632,0.0
SP_SC,e26901d5ab434ce92fd9b5c256820a4e,7,-7.0,10.847426730181986,17.571428571428573,10.309496315810694,0.14285714285714285
SP_SC,e5a3438891c0bfdb9394643f95273d8e,9,-7.555555555555555,9.382311963358381,18.555555555555557,8.457409637576848,0.1111111111111111
SP_SC,e9779976487b77c6d4ac45f75ec7afe9,19,-11.736842105263158,9.780036953254195,12.842105263157896,7.726312602577541,0.10526315789473684
SP_SC,ea8482cd71df3c1969d7b9473ff13abc,54,-10.333333333333334,9.078275956348905,17.09259259259259,8.578755063216404,0.1111111111111111
SP_SC,ef506c96320abeedfb894c34db06f478,16,-7.75,8.217866714259445,17.5625,7.089605066574583,0.125
SP_SC,f45122a9ab94eb4f3f8953578bc0c560,11,-8.818181818181818,9.87743065597711,16.454545454545453,9.719708188661183,0.09090909090909091
SP_SC,f5a590cf36251cf1162ea35bef76fe84,5,-17.4,2.60768096208106,9.8,3.7013511046643495,0.0
SP_SC,f8db351d8c4c4c22c6835c19a46f01b0,30,-8.9,9.675243915663637,16.3,9.945194646246204,0.1
SP_SC,fa1c13f2614d7b5c4749cbc52fecda94,15,-12.066666666666666,8.250252521387855,14.666666666666666,7.852812659593164,0.13333333333333333
SP_SC,fa40cc5b934574b62717c68f3d678b6d,9,-13.88888888888889,5.348935511960404,12.666666666666666,2.598076211353316,0.0
SP_SC,fe2032dab1a61af8794248c8196565c9,5,-10.6,7.700649323271382,16.6,6.148170459575759,0.0
SP_SC,febab0275244b9a49a623f0bd613ca2f,5,-6.2,9.257429448826494,19.8,6.610597552415364,0.2
SP_SC,ff063b022a9a0aab91bad2c9088760b7,5,-11.6,5.224940191045253,12.2,4.08656334834051,0.0
SP_SE,1025f0e2d44d7041d6cf58b6550e0bfa,6,-8.833333333333334,16.892799254909374,21.833333333333332,11.68617416722285,0.16666666666666666
SP_SE,1f50f920176fa81dab994f9023523100,10,-8.4,18.01974225984132,24.5,19.5348691091369,0.2
SP_SE,4a3ca9315b744ce9f8e9374361493884,5,-5.4,22.23285856564558,25.6,17.643695757975426,0.4
SP_SE,6560211a19b47992c3666cc44a7e94c0,9,-12.11111111111111,15.045301961446674,17.88888888888889,13.11911243610295,0.2222222222222222
SP_SE,cc419e0650a3c5ba77189a1882b7556a,6,-12.333333333333334,4.273952113286562,21.166666666666668,4.956477243634502,0.0
SP_SE,ea8482cd71df3c1969d7b9473ff13abc,6,-6.0,12.09958676980334,19.333333333333332,10.98483803552272,0.3333333333333333
SP_SP,002100f778ceb8431b7a1020ff7ab48f,21,-9.0,7.0781353476745545,12.238095238095237,5.233591137113806,0.047619047619047616
SP_SP,004c9cd9d87a3c30c522c48c4fc07416,55,-14.327272727272728,6.055467518589036,9.49090909090909,4.438354413404804,0.01818181818181818
SP_SP,00720abe85ba0859807595bbf045a33b,7,-9.714285714285714,10.2910039308496,5.857142857142857,3.0237157840738176,0.14285714285714285
SP_SP,00ee68308b45bc5e2660cd833c3f81cc,78,-10.5,8.64862424312106,6.641025641025641,8.474521568650104,0.05128205128205128
SP_SP,0176f73cc1195f367f7b32db1e5b3aa8,21,-9.047619047619047,8.218735854595831,10.380952380952381,7.20052908108974,0.047619047619047616
SP_SP,01c97ebb5cdac52891c0ed1c37ba0012,5,-9.8,6.833739825307955,6.6,5.128352561983234,0.0
SP_SP,01fd077212124329bac32490e8ef80d9,13,-8.538461538461538,2.9612887007569473,6.615384615384615,2.063106942552968,0.0
SP_SP,0249d282d911d23cb8b869ab49c99f53,6,-9.0,7.238784428341543,7.333333333333333,6.282250127674532,0.16666666666666666
SP_SP,02c988090b766852e088c69d7fb3b551,7,-9.428571428571429,3.359421718944242,5.0,2.309401076758503,0.0
SP_SP,02ecc2a19303f05e59ce133fd923fff7,11,-12.090909090909092,5.146932007605025,7.909090909090909,3.7803318757629056,0.0
SP_SP,02f623a8eb246f3c5f7c2f96462654e6,25,-9.56,7.280567743429537,6.24,3.83275357934736,0.08
SP_SP,039b29ff3b3473435d0cd59040575de9,6,-6.666666666666667,2.7325202042558927,6.5,2.16794833886788,0.0
SP_SP,0432ead42b6c8a0bdf68154add917fdf,35,-11.085714285714285,5.479219719950624,5.057142857142857,3.872549374180035,0.02857142857142857
SP_SP,048c2757535328e0d7dac690ad3c0aae,8,-14.375,1.9226098333849668,9.875,1.807721533549109,0.0
SP_SP,04e38a233f726ef161074ab1c9b0399a,11,-5.545454545454546,2.8762349126466136,7.909090909090909,3.6729972898042127,0.0
SP_SP,054694fa03fe82cec4b7551487331d74,6,-5.666666666666667,19.418204517067657,22.833333333333332,18.280226110928353,0.3333333333333333
SP_SP,058fd0aa2bfdb2274e05e1ae971dabb6,29,-12.068965517241379,3.3266353065904575,5.275862068965517,2.7632350570111774,0.0
SP_SP,06579cb253ecd5a3a12a9e6eb6bf8f47,26,-8.0,4.560701700396552,5.269230769230769,3.066694537220064,0.038461538461538464
SP_SP,070d165398b553f3b4b851c216b8a358,17,-8.352941176470589,6.632695308758238,8.764705882352942,5.6294916707095535,0.058823529411764705
SP_SP,0725b8c0f3f906e58f70cbe76b7c748c,8,-7.0,12.739141034061687,8.5,4.956957592256421,0.25
SP_SP,07bf9669d84d1f11be443a9dd938f698,6,-12.666666666666666,2.7325202042558927,4.833333333333333,3.2506409624359724,0.0
SP_SP,080199a181c46c657dc5aa235411be3b,44,-9.954545454545455,3.881707520789737,4.113636363636363,1.9908617871140932,0.0
SP_SP,08084d990eb3f53af056ccbc1730c8a7,5,-10.6,6.877499545619759,6.8,3.1144823004794877,0.0
SP_SP,08633c14ef2db992c11f840f04fad4cd,32,-8.40625,5.417173260015988,5.46875,4.242521883913373,0.03125
SP_SP,0885aaf116795758dfeb5f1032487bcd,17,-9.705882352941176,5.132795362694106,4.882352941176471,4.2994527695565,0.0
SP_SP,08d2d642cf72b622b14dde1d2f5eb2f5,7,-15.714285714285714,5.4072262055600415,9.0,3.559026084010437,0.0
SP_SP,093805f8f2aeb63881444571e1f48f30,13,-7.846153846153846,5.997862867251883,7.076923076923077,4.32938676299424,0.07692307692307693
SP_SP,094ced053e257ae8cae57205592d6712,9,-14.11111111111111,6.153138313991578,9.11111111111111,4.702245326555294,0.0
SP_SP,099095b050cfe8eb1ddff5317587e96e,10,-12.7,4.4484703987875305,4.7,3.0203016773531455,0.0
SP_SP,09f952a5f58d2285b0372551ae8f9b01,11,-1.0,19.859506539690255,13.090909090909092,18.944416303779565,0.18181818181818182
SP_SP,0a85ebe4e328db81ac9109781205e2f7,9,-7.0,5.5901699437494745,4.333333333333333,3.0,0.1111111111111111
SP_SP,0adac9fbd9a2b63cccaac4f8756c1ca8,50,-10.82,6.997638085490719,10.14,5.696436408413776,0.06
SP_SP,0bae85eb84b9fb3bd773911e89288d54,67,-14.791044776119403,4.992531735936023,9.925373134328359,4.510302794497858,0.014925373134328358
SP_SP,0bb738e4d789e63e2267697c42d35a2d,14,-13.714285714285714,4.697439096564644,6.357142857142857,2.169974932756415,0.0
SP_SP,0be8ff43f22e456b4e0371b2245e4d01,84,-11.202380952380953,6.195178385375257,5.785714285714286,3.59742688689297,0.023809523809523808
SP_SP,0bf0150d5b9d60d9cd2906003332f085,16,-9.0625,4.945957945636011,6.9375,3.3360405672993045,0.0
SP_SP,0c7533c71df861ec58ad7ff999ed0e8d,27,-9.25925925925926,3.288588574877498,5.444444444444445,2.4703368398993897,0.0
SP_SP,0d33a55da925bbf1ff02af5f6059fc7f,14,-10.0,6.586699885725429,5.357142857142857,3.4330328116279762,0.0
SP_SP,0db783cfcd3b73998abc6e10e59a102f,56,-11.410714285714286,5.6271316307342945,7.767857142857143,6.536585351079572,0.017857142857142856
SP_SP,0dd184061fb0eaa7ca37932c68ab91c5,68,-8.485294117647058,10.531392513357986,7.852941176470588,9.092008473711426,0.058823529411764705
SP_SP,0ddefe3c7a032b91f4e25b9c3a08fca1,5,-5.8,4.764451699828638,2.8,1.3038404810405297,0.0
SP_SP,0eaa7e33d73809f1f925f7d07c506cbd,11,-11.727272727272727,4.859854094330592,4.2727272727272725,3.1333978072025612,0.0
SP_SP,0ed6ce5d87fd9c69eaacaeb778d67235,11,-10.181818181818182,5.776126415136391,8.727272727272727,5.405384520844175,0.0
SP_SP,0ffa40d54288e4f3499b8780dd0f144f,9,-16.77777777777778,3.7342260837346806,5.222222222222222,1.7873008824606011,0.0
SP_SP,10076e5788b8ee532724bcd460baf762,9,-8.666666666666666,9.300537618869138,10.777777777777779,9.769567259835231,0.1111111111111111
SP_SP,1025f0e2d44d7041d6cf58b6550e0bfa,318,-9.220125786163521,6.393162552987598,7.4748427672955975,4.366237955823275,0.0660377358490566
SP_SP,1127b7f2594683f2510f1c2c834a486b,50,-9.96,5.054640220144461,5.58,2.748580338565897,0.0
SP_SP,113e3a788b935f48aad63e1c41dac1bd,18,-13.166666666666666,5.813270821754206,9.055555555555555,4.658606484678113,0.05555555555555555
SP_SP,116ccb1a1604bc88e4d234a8c23f33de,32,-7.84375,4.551563892879868,5.3125,3.1971509494467707,0.0625
SP_SP,11bfa66332777660bd0640ee84d47006,30,-8.566666666666666,8.958460972092569,11.033333333333333,6.920650424551913,0.1
SP_SP,128f9bfbe4c7d5185033914b1de3d39a,6,-9.333333333333334,7.711463328491335,8.166666666666666,5.382068994974578,0.16666666666666666
SP_SP,1336efc61c316ddf92c899eb817f7cae,35,-10.628571428571428,7.071424327305407,9.085714285714285,5.505993678397626,0.05714285714285714
SP_SP,134a288e7de827ec5ec62e3ec9c3a295,5,-7.6,4.39317652729776,9.4,9.181503144910424,0.0
SP_SP,1354d51653f645349064725ed204e85e,7,-7.428571428571429,6.704653678780207,5.857142857142857,3.4364987719368982,0.0
SP_SP,138dbe45fc62f1e244378131a6801526,29,-6.482758620689655,3.6705457910154022,4.206896551724138,2.4695186104760753,0.0
SP_SP,13d058e4eeac2ce8217660b2f8a05812,13,-10.923076923076923,6.981660958796965,7.076923076923077,4.271251543001155,0.07692307692307693
SP_SP,1430239a858e7682bbc43b20758af153,10,-11.8,4.661902329879224,4.1,3.2128215360057304,0.0
SP_SP,14a08204d03bb6b6bde8029f801ae0eb,12,-11.666666666666666,6.414944672521747,5.0,3.302891295379082,0.0
SP_SP,14d7985702e72162bbf13b6beb74ab2b,16,-5.4375,11.051206570626878,8.4375,10.990715778935115,0.1875
SP_SP,157c3e4b42f81ac4a44e8b1ca2fe9876,7,-11.0,4.966554808583781,5.142857142857143,2.1930626551751344,0.0
SP_SP,16090f2ca825584b5a147ab24aa30c86,220,-8.795454545454545,6.6955295706016535,5.009090909090909,5.544334315803514,0.04090909090909091
SP_SP,165b1235e9e9942cb5fae67103576fb0,6,-7.666666666666667,7.814516406449388,7.0,3.03315017762062,0.16666666666666666
SP_SP,1660ad786c27fd935378b6192a90b417,5,-7.6,5.941380311005179,5.2,4.658325879540846,0.2
SP_SP,1690cada046eb7e92c12f98b1f8a8167,5,-13.2,13.809417076763232,4.6,2.9664793948382653,0.2
SP_SP,17306570e772e7718c92a562d33f5f1d,12,-10.25,4.371914496377573,11.416666666666666,3.629633924274241,0.0
SP_SP,1771297ac436903d1dd6b0e9279aa505,8,-12.0,8.228869042236953,6.0,6.761234037828133,0.125
SP_SP,17a053fcb14bd219540cbde0df490be0,65,-9.861538461538462,6.03085017606588,6.923076923076923,3.496907974856557,0.03076923076923077
SP_SP,17e34d8224d27a541263c4c64b11a56b,104,-9.913461538461538,10.364343821625916,11.115384615384615,7.689745652500436,0.04807692307692308
SP_SP,17f51e7198701186712e53a39c564617,19,-10.368421052631579,6.5422602814809565,16.473684210526315,4.8918119916247305,0.05263157894736842
SP_SP,1835b56ce799e6a4dc4eddc053f04066,195,-10.661538461538461,8.736598437613523,9.923076923076923,7.572279258199306,0.046153846153846156
SP_SP,18a349e75d307f4b4cc646a691ed4216,46,-12.978260869565217,7.398165329427689,6.108695652173913,4.280333636370807,0.021739130434782608
SP_SP,18e694e0e48ed6f7aa3f24aade5fd697,22,-11.909090909090908,5.903260526902472,4.863636363636363,1.698611605188598,0.0
SP_SP,1900267e848ceeba8fa32d80c1a5f5a8,181,-9.430939226519337,6.871999038097965,10.116022099447514,5.760287191871793,0.04419889502762431
SP_SP,1a932caad4f9d804097d7f8e615baed1,11,-4.909090909090909,8.443394405741632,5.090909090909091,4.678772177709564,0.18181818181818182
SP_SP,1b7e5006cb25dd23ce8686691013b121,5,-2.8,4.08656334834051,11.4,3.0495901363953815,0.2
SP_SP,1b8356dabde1d35e17cef975c3f82730,17,-13.647058823529411,6.882415786540619,5.764705882352941,2.610780816267087,0.0
SP_SP,1b8b75e227c9a9c100d0c210fb6176ce,6,-14.833333333333334,13.029453813060112,12.5,4.415880433163924,0.16666666666666666
SP_SP,1b938a7ec6ac5061a66a3766e0e75f90,14,-11.714285714285714,3.196839098200005,8.285714285714286,3.099095933396642,0.0
SP_SP,1bb2bdb95f4841f1bba2c0d2cd83d3c9,34,-11.529411764705882,8.88388153672961,8.735294117647058,4.607693326346853,0.058823529411764705
SP_SP,1c129092bf23f28a5930387c980c0dfc,84,-8.5,4.320029004811153,7.75,3.9082088462033555,0.023809523809523808
SP_SP,1c40343cc5d18c2d8248ac2f3366de34,8,-8.625,6.3905622377288305,5.0,1.8516401995451028,0.25
SP_SP,1c5e4e49b9079480255b49d50aac1aa9,5,-8.0,4.69041575982343,7.6,4.449719092257398,0.0
SP_SP,1ca7077d890b907f89be8c954a02686a,57,-6.578947368421052,5.599577051697274,10.210526315789474,5.5153579151611565,0.12280701754385964
SP_SP,1d4587203296c8f4ad134dc286fa6db0,15,-10.333333333333334,6.0434931557675755,4.333333333333333,1.9518001458970664,0.0
SP_SP,1da3aeb70d7989d1e6d9b0e887f97c23,135,-9.518518518518519,5.318023215741161,5.140740740740741,3.673549999178197,0.05185185185185185
SP_SP,1dc2de47ee26a0a5b12dc14fd6dc0dea,11,-8.363636363636363,6.917697988098747,11.727272727272727,6.182085555715144,0.0
SP_SP,1dfe5347016252a7884b694d4f10f5c4,10,-6.9,6.136412270663987,14.0,5.637178175095921,0.2
SP_SP,1e483cc5c76fef08d3ca05f9a8af7d01,7,-11.0,5.656854249492381,7.571428571428571,4.27617987059879,0.0
SP_SP,1e8b33f18b4f7598d87f5cbee2282cc2,67,-9.134328358208956,5.311210335119538,5.208955223880597,3.5655647409922526,0.014925373134328358
SP_SP,1eade46fba20122dc4aefb379f8c636b,31,-9.161290322580646,5.215980407641809,6.129032258064516,5.719801485388987,0.06451612903225806
SP_SP,1f1bb1f0859883505541bdd6606193e5,8,-8.75,2.3754698783308412,7.75,4.200340122282616,0.0
SP_SP,1f50f920176fa81dab994f9023523100,497,-11.346076458752515,6.607436372872733,10.340040241448692,5.227010571493653,0.028169014084507043
SP_SP,1f9ab4708f3056ede07124aad39a2554,21,-11.19047619047619,5.075618658046008,9.095238095238095,4.989035597234819,0.0
SP_SP,1fdc574883ef3b33ad41562d93f3a74a,8,-12.75,1.5811388300841898,3.875,1.6420805617960927,0.0
SP_SP,2009a095de2a2a41626f6c6d7722678d,5,-15.2,1.3038404810405297,5.6,1.6733200530681511,0.0
SP_SP,2089a6d640999f9b9141ac719b2af596,16,-10.6875,11.81365735071066,16.3125,11.608725166873407,0.125
SP_SP,20d83f3ef0e6925fd74bfd59170babf7,20,-11.85,7.576105095697435,4.8,3.205258836744127,0.05
SP_SP,2138ccb85b11a4ec1e37afbd1c8eda1f,137,-9.671532846715328,7.416307041452932,7.0,5.578319375835658,0.043795620437956206
SP_SP,213b25e6f54661939f11710a6fddb871,56,-7.589285714285714,6.803145758235098,12.178571428571429,4.439930969394346,0.10714285714285714
SP_SP,2156f2671501a81034d7d07f217609d0,6,-10.833333333333334,4.622409184253019,6.666666666666667,1.505545305418162,0.0
SP_SP,218d46b86c1881d022bce9c68a7d4b15,182,-11.846153846153847,7.397062395755346,9.664835164835164,5.850133371976814,0.038461538461538464
SP_SP,218f991754f360af9c2daa5e0b8e990c,6,-9.0,4.560701700396551,7.5,2.8809720581775866,0.0
SP_SP,2199e7fe213c16213bf5d6a7eadc9a5d,15,-14.733333333333333,7.343283293174078,8.066666666666666,4.861902429923418,0.0
SP_SP,232a6014e7b10cba61c6c2b2ea6bb4b0,8,-14.0,4.59813626840888,6.375,2.2638462845343543,0.0
SP_SP,23613d49c3ac2bd302259e55c06c050c,33,-9.818181818181818,8.959821934107234,12.606060606060606,6.5189118816879335,0.12121212121212122
SP_SP,2379bdc3888025689a9deb7b141507d5,5,-14.8,18.525657883055057,8.4,4.560701700396552,0.0
SP_SP,238fac594e170b59c6d228f5a4f4f1d9,19,-11.052631578947368,9.198270877425982,10.210526315789474,6.900716125224662,0.10526315789473684
SP_SP,23a0ffca143a15b9b5bbdb7d552f626a,10,-9.1,6.65749368923638,8.3,6.783149055645993,0.1
SP_SP,23c38debaffe4a25a30fdbd9b586a13f,20,-10.75,4.929769931644617,6.05,2.8923674513595623,0.05
SP_SP,23d7c96d4a1160db1c726b248601b25a,28,-12.464285714285714,6.315660388080263,8.535714285714286,6.6970537627026046,0.07142857142857142
SP_SP,244c2f1bff6afe1f2eaf9bfe9b2aed38,10,-10.4,10.057611821677925,8.3,8.138386408455508,0.1
SP_SP,2528513dd95219a6013d4d05176e391a,77,-11.090909090909092,5.68048788254425,6.818181818181818,4.468389774519843,0.012987012987012988
SP_SP,259f7b5e6e482c230e5bfaa670b6bb8f,68,-12.941176470588236,5.341703995948635,4.544117647058823,2.4703243096621574,0.0
SP_SP,25cf099de44674fde97473224f9d59ab,23,-10.652173913043478,5.882243663249082,4.521739130434782,2.8583142714383767,0.0
SP_SP,25e6ffe976bd75618accfe16cefcbd0d,41,-11.804878048780488,6.637844198966716,5.7560975609756095,3.498431704384681,0.0
SP_SP,2646baaf662d4d92ac48f047e35db92d,10,-9.0,6.182412330330469,4.8,3.119829055146024,0.1
SP_SP,26785a546900236d66f2e4197c211158,10,-14.6,4.971027168615266,4.8,2.043961295567452,0.0
SP_SP,270297ead4c65a6cd2593960d2af6b21,5,-14.0,3.5355339059327378,4.6,2.4083189157584592,0.0
SP_SP,2709af9587499e95e803a6498a5a56e9,10,-8.2,6.0332412515993425,7.2,4.756282395129858,0.1
SP_SP,270d3ef21830ad0ecf3a6c53d08a533a,5,-9.0,4.301162633521313,11.4,3.847076812334269,0.0
SP_SP,271c58a1d139c45eaf3316107c6d3a3b,6,-4.833333333333333,8.376554582086042,10.0,3.687817782917155,0.3333333333333333
SP_SP,272f092de69afedd4d2969440b37f18f,7,-13.571428571428571,10.997835284835872,5.571428571428571,3.4572215654165053,0.0
SP_SP,2745f798279e0ed033addcc1474776d7,9,-9.333333333333334,5.024937810560446,8.222222222222221,3.4197140881138655,0.0
SP_SP,289cdb325fb7e7f891c38608bf9e0962,41,-9.487804878048781,5.639689491539017,6.853658536585366,4.192618368095027,0.024390243902439025
SP_SP,28f10b1c5e5abb9d4857745bede6147c,16,-3.75,5.66274374015518,5.625,4.224926034855522,0.1875
SP_SP,2953ce3a88f5e3c3b696d77fc9e4c8eb,10,-4.4,5.253570214625479,5.6,3.0258148581093915,0.0
SP_SP,2a261b5b644fa05f4f2700eb93544f2c,17,-12.941176470588236,4.2348345338881614,7.117647058823529,3.3332107820609034,0.0
SP_SP,2a7dc43cecabf23403078e2188437d1d,19,-11.052631578947368,6.077953641468176,7.157894736842105,3.989752956634127,0.0
SP_SP,2b3e4a2a3ea8e01938cabda2a3e5cc79,28,-9.892857142857142,4.716710134972733,5.392857142857143,2.7126491863979774,0.0
SP_SP,2c4c47cb51acd5ea5db5e0ae0e26542a,6,-11.833333333333334,9.196013629104007,10.333333333333334,2.6583202716502514,0.0
SP_SP,2c9e548be18521d1c43cde1c582c6de8,63,-9.476190476190476,5.0059871987552444,5.968253968253968,4.119067597156384,0.031746031746031744
SP_SP,2d2322d842118867781fc737e96d59a1,6,-3.0,8.414273587185052,7.0,7.9498427657407165,0.16666666666666666
SP_SP,2d2c62bef4c8ba0dd74e0e228e808539,11,-9.363636363636363,9.489707342934524,8.636363636363637,5.06503163411103,0.09090909090909091
SP_SP,2d50d6282f8aa2257819a77bfaa0efe0,19,-8.0,11.728408057172787,13.368421052631579,7.733121594197474,0.10526315789473684
SP_SP,2dcf93836ae3ce0d7c93e2f10876467a,6,-4.333333333333333,7.033254343948231,5.0,2.6832815729997477,0.3333333333333333
SP_SP,2e13c71026e1a39ba5cc1b86dcb679aa,9,-7.777777777777778,6.553201083779166,6.111111111111111,2.934469476943168,0.0
SP_SP,2e1a7d075abe038c1b2743005fe42ff1,11,-8.0,5.019960159204453,7.636363636363637,3.7221694553775295,0.09090909090909091
SP_SP,2e1c9f22be269ef4643f826c9e650a52,79,-9.430379746835444,4.404786278769475,5.3544303797468356,3.2464496374186993,0.02531645569620253
SP_SP,2e7ea2aafec5835e781b21d6d1faf1f1,5,-5.4,5.856620185738529,6.0,1.8708286933869707,0.2
SP_SP,2e90cb1677d35cfe24eef47d441b7c87,36,-8.583333333333334,6.393635227988178,6.888888888888889,6.364085739647706,0.1111111111111111
SP_SP,2ea0861cc19e94cad86438c984c52da4,5,-5.6,2.073644135332772,5.4,2.8809720581775866,0.0
SP_SP,2eb70248d66e0e3ef83659f71b244378,80,-7.075,8.716019007653216,14.425,8.86862625470087,0.1125
SP_SP,2f4b0d3b9634b647d4edee577d7ebb7e,10,-8.5,2.877112750272011,6.0,1.8856180831641267,0.0
SP_SP,2f74af7a0ee5636f12c2336f9fffed47,8,-7.625,3.77728171346236,5.875,2.948970764763288,0.0
SP_SP,2ff97219cb8622eaf3cd89b7d9c09824,45,-8.955555555555556,5.35110674854683,4.6,2.6319712626228893,0.022222222222222223
SP_SP,3078096983cf766a32a06257648502d1,26,-10.846153846153847,7.001098814856467,10.038461538461538,6.660214826750075,0.038461538461538464
SP_SP,30a2f535bb48308f991d0b9ad4a8c4bb,39,-12.717948717948717,4.260891418648388,4.256410256410256,3.05836169350734,0.0
SP_SP,30a81d8cf85fb2ada1b1b094c9583a95,16,-7.875,4.2406760467328,3.9375,3.641771546926029,0.0
SP_SP,31561f325664a8a7aba4c8d0c3a9b3db,18,-6.777777777777778,5.297674912367141,4.666666666666667,2.449489742783178,0.0
SP_SP,318f287a62ab7ac10b703ac37435a231,26,-8.076923076923077,5.01934718403162,8.038461538461538,4.26596548725626,0.07692307692307693
SP_SP,31be790e64fc99f8ff48ec2bd18a3104,6,-2.8333333333333335,3.2506409624359724,6.5,2.6645825188948455,0.3333333333333333
SP_SP,31da954dc0855f2495c6310f70a2f931,21,-9.904761904761905,5.638304371925675,5.476190476190476,5.306779132572295,0.047619047619047616
SP_SP,323ce52b5b81df2cd804b017b7f09aa7,11,-4.545454545454546,7.750659795961069,11.363636363636363,6.037759969934665,0.18181818181818182
SP_SP,325f3178fb58e2a9778334621eecdbf9,26,-9.961538461538462,3.3642921303688147,5.384615384615385,2.6992876553183147,0.0
SP_SP,334cab711dee080b079fa5779b584783,7,-10.857142857142858,6.011892975000232,4.428571428571429,2.63673679998231,0.0
SP_SP,33a6f4b1e7cdc205511e76ba1b6e0186,47,-10.872340425531915,6.184190999344516,4.553191489361702,3.1951628565577055,0.02127659574468085
SP_SP,33ac3e28642ab8bda860a2f693000e78,16,-11.9375,4.697073557013985,4.5625,1.9653244007033543,0.0
SP_SP,34056b8b55c1775a22af2331670a799c,24,-9.708333333333334,6.669066597010583,7.666666666666667,3.852347298744615,0.08333333333333333
SP_SP,343e716476e3748b069f980efbaa294e,9,-9.555555555555555,6.765927710061479,8.777777777777779,3.8333333333333335,0.1111111111111111
SP_SP,3481aa57cd91f9f9d3fa1fa12d9a3bf7,20,-16.75,7.839676416523163,9.7,4.623737380996141,0.0
SP_SP,3504c0cb71d7fa48d967e0e4c94d59d9,33,-9.121212121212121,2.8035421318126263,4.96969696969697,2.297890996175195,0.0
SP_SP,3586b8580d9c917874e053a1bb37b5ff,11,-16.818181818181817,5.3444958942482454,8.545454545454545,3.8043037829184034,0.0
SP_SP,36890be00bbfc1cdb9a4a38a6af05a69,6,-4.5,11.674759098157015,6.833333333333333,2.786873995477131,0.3333333333333333
SP_SP,36a968b544695394e4e9d7572688598f,79,-9.620253164556962,6.974870272607327,7.822784810126582,6.269092875268372,0.0379746835443038
SP_SP,37515688008a7a40ac93e3b2e4ab203f,120,-8.408333333333333,4.896398665136979,12.133333333333333,4.564998979876613,0.025
SP_SP,3771c85bac139d2344864ede5d9341e3,14,-8.785714285714286,6.216337920581308,9.142857142857142,4.554915229425543,0.14285714285714285
SP_SP,37be5a7c751166fbc5f8ccba4119e043,101,-11.148514851485148,3.9632969573673416,6.653465346534653,3.8456095578317764,0.019801980198019802
SP_SP,391fc6631aebcf3004804e51b40bcf1e,245,-11.963265306122448,7.310633785333434,10.726530612244899,5.006830396462027,0.04897959183673469
SP_SP,392e0502231ae2f8b29994ef6398cd77,5,-8.0,3.6742346141747673,13.0,3.8078865529319543,0.0
SP_SP,3935fe5fe0f82787a9dcb8deb62be09d,6,-9.333333333333334,5.240865068542279,5.833333333333333,2.9268868558020253,0.0
SP_SP,3969863bb8af7f72580b3b1ffd3a17b3,6,-8.0,3.1622776601683795,7.666666666666667,1.8618986725025255,0.0
SP_SP,39d54ff918774174706fb065d7f9dc07,7,-12.285714285714286,6.8729975438737965,5.857142857142857,5.209880722517276,0.14285714285714285
SP_SP,3a1a1fec38dd360f15fc912e821e169d,8,-3.875,9.977653603356424,12.5,10.406042200842466,0.25
SP_SP,3a734b715d333a2588a3d54a0c9b8746,6,-9.5,5.244044240850758,6.0,2.5298221281347035,0.0
SP_SP,3ab971ce71839580d2ae5b4e40fe8044,25,-9.64,7.023057263993606,5.84,3.8802920852258875,0.08
SP_SP,3ade81dab5a172b88e1871c28ae05260,16,-11.0625,5.208566661440234,9.0,2.1291625896895083,0.0
SP_SP,3b15288545f8928d3e65a8f949a28291,43,-12.69767441860465,4.056358228996677,10.046511627906977,3.6900992912960318,0.0
SP_SP,3b872fd4747f01cc56206f2934198618,14,-11.785714285714286,6.363097593861892,10.357142857142858,6.344072252682243,0.07142857142857142
SP_SP,3bdff180c7e1f6551a643b99c265a120,26,-12.461538461538462,6.946831042890099,6.1923076923076925,3.7949358968944997,0.0
SP_SP,3be634553519fb6536a03e1358e9fdc7,37,-9.243243243243244,5.150002186652208,5.621621621621622,4.632921752411103,0.02702702702702703
SP_SP,3c7c4a49ec3c6550809089c6a2ca9370,90,-9.5,5.913705277772941,6.333333333333333,6.029888105246874,0.022222222222222223
SP_SP,3d871de0142ce09b7081e2b9d1733cb1,454,-12.568281938325992,6.124784676110976,9.354625550660794,5.21288632669687,0.028634361233480177
SP_SP,3d8fa2f5b647373c8620330c4e077a9f,22,-7.681818181818182,4.016470419663841,6.590909090909091,2.557139229483025,0.0
SP_SP,3df020b72d3d44b3af9d110fa3940b65,23,-10.347826086956522,5.407139183542221,8.130434782608695,4.434414461972782,0.043478260869565216
SP_SP,3f3486b61f45078d4f31ee5e43d8c5bb,15,-8.666666666666666,8.389335634062592,10.933333333333334,7.353003921300917,0.13333333333333333
SP_SP,3f995f07c49d0d55a99d5c54957f7d81,13,-9.153846153846153,2.7339273901036534,4.384615384615385,1.9381460874790262,0.0
SP_SP,3fac58ce0ad699020c7944d53c41329c,9,-5.222222222222222,3.4560735588879536,4.888888888888889,3.9193253387682825,0.0
SP_SP,3fd1e727ba94cfe122d165e176ce7967,16,-11.625,7.329165482281504,8.8125,5.406400527769532,0.125
SP_SP,406822777a0b9eb5c50e442dd4cd3ec5,21,-8.476190476190476,7.877937849583784,11.380952380952381,7.710228209827453,0.14285714285714285
SP_SP,40d54b51e962dbe09cabbcfd33298dee,20,-11.15,4.27076968288042,4.95,2.7810448623342614,0.0
SP_SP,411f3b52d857390502ee4e4d5ceabc2d,12,-7.583333333333333,6.345482764546092,4.583333333333333,1.3789543689024493,0.0
SP_SP,412a4720f3e9431b4afa1476a1acddbe,13,-3.6923076923076925,18.838721716120656,8.692307692307692,17.86703022974913,0.07692307692307693
SP_SP,41b14765bd56c8ad10971074380f9c0c,6,-11.833333333333334,8.773064838850027,5.5,2.8106938645110393,0.0
SP_SP,41b39e28db005d9731d9d485a83b4c38,91,-14.197802197802197,13.770515830102596,9.142857142857142,10.054928508029649,0.03296703296703297
SP_SP,4200ddf1967c5e41e48db62bc6d4b5ac,11,-10.818181818181818,3.5726231768318866,4.636363636363637,2.013590190318143,0.0
SP_SP,42b729f859728f5079499127a9c2ef37,74,-6.472972972972973,6.455799077208563,5.702702702702703,6.214719005825,0.0945945945945946
SP_SP,42ef3192a9ff87a22d1867b74b3ee205,16,-10.25,4.203173404306164,6.0625,3.8551913052402473,0.0
SP_SP,430315b7bb4b6e4b3c978f9dfa9b0558,7,-14.428571428571429,5.126959555693246,7.285714285714286,4.785891965429423,0.0
SP_SP,431af27f296bc6519d890aa5a05fdb11,50,-7.64,6.016168690644048,12.94,6.21850431521659,0.06
SP_SP,4371b634e0efc0e22b09b52907d9d469,43,-12.255813953488373,4.721243900135066,3.4651162790697674,2.229123650240609,0.0
SP_SP,43f8c9950d11ecd03a0304a49e010da6,13,-10.307692307692308,3.301126458867624,4.923076923076923,1.9348358440936904,0.0
SP_SP,440dd6ab244315c632130ecfb63827b1,30,-9.766666666666667,8.962309328836353,11.1,7.862394125157447,0.06666666666666667
SP_SP,45213867cefbf2cd4c6177e10216a951,5,-11.2,14.788509052639485,13.0,8.154753215150045,0.2
SP_SP,4559697a8f7e637227c2eeaed843baff,16,-13.625,5.818075283115543,7.75,4.187282332651255,0.0
SP_SP,457fe919b032a3f7dadba6fb92cf7855,5,-6.0,4.242640687119285,4.0,1.8708286933869709,0.0
SP_SP,45ba18c210d42734ec52c0c1c574e9ee,19,-8.31578947368421,4.619435169644629,4.947368421052632,3.188062529195197,0.05263157894736842
SP_SP,45d33f715e24d15a6ccf5c17b3a23e3c,30,-10.633333333333333,5.786329509749881,8.166666666666666,4.962503076231711,0.06666666666666667
SP_SP,4736e9d642ef4257cd7622516931eb51,14,-12.357142857142858,5.583039465231253,3.9285714285714284,2.017778127403648,0.0
SP_SP,48162d548f5b1b11b9d29d1e01f75a61,21,-11.761904761904763,3.9862860146352004,6.095238095238095,3.590330930495989,0.0
SP_SP,4830e40640734fc1c52cd21127c341d4,90,-10.044444444444444,6.06131796976423,5.055555555555555,3.62377018615246,0.022222222222222223
SP_SP,48436dade18ac8b2bce089ec2a041202,40,-8.05,15.869580641705364,14.9,15.690598197483478,0.075
SP_SP,4869f7a5dfa277a7dca6462dcf3b52b2,441,-10.936507936507937,7.466930460708099,10.068027210884354,5.8868032657943425,0.05668934240362812
SP_SP,4978a02ea9c8be7a9b5480680f40334e,15,-7.933333333333334,3.011090610836324,4.4,2.8735244660769563,0.0
SP_SP,4992e76a42cb3aad7a7047e0d3d7e729,32,-10.21875,4.426710531425367,4.875,2.4724286088391816,0.0
SP_SP,4a1f694197d05fe70026b016a7316b41,6,-9.333333333333334,8.286535263104035,4.5,1.760681686165901,0.16666666666666666
SP_SP,4a3ca9315b744ce9f8e9374361493884,781,-9.58258642765685,7.0042041564990205,10.8348271446863,5.97491472974929,0.0678617157490397
SP_SP,4a3ccda38b2129705f3fb522db62ca31,28,-11.75,4.695348367937814,8.178571428571429,4.119093494560571,0.0
SP_SP,4b0fdb526525f9890eb145bf1534640e,11,-6.545454545454546,3.9840591452345775,7.090909090909091,3.207944683268259,0.0
SP_SP,4b9750c8ad28220fe6702d4ecb7c898f,120,-8.55,5.209638771973905,4.85,3.003219560919986,0.025
SP_SP,4be6b962d83299498bae2190f95d6566,6,-8.333333333333334,4.226897995772629,4.666666666666667,2.8751811537130436,0.0
SP_SP,4bf2f4ee540798a61f9636d12cd9cc80,8,-13.125,4.517821851923146,7.25,2.604940361258638,0.0
SP_SP,4bfc7a4a1cf8d4d2121c27422d9e50b5,15,-9.666666666666666,4.980915960897534,6.066666666666666,2.9872745979922106,0.0
SP_SP,4c03b9dd4c11ee2cb35c96c49efc9420,22,-12.272727272727273,6.142605451402665,8.454545454545455,6.254349136151828,0.045454545454545456
SP_SP,4c18691b6037662be2df78a765d98ab5,27,-7.777777777777778,3.7859388972001824,5.111111111111111,2.485857433459767,0.0
SP_SP,4c2b230173bb36f9b240f2b8ac11786e,116,-6.379310344827586,5.354648809031827,9.224137931034482,5.002757860110417,0.09482758620689655
SP_SP,4c498c7345e89aebad651544829beca0,21,-7.904761904761905,7.140761597370143,5.761904761904762,3.7135530412902673,0.14285714285714285
SP_SP,4c8b8048e33af2bf94f2eb547746a916,8,-7.625,3.9256482631170977,11.0,3.585685828003181,0.0
SP_SP,4d6d651bd7684af3fffabd5f08d12e5a,162,-12.858024691358025,6.069849409196099,9.308641975308642,4.625454754365971,0.006172839506172839
SP_SP,4e17c65a516f69d023a2ae78b84f28d6,26,-20.807692307692307,9.964012166870255,8.26923076923077,7.59767170813634,0.0
SP_SP,4e5725ba188db8252977a4f0227bd462,9,-8.555555555555555,6.24722160466377,10.222222222222221,3.1534813214040835,0.0
SP_SP,4e7c18b98d84e05cbae3ff0ff03846c2,31,-13.32258064516129,5.918260424450153,8.419354838709678,4.225116910006847,0.0
SP_SP,4e922959ae960d389249c378d1c939f5,161,-11.111801242236025,7.782186219838771,9.416149068322982,6.944925311163524,0.08695652173913043
SP_SP,4ebdc7e6cd6102a022dadc49156d4ea8,17,-8.470588235294118,5.351607784801961,8.117647058823529,4.013763086885804,0.058823529411764705
SP_SP,5011f0d93373a4c5753adf58ca77af8d,5,-12.2,5.263078946776307,3.2,1.9235384061671346,0.0
SP_SP,503c1de08ae81a2d86f17951b204db55,7,-14.714285714285714,2.0586634591635513,6.428571428571429,2.9920529661723827,0.0
SP_SP,5058e8c1e82653974541e83690655b4a,27,-13.88888888888889,15.462941638076636,22.037037037037038,12.380137570633304,0.14814814814814814
SP_SP,508808d438fe2ff972ed13bb8f4a82e2,6,-3.6666666666666665,1.7511900715418265,3.0,1.0954451150103321,0.0
SP_SP,5160d23075764e18e07c1f4a87fad743,16,-7.0625,4.639953304362735,6.0625,3.7142742673816285,0.0
SP_SP,51702dc2a3e106c76dbff722b5bf0726,5,-13.0,7.176350047203662,12.2,5.06951674225463,0.0
SP_SP,520b493b57809f446cb0a233bb3e25c7,34,-9.264705882352942,3.7603096546364676,5.382352941176471,3.0352944630988214,0.0
SP_SP,525e75a6fb1454a2325ab1734bcec221,6,-12.5,6.220932405998316,4.0,2.8284271247461903,0.0
SP_SP,527801b552d0077ffd170872eb49683b,38,-11.605263157894736,5.649871912847135,7.552631578947368,4.427783097430895,0.05263157894736842
SP_SP,52f0fe436a347ddad7ed5f9aa4e27eaa,10,-7.2,5.4528280124476085,10.2,6.4944420682440285,0.1
SP_SP,52f9db5cfb423382a2fa5c9e39303202,9,-13.0,5.522680508593631,7.222222222222222,2.990726407487727,0.0
SP_SP,5343d0649eca2a983820bfe93fc4d17e,19,-10.157894736842104,7.274484769038338,5.0,4.0276819911981905,0.10526315789473684
SP_SP,538caafddff204241cecbf3a02e6b3cf,5,-1.2,8.497058314499201,14.4,9.710818709048171,0.4
SP_SP,53e4c6e0f4312d4d2107a8c9cddf45cd,239,-12.430962343096235,7.3211478179671765,7.397489539748954,4.943903169061684,0.029288702928870293
SP_SP,54583ab379489add547fe47b628db589,6,-2.8333333333333335,1.7224014243685084,2.8333333333333335,0.983192080250175,0.0
SP_SP,54a1852d1b8f10312c55e906355666ee,89,-11.280898876404494,9.584538643097092,5.370786516853933,5.675669809234192,0.02247191011235955
SP_SP,55c96925041a14097b6a7825554f4ad5,5,-8.0,7.937253933193772,11.4,3.0495901363953815,0.2
SP_SP,55d3daac7c404d59e51c2aa2f4dc5a23,11,-9.818181818181818,4.996362313087029,4.909090909090909,2.586679162731453,0.0
SP_SP,55f7a3319d80f7fdf078b8f03e6725fe,12,-4.25,3.493500458643945,4.0,1.7056057308448835,0.0
SP_SP,562fc2f2c2863ab7e79a9e4388a58a14,72,-10.0,5.446280550154015,5.638888888888889,4.756923954469652,0.013888888888888888
SP_SP,56642bcb79900e777d68e91915cb4267,24,-11.083333333333334,11.72851103143501,10.0,7.506518906054692,0.08333333333333333
SP_SP,5670f4db5b62c43d542e1b2d56b0cf7c,9,-12.0,9.669539802906858,5.444444444444445,3.9721250959376615,0.1111111111111111
SP_SP,575df70bde3f9f2b30bf8d2e9910d725,13,-18.153846153846153,12.150762348142015,7.0,5.2915026221291805,0.07692307692307693
SP_SP,57c764b4a836300be881e2ff86e449f9,8,-11.75,7.265377779972235,9.125,5.986592162013855,0.125
SP_SP,57fe6232e67823593374a2281d7a8af8,5,-10.6,5.549774770204643,8.4,4.33589667773576,0.0
SP_SP,582d4f8675b945722eda7c0cb61ba4c7,27,-10.703703703703704,4.631122266502305,9.37037037037037,4.058686298906886,0.0
SP_SP,59417c56835dd8e2e72f91f809cd4092,8,-22.125,9.014868670305582,8.875,4.611708700997618,0.0
SP_SP,596849622429351f47b32e6cae1055ff,6,-6.0,4.516635916254486,3.6666666666666665,2.3380903889000244,0.0
SP_SP,59cd88080b93f3c18508673122d26169,5,-9.2,1.7888543819998317,4.4,2.792848008753788,0.0
SP_SP,59fb871bf6f4522a87ba567b42dafecf,50,-11.84,7.014154784928743,6.38,4.814476469302699,0.04
SP_SP,5a413ade68e8f8d93071a7f52a64cb9e,11,-3.909090909090909,5.029006769821362,3.090909090909091,2.625054111996378,0.09090909090909091
SP_SP,5a6a02f419701fc8c605af71d4fc57a4,8,-7.375,5.604526232048012,4.75,3.011881234615431,0.125
SP_SP,5a8e7d5003a1f221f9e1d6e411de7c23,49,-10.653061224489797,6.34609794942321,5.387755102040816,3.3091812087144525,0.04081632653061224
SP_SP,5a93f3ab0ef4c84ed5e1b5dbf23978bc,16,-18.375,4.240676046732801,11.75,4.919349550499537,0.0
SP_SP,5ab05b6d86d417796c69ffd6774ec832,5,-16.0,9.565563234854496,7.8,2.8635642126552705,0.0
SP_SP,5b07547f10dd980738a1a27f685af669,7,-2.2857142857142856,3.8172540616821107,5.285714285714286,2.627691364061218,0.2857142857142857
SP_SP,5b0cc932433fa5184b5b94bfe6bcc256,8,-6.0,8.332380897952964,11.0,5.154748157905348,0.25
SP_SP,5b179e9e8cc7ab6fd113a46ca584da81,17,-10.823529411764707,13.57495531354361,12.235294117647058,13.15071011278814,0.11764705882352941
SP_SP,5b8154610ebb21fb90eb587365e673df,13,-10.461538461538462,5.301185160184852,6.846153846153846,4.160251471689217,0.07692307692307693
SP_SP,5b85809efd0d0e4dea1a9544e1280ed9,5,-16.4,11.392980294900891,8.6,5.504543577809153,0.0
SP_SP,5b925e1d006e9476d738aa200751b73b,23,-11.565217391304348,3.1741296152219824,4.521739130434782,2.253675083812928,0.0
SP_SP,5c243662ce92d84573bfaff24c3e3700,37,-10.72972972972973,6.894638209219975,8.108108108108109,5.119590824490782,0.02702702702702703
SP_SP,5c6d4016c2a288f074fa0848a2b653d2,15,-8.133333333333333,6.967953856935403,6.8,3.9677269491305904,0.13333333333333333
SP_SP,5c853bb56f70f4d14218944bae111d7a,16,-9.625,5.463515351859094,6.5625,2.8040149785619906,0.0
SP_SP,5d0363b33554b373851fc1622e4d5f3c,53,-8.49056603773585,4.593568419789338,7.3584905660377355,3.536047008599387,0.018867924528301886
SP_SP,5d3bb11474a06bdc23fb9e89f1164ee0,17,-12.470588235294118,5.257347799257049,8.117647058823529,4.075572857605058,0.0
SP_SP,5d9dc90a686a8fddacffab6bab5653a3,7,-9.714285714285714,6.047431568147635,6.285714285714286,6.993193970194299,0.14285714285714285
SP_SP,5dceca129747e92ff8ef7a997dc4f8ca,139,-9.410071942446043,6.040698862582867,7.546762589928058,4.641062818030931,0.050359712230215826
SP_SP,5e105f5c9f63f5f1fd75d6cb942e55b1,5,-3.8,2.4899799195977463,8.2,4.43846820423443,0.0
SP_SP,5f1dc28029d2c244352a68107ec2b542,29,-12.482758620689655,8.364980956579691,6.827586206896552,5.45153297914083,0.034482758620689655
SP_SP,5f2684dab12e59f83bef73ae57724e45,32,-10.71875,5.810082310227016,5.8125,3.880783924797636,0.03125
SP_SP,5f3ae9136c875522250f8184f253413a,20,-7.95,6.125657859407943,4.65,3.1501879643167827,0.05
SP_SP,5f5b43b2bffa8656e4bc6efeb13cc649,7,-9.571428571428571,3.5523298860110977,8.428571428571429,5.061526214398936,0.0
SP_SP,602044f2c16190c2c6e45eb35c2e21cb,18,-8.61111111111111,6.011155207454269,10.38888888888889,5.403037151224887,0.05555555555555555
SP_SP,6039e27294dc75811c0d8a39069f52c0,17,-6.9411764705882355,6.4077159370099865,12.176470588235293,6.217267226419167,0.11764705882352941
SP_SP,60562ab00b8054280520d390c8c0045c,5,-13.2,5.118593556827891,8.2,3.03315017762062,0.0
SP_SP,6061155addc1e54b4cfb51c1c2a32ad8,12,-8.083333333333334,8.436482823087026,4.166666666666667,2.8550858396053793,0.08333333333333333
SP_SP,610f72e407cdd7caaa2f8167b0163fd8,12,-9.583333333333334,12.54416440445758,11.666666666666666,10.066445913694334,0.16666666666666666
SP_SP,624f4ece8da4aafb77699233d480f8ef,19,-8.473684210526315,7.144293924000791,7.7368421052631575,3.263299374408904,0.10526315789473684
SP_SP,6288c69c4ce638e59925e59193f98b16,12,-10.833333333333334,3.5118845842842465,6.416666666666667,2.3143164446679725,0.0
SP_SP,62c50c1af4dfdc4149d25c5222043d39,6,-22.166666666666668,17.554676489946107,8.833333333333334,2.228601953392904,0.0
SP_SP,638cba8be1fb599bbb76fd6948351eb3,9,-10.777777777777779,2.279132388529557,5.111111111111111,2.934469476943168,0.0
SP_SP,63b464dbf392c7b80d12d932fa7cafed,22,-13.090909090909092,7.7699610277204325,9.954545454545455,9.433866412973819,0.045454545454545456
SP_SP,640e21a7d01df7614a3b4923e990d40c,56,-8.982142857142858,6.496127717700393,7.607142857142857,3.47813205577399,0.03571428571428571
SP_SP,6426d21aca402a131fc0a5d0960a3c90,9,-14.0,6.708203932499369,7.111111111111111,2.619372274250285,0.0
SP_SP,643214e62b870443ccbe55ab29a4dccf,33,-9.121212121212121,5.307763039628698,5.515151515151516,3.0426264571215045,0.030303030303030304
SP_SP,6481e96574816ead57975da2c0f6d80d,24,-8.5,4.232380356047985,6.125,4.326988108021158,0.041666666666666664
SP_SP,6560211a19b47992c3666cc44a7e94c0,795,-9.349685534591195,6.536738591401825,5.3584905660377355,4.605170430729963,0.0389937106918239
SP_SP,65febd49fd28ec955651299159b1f527,17,-8.823529411764707,6.701075418520962,4.117647058823529,1.9647631199834394,0.0
SP_SP,66dc1b1632bd6a3e508510c5b3492107,10,-12.6,4.5995168828427575,6.6,2.7968235951204043,0.0
SP_SP,66e0557ecc2b4dbea057e93f215f68d8,11,-4.0,7.1693793315739685,26.818181818181817,14.606972183297822,0.18181818181818182
SP_SP,67883baaae6134ee81b271a542613728,9,-3.4444444444444446,3.4318767136623336,2.5555555555555554,1.4240006242195884,0.0
SP_SP,6860153b69cc696d5dcfe1cdaaafcf62,32,-7.78125,7.665315156705098,6.78125,2.948311435818924,0.09375
SP_SP,688756f717c462a206ad854c5027a64a,31,-6.0,4.464676173400859,7.129032258064516,2.4730808786325738,0.0
SP_SP,6973a06f484aacf400ece213dbf3d946,50,-7.86,6.000034013509032,10.42,5.728874234961001,0.08
SP_SP,6a0cbc8af2e8abd1bdfb777943d174c6,14,-11.857142857142858,4.521013209399022,8.5,3.674234614174767,0.0
SP_SP,6a51fc556dab5f766ced6fbc860bc613,9,-12.666666666666666,6.5,11.0,6.422616289332565,0.0
SP_SP,6a8a889bde935bafa76d7848782dfaf9,16,-13.0,6.239658110292047,4.25,2.1756225162774294,0.0
SP_SP,6a8b085f816a1f75f92dbac6eb545f8f,48,-8.479166666666666,24.78759949354681,12.083333333333334,24.22398436343032,0.0625
SP_SP,6b15924333bd1a741595fe981ea04822,13,-8.307692307692308,5.0889523379017705,5.615384615384615,4.7878050214139805,0.0
SP_SP,6b803197e03abd5056b4313306b4f29d,5,-8.8,7.918333157931662,3.2,2.6832815729997477,0.0
SP_SP,6b90f847357d8981edd79a1eb1bf0acb,30,-6.2,3.9514292481896063,3.8333333333333335,2.7302056678033884,0.0
SP_SP,6c7d50c24b3ccd2fd83b44d8bb34e073,43,-12.395348837209303,4.89965759194175,8.69767441860465,4.323440449462013,0.0
SP_SP,6d66611d7c44cc30ce351abc49a68421,71,-9.19718309859155,6.114665551675997,7.633802816901408,4.542621762247996,0.028169014084507043
SP_SP,6d803cb79cc31c41c4c789a75933b3c7,26,-12.576923076923077,7.521558758252584,8.461538461538462,5.285684585601143,0.038461538461538464
SP_SP,6e1862e15f33d9994bc25922a85e1efc,5,-16.2,8.228000972289685,2.6,0.894427190999916,0.0
SP_SP,6e386f64c84e482f0b9abf960797ee1b,10,-6.2,5.028805910838963,5.8,4.131182235954578,0.1
SP_SP,6e864f5c4669eff3d98140a07cc50202,6,-6.833333333333333,4.708148963941844,6.5,7.286974680894672,0.16666666666666666
SP_SP,6ec1a01e866584bb679eb9b098345919,16,-9.6875,4.174825345648206,6.625,3.0083217912982647,0.0
SP_SP,6edacfd9f9074789dad6d62ba7950b9c,100,-10.23,5.875570034670954,5.64,3.5859433764338635,0.04
SP_SP,6f892e20a171e98efe17fdb971ff319b,6,-11.333333333333334,3.723797345005051,8.166666666666666,2.786873995477131,0.0
SP_SP,6fc26fe110feebd80a433e1f012a84f9,16,-15.875,10.594810050208546,7.4375,2.337199178504049,0.0
SP_SP,6fd52c528dcb38be2eea044946b811f8,32,-11.8125,6.321685667400693,15.75,5.9078952095015715,0.0625
SP_SP,701938c450705b8ae65fc923b70f35c7,39,-10.64102564102564,9.988117096375282,11.179487179487179,7.594567985605845,0.05128205128205128
SP_SP,7040e82f899a04d1b434b795a43b4617,99,-8.717171717171718,5.817006039719289,6.2727272727272725,5.232976641157657,0.030303030303030304
SP_SP,709e16e2b25c7474d980076c6bfc4806,25,-11.44,4.831148931672465,6.4,2.7537852736430515,0.0
SP_SP,70a12e78e608ac31179aea7f8422044b,116,-9.672413793103448,6.241203705068112,10.96551724137931,5.427676313572645,0.06896551724137931
SP_SP,70b52a4cfc823994561b00bad161b4ed,6,-29.0,20.851858430365386,11.666666666666666,5.988878581726855,0.0
SP_SP,70bf57d811208f8923b41bbd499a67a4,6,-6.166666666666667,4.020779360604939,3.8333333333333335,2.3166067138525404,0.0
SP_SP,70eea00b476a314817cefde4aad4f89a,37,-12.513513513513514,7.991737474909187,7.891891891891892,5.858440178180649,0.02702702702702703
SP_SP,71039d19d4303bf9054d69e9a9236699,14,-8.428571428571429,6.858058546918876,5.571428571428571,3.457751286030266,0.14285714285714285
SP_SP,7139dc5186aa238b006e066d8fbab2e4,8,-11.0,4.035556254807295,8.0,2.6186146828319083,0.0
SP_SP,7142540dd4c91e2237acb7e911c4eba2,105,-13.876190476190477,8.719667466859086,10.123809523809523,7.185315203855331,0.0380952380952381
SP_SP,715bbd5ba4e6b74cb0d2f29eb45058b0,27,-11.666666666666666,5.980738313053896,7.222222222222222,3.2383914968977248,0.037037037037037035
SP_SP,718539d38d07dd351c76db862760e2e2,16,-12.9375,3.855191305240247,4.6875,2.212653007891959,0.0
SP_SP,7202e2ba20579a9bd1acb29e61fe71f6,16,-11.8125,5.479887468430959,6.6875,2.937544325906703,0.0
SP_SP,7210cd29727d674c00741e5e387b3ccd,9,-7.444444444444445,8.00173592277187,3.7777777777777777,2.773886162848873,0.1111111111111111
SP_SP,7238a95bb63ef7e498389fb863b834a1,6,-5.666666666666667,5.391351098441527,4.666666666666667,1.8618986725025255,0.0
SP_SP,725c32fa80c2faacc4fc88450d27314e,44,-10.840909090909092,6.302244641905538,5.818181818181818,7.14068828443559,0.022727272727272728
SP_SP,729b2d09b2a0bdab221076327f13d050,22,-9.909090909090908,5.1353962234957455,9.272727272727273,3.6407981618611123,0.045454545454545456
SP_SP,729f06993dac8e860d4f02d7088ca48a,54,-10.37037037037037,8.272017609503482,7.074074074074074,5.333595381402935,0.07407407407407407
SP_SP,72bc2cce903c872fe376a8faaa81d237,9,-7.666666666666667,4.636809247747852,4.222222222222222,2.1081851067789197,0.0
SP_SP,72c5da29406b4234927b81855e7b64f6,7,-12.571428571428571,13.70957260283416,7.714285714285714,10.011897684160344,0.14285714285714285
SP_SP,730937bf88cb151eb2eb849f642fc213,15,-10.066666666666666,3.7314621160892845,3.3333333333333335,1.7182493859684491,0.0
SP_SP,73b8eb4a9a729d4019b24ed1be748cbf,5,-7.6,6.4265076052238514,3.4,2.5099800796022267,0.0
SP_SP,74871d19219c7d518d0090283e03c137,5,-7.0,4.847679857416329,3.6,2.1908902300206643,0.0
SP_SP,751bdc4d83a466c7206cd42e8f426b03,21,-10.095238095238095,9.984511815330592,6.9523809523809526,8.375417544673162,0.047619047619047616
SP_SP,7681ef142fd2c19048da7430856b5588,30,-8.133333333333333,6.004213080216564,6.2,3.4581238684661337,0.06666666666666667
SP_SP,768a86e36ad6aae3d03ee3c6433d61df,12,-7.0,8.862587350511957,4.583333333333333,3.579190699111471,0.16666666666666666
SP_SP,76d5af76d0271110f9af36c92573f765,61,-10.081967213114755,5.589558962825879,7.770491803278689,4.964518918025361,0.06557377049180328
SP_SP,76ea5315acb3f5f7ade3cd261faf922a,8,-9.5,3.854496446637726,3.875,1.246423454758225,0.0
SP_SP,7722b1df1b0e383e000397b2c11e3e19,76,-10.513157894736842,4.867561801840511,6.0394736842105265,2.5531198664832755,0.013157894736842105
SP_SP,77a515caa36327151d1cc6c32a9f00e1,13,-10.76923076923077,8.776425298812782,3.923076923076923,2.100061049173669,0.07692307692307693
SP_SP,7813ea3ebd9411dc600b4dd01f7a97b9,5,-6.2,6.534523701081817,9.4,9.423375191511798,0.2
SP_SP,784ba75dd9d20200c4caed3d7a77141a,9,-6.111111111111111,4.013864859597431,10.444444444444445,5.681353516353104,0.1111111111111111
SP_SP,788e857f317e53de488d393e65a80f45,5,-6.6,3.7815340802378077,4.4,3.7815340802378077,0.0
SP_SP,78c99c6dff4eeae5be99bf635ed21e3f,8,-12.125,3.136763573220927,7.625,2.8753881725529062,0.0
SP_SP,79ed755314cfe6df0daef2c6cd3022cd,6,-11.5,3.271085446759225,7.5,3.082207001484488,0.0
SP_SP,7a67c85e85bb2ce8582c35f2203ad736,361,-9.277008310249307,7.059331721789536,6.60387811634349,6.370582253748062,0.04986149584487535
SP_SP,7aa4334be125fcdd2ba64b3180029f14,94,-9.936170212765957,5.99786433431656,11.53191489361702,6.443638402614377,0.0425531914893617
SP_SP,7ad32824caee82087b3e2e5f33b1bf32,76,-9.394736842105264,7.166736025776161,8.460526315789474,4.9462195381218415,0.06578947368421052
SP_SP,7ade73f1b9b4e965f9009a4c3a7e2c15,14,-12.928571428571429,7.5392744571781805,7.785714285714286,3.0427359001795993,0.0
SP_SP,7b07b3c7487f0ea825fc6df75abd658b,45,-10.688888888888888,3.369800521626696,5.088888888888889,2.695300811532261,0.0
SP_SP,7b0df942f46435babab05d49b744b2c4,16,-10.75,4.155317877932646,7.1875,4.621958459354649,0.0
SP_SP,7b1222c3624aa89b9558b50a2594188c,7,-13.714285714285714,5.1869800370506445,11.428571428571429,4.429339411136566,0.0
SP_SP,7b7f91e98f8c6def45a1407923304402,6,-10.833333333333334,6.047037842337906,6.166666666666667,5.231315959361149,0.0
SP_SP,7bac63f6603d382cc8d0832eb6c100a8,10,-8.1,4.1486276177925525,8.6,5.94792213951879,0.0
SP_SP,7c1fea10b5b006671d608b1d7c446ec4,5,-10.6,6.730527468185536,10.8,4.868264577855234,0.0
SP_SP,7c4618c82226628831613e95e9c22f44,6,-7.833333333333333,4.535048695071164,6.333333333333333,4.760952285695233,0.0
SP_SP,7c5b05cbdb5542049f38d90d7815b97d,13,-8.846153846153847,5.683985600588051,5.846153846153846,4.896361809993107,0.07692307692307693
SP_SP,7c67e1448b00f6e969d365cea6b010ab,385,-10.415584415584416,9.210148740755482,17.649350649350648,7.838151610615583,0.07532467532467532
SP_SP,7d13fca15225358621be4086e1eb0964,194,-8.515463917525773,7.756813354117037,11.283505154639176,6.837646178825916,0.08762886597938144
SP_SP,7d456afc660226829370f3173d14520c,23,-9.391304347826088,4.098105221094507,5.3478260869565215,7.164360630307963,0.0
SP_SP,7d76b645482be4a332374e8223836592,65,-8.015384615384615,6.3921150345863325,8.03076923076923,6.21482408934786,0.046153846153846156
SP_SP,7daca0837f033a41a6f3428c18657533,5,-5.0,11.445523142259598,13.4,6.985699678629192,0.4
SP_SP,7dc8c42cc750eeafea6c85712ffee9bf,23,-11.26086956521739,6.114196530165364,6.086956521739131,5.169078021169037,0.043478260869565216
SP_SP,7ddcbb64b5bc1ef36ca8c151f6ec77df,123,-9.585365853658537,4.230891138291126,6.536585365853658,4.266323873341439,0.024390243902439025
SP_SP,7e1fb0a3ebfb01ffb3a7dae98bf3238d,58,-10.741379310344827,7.510367909383753,10.189655172413794,6.3947810314670965,0.08620689655172414
SP_SP,7e3f87d16fb353f408d467e74fbd8014,32,-7.5625,5.6106896821761065,6.875,4.338499815046821,0.0625
SP_SP,7e93a43ef30c4f03f38b393420bc753a,108,-11.268518518518519,4.922970157118379,5.527777777777778,2.927339174360318,0.0
SP_SP,7f2617c58d5d06806987308b45654351,6,-13.166666666666666,4.665476038590989,5.333333333333333,2.581988897471611,0.0
SP_SP,7f7b8245c336066a1f9933c359f11d77,28,-9.75,6.334064285304528,6.214285714285714,3.1664578043067344,0.0
SP_SP,7fc87cc3e89b3d1d5cabdca32f8485aa,11,-5.090909090909091,11.751208835303247,19.0,5.196152422706632,0.2727272727272727
SP_SP,7ff588a03c2aeae4fbd23f9ae64b760d,8,-3.0,2.2677868380553634,2.75,2.187627547301936,0.0
SP_SP,808d4348b916efa08e766ebad39f61eb,8,-4.375,3.7008686239082538,5.5,2.7255405754769875,0.125
SP_SP,8090490573c6c0aa343a7231ebcb8c86,12,-10.75,5.956280108194436,3.8333333333333335,2.2087978356535665,0.0
SP_SP,813348c996469b40f2e028d5429d3495,98,-10.357142857142858,4.31790804637005,6.142857142857143,3.333676958233307,0.01020408163265306
SP_SP,81336a0f57a33776419727a300249e90,8,-13.625,5.853875395228117,12.75,5.092010548749034,0.0
SP_SP,8160255418d5aaa7dbdc9f4c64ebda44,159,-9.855345911949685,6.578480912320474,10.849056603773585,5.410010270756156,0.05660377358490566
SP_SP,817245bcc3badd82bbd222e0366951a6,10,-14.6,3.977715704047013,6.4,2.170509412813294,0.0
SP_SP,817f85dbb65aa3e70831d90fe75cdf89,6,-19.5,7.713624310270756,16.833333333333332,11.548448669265785,0.0
SP_SP,81f89e42267213cb94da7ddc301651da,30,-8.4,4.7893560145893055,6.266666666666667,1.8925139881655562,0.0
SP_SP,82bd0703a4aefd6b599e5bfdaed378fb,7,-12.857142857142858,10.41519037157701,8.714285714285714,7.782764841072135,0.14285714285714285
SP_SP,82e0a475a88cc9595229d8029273f045,10,-10.3,5.121848624601603,8.5,4.696334267868457,0.0
SP_SP,834f3294fba9f932f56edc879193f925,26,-8.923076923076923,4.706787243316417,9.923076923076923,5.336089031664122,0.038461538461538464
SP_SP,834f8533b2ecb6598dd004ff3de7203a,18,-5.777777777777778,7.7804850563713766,11.055555555555555,7.182267561171851,0.1111111111111111
SP_SP,835f0f7810c76831d6c7d24c7a646d4d,13,-1.0,4.4907311951024935,14.384615384615385,6.564277842211098,0.46153846153846156
SP_SP,850913d59ce317156b00f3705f1c3edb,16,-6.625,4.410215414239989,8.6875,3.4393555597912036,0.0625
SP_SP,850f4f8af5ea87287ac68de36e29107f,80,-14.25,5.737948294722721,5.1125,4.880842814748133,0.025
SP_SP,855668e0971d4dfd7bef1b6a4133b41b,119,-8.61344537815126,6.708341940307817,10.07563025210084,7.952357782620565,0.07563025210084033
SP_SP,8581055ce74af1daba164fdbd55a40de,198,-8.176767676767676,6.403050165974449,9.666666666666666,6.061445104203208,0.06565656565656566
SP_SP,8602a61d680a10a82cceeeda0d99ea3d,7,-7.142857142857143,3.8047589248453675,6.285714285714286,3.6839419880650364,0.0
SP_SP,8629c241b3622ac12cd4118afdc8d394,7,-18.571428571428573,7.114706432386906,10.428571428571429,4.790864322059325,0.0
SP_SP,8648b1e89e9b349e32d3741b30ec737e,55,-9.763636363636364,5.950299203070432,5.672727272727273,4.190176101021979,0.09090909090909091
SP_SP,87d30a6a0cbf89356e49324971ab1d24,9,-10.88888888888889,4.106228331584973,5.555555555555555,3.2446537223219645,0.0
SP_SP,87d3c3aeb3ead335511b3ce315eb341e,8,-5.25,5.063877678504601,3.75,2.434865792722759,0.125
SP_SP,88cf19ec1fc2c58f161aee259d57142c,8,-14.375,7.249384210301687,5.125,2.695896352395088,0.0
SP_SP,891071be6ba827b591264c90c2ae8a63,36,-10.972222222222221,9.169783020056727,6.972222222222222,5.179553820337981,0.08333333333333333
SP_SP,8931a84a914b3fe9b1ddaa4d704947ca,11,-7.636363636363637,7.089044043772437,9.727272727272727,4.961671272684419,0.09090909090909091
SP_SP,897060da8b9a21f655304d50fd935913,130,-10.9,7.190486824631123,10.792307692307693,7.796536851791039,0.07692307692307693
SP_SP,89bc797e2e29667aa035d4368f9b7f92,9,-21.666666666666668,15.435349040433131,12.11111111111111,7.043515536371814,0.1111111111111111
SP_SP,8a130737016f838139d31878787a39c9,31,-10.548387096774194,5.451841949759851,5.967741935483871,4.159197606652369,0.03225806451612903
SP_SP,8a32e327fe2c1b3511609d81aaf9f042,63,-12.571428571428571,7.581204019011768,6.888888888888889,4.607536291881332,0.031746031746031744
SP_SP,8a432f4e5b471f8da497d7dc517666e2,49,-10.387755102040817,6.207577112323468,5.571428571428571,3.9738730058554554,0.02040816326530612
SP_SP,8b28d096634035667e8263d57ba3368c,63,-9.80952380952381,12.014584071650027,11.428571428571429,10.85195728698401,0.14285714285714285
SP_SP,8b321bb669392f5163d04c59e235e066,384,-9.6640625,5.095860210592594,6.453125,4.984350509344221,0.0234375
SP_SP,8bb48dc19fccaa8613b6229bf7f452a2,34,-12.323529411764707,4.102627304805914,7.647058823529412,4.450960760712752,0.0
SP_SP,8bd0f31cf0a614c658f6763bd02dea69,16,-13.0625,9.440824469646,6.5625,6.683000822983638,0.0625
SP_SP,8c0de775f52fe41590b376a3b7c50f68,5,-8.8,1.3038404810405297,3.0,1.0,0.0
SP_SP,8d46553a36e68f95350a200c12f8f2e2,6,-12.333333333333334,5.819507424745385,13.666666666666666,4.320493798938573,0.0
SP_SP,8d956fec2e4337affcb520f56fd8cbfd,98,-7.826530612244898,6.211106630160054,5.408163265306122,3.273878921029989,0.07142857142857142
SP_SP,8e2b3afb420011ef0c88c9d5f11ea526,7,-11.142857142857142,6.9624845045565795,5.571428571428571,5.223572942509207,0.14285714285714285
SP_SP,8e6d7754bc7e0f22c96d255ebda59eba,42,-5.380952380952381,5.946724373818322,10.071428571428571,4.204485741256837,0.16666666666666666
SP_SP,8f119a0aee85c0c8fc534629734e94fd,35,-7.885714285714286,5.211815922505709,7.085714285714285,4.487704958920465,0.05714285714285714
SP_SP,8f2ce03f928b567e3d56181ae20ae952,57,-8.087719298245615,6.378761360266433,8.350877192982455,5.7523014899323295,0.08771929824561403
SP_SP,8f580d36c1e9d6fbce95283403c7d447,5,-11.2,4.3817804600413295,8.0,2.9154759474226504,0.0
SP_SP,8fdca8e349553f99bc738833a62c8802,12,-13.666666666666666,9.98483698900336,5.833333333333333,3.9962103260085007,0.0
SP_SP,8ff1a9df749e454105c55cda13e79143,6,-9.166666666666666,5.154286242213045,11.333333333333334,3.614784456460255,0.0
SP_SP,900ba814c251a692506d7834c1218441,42,-7.714285714285714,6.3102151572676535,7.190476190476191,5.1524945189405065,0.07142857142857142
SP_SP,903037660cf848a717166eb7a06d616e,23,-17.652173913043477,29.253762299841917,5.434782608695652,2.5013830166624684,0.0
SP_SP,916748bc99315c2d202898ae58b1617e,16,-10.375,3.304037933599834,7.8125,3.208712098854201,0.0
SP_SP,91f848e9f4be368f4318775aac733370,30,-9.666666666666666,5.473026858010633,8.8,4.4597819646720165,0.03333333333333333
SP_SP,921323538c9f1c4e816f2720eac02bea,7,-3.142857142857143,6.542898731412844,5.285714285714286,4.423960733486292,0.2857142857142857
SP_SP,92d14edfb62ee5ae7fdff70b0f4e7233,5,-10.2,2.16794833886788,5.8,4.54972526643093,0.0
SP_SP,92eb0f42c21942b6552362b9b114707d,141,-8.574468085106384,6.119330078358474,8.702127659574469,4.356841386750372,0.02127659574468085
SP_SP,93b9a99027bd8bd6af682aff18dd19bf,11,-15.909090909090908,8.04306590119148,8.272727272727273,4.474168282282397,0.0
SP_SP,94e93ce877be27a515118dbfd2c2be41,10,-11.0,3.1269438398822866,8.8,4.237399621885521,0.0
SP_SP,951e8cef368f09bb3f3d03c00ca4702c,36,-8.972222222222221,5.245330500882863,7.833333333333333,3.2906794782493525,0.027777777777777776
SP_SP,9539213aa8e023c01937bef95dc006da,7,-6.0,4.725815626252608,8.857142857142858,3.9761191895520196,0.0
SP_SP,955fee9216a65b617aa5c0531780ce60,630,-9.55079365079365,5.22222756459029,6.079365079365079,4.0194344542888,0.025396825396825397
SP_SP,95b293867b5862941c9cd74f756a3c68,7,-1.2857142857142858,16.121562018140857,16.714285714285715,15.173598625181016,0.2857142857142857
SP_SP,95ec4458365c4d11f452ccf538377619,20,-8.25,4.1023100039393725,4.8,2.687201635824701,0.05
SP_SP,960945e1a9535cbc0cd6ddd35fbe7ae8,17,-7.294117647058823,3.9806517349919117,4.235294117647059,2.3592745644770208,0.0
SP_SP,9646c3513289980f17226a2fc4720dbd,28,-13.5,4.638805721144023,6.464285714285714,3.426283407632531,0.0
SP_SP,96493fab2fbb13a14d0c0e8772eef5c3,20,-6.5,4.236433455284366,7.6,3.4701736646971852,0.1
SP_SP,966cb4760537b1404caedd472cc610a5,20,-10.85,6.547598997463035,6.05,3.7059695797882357,0.1
SP_SP,9674754b5a0cb32b638cec001178f799,49,-10.83673469387755,3.4055526887197414,4.204081632653061,2.179254381632384,0.0
SP_SP,968268a686aa05d1f529fb07dff08130,8,-13.25,6.881652625434014,6.5,5.707138387268051,0.0
SP_SP,974cf2cb8f4b7add98709c30df02fe10,14,-11.5,4.8476798574163285,8.857142857142858,5.3472802987506265,0.0
SP_SP,97512d3fc193b2d1dfcdba0f9d1f0f8a,7,-9.428571428571429,3.952094080237415,5.285714285714286,2.811540841738193,0.0
SP_SP,977f9f63dd360c2a32ece2f93ad6d306,9,-4.222222222222222,7.4628710590793705,13.444444444444445,7.282017424984493,0.2222222222222222
SP_SP,980640c45d7a4635885491d077167e4d,5,-5.0,5.70087712549569,6.0,3.0,0.2
SP_SP,98dac6635aee4995d501a3972e047414,48,-9.208333333333334,6.160817620970876,7.3125,4.834082235939909,0.041666666666666664
SP_SP,994f04b3718c2bab35c2adfa8afecd2a,24,-4.125,23.415551316982928,11.958333333333334,23.054715950022718,0.041666666666666664
SP_SP,99a54764c341d5dc80b4a8fac4eba3fb,30,-8.733333333333333,8.034122630180697,5.333333333333333,4.957288840049382,0.1
SP_SP,99eaacc9e6046db1c82b163c5f84869f,29,-8.275862068965518,6.040911424399337,11.793103448275861,6.343609328319709,0.10344827586206896
SP_SP,9b00ed88b7fdb95d6ff76e27c1b52d16,25,-10.08,4.508510470950097,5.32,2.824299323136035,0.0
SP_SP,9b013e03b2ab786505a1d3b5c0756754,117,-9.102564102564102,5.128326700592563,5.965811965811966,4.0299132016228585,0.017094017094017096
SP_SP,9baf5cb77970f539089d09a38bcec5c3,19,-16.526315789473685,9.946347297445605,12.947368421052632,5.512346588548356,0.0
SP_SP,9bc484c87d79cd4874e05ca182658045,5,-8.8,1.9235384061671343,5.0,1.7320508075688772,0.0
SP_SP,9c0e69c7bf2619675bbadf47b43f655a,80,-8.4625,9.551915110514804,9.5,7.45280509589969,0.0625
SP_SP,9d39404483343dd55c7ae254494d8388,5,-12.0,3.6742346141747673,5.4,2.3021728866442674,0.0
SP_SP,9d4db00d65d7760644ac0c14edb5fd86,64,-10.421875,6.746673930684966,5.03125,4.866369038518105,0.03125
SP_SP,9d7a1d34a5052409006425275ba1c2b4,7,-9.142857142857142,4.913538149119954,9.142857142857142,2.9680841985233184,0.0
SP_SP,9e6229250fedbe05838fef417b74e7fb,30,-11.3,7.36791740565485,10.133333333333333,4.74692883171144,0.03333333333333333
SP_SP,9e6967d3cf386d284251784b18ccb485,5,-1.4,5.412947441089743,5.6,3.361547262794322,0.2
SP_SP,9ed65337433adfbedefd23dd76eaa494,5,-9.0,4.743416490252569,4.2,1.7888543819998317,0.0
SP_SP,9f50216bfd01913736a55a11b55ea842,9,-6.666666666666667,7.681145747868609,9.777777777777779,4.352521619066865,0.2222222222222222
SP_SP,9f505651f4a6abe901a56cdc21508025,195,-8.738461538461538,5.523922453331537,3.917948717948718,3.1563119378323474,0.020512820512820513
SP_SP,a066df7361163e7ddc5d7452dd17448b,5,-12.0,2.5495097567963927,9.0,3.0,0.0
SP_SP,a17f621c590ea0fab3d5d883e1630ec6,30,-10.066666666666666,5.860053744212375,8.266666666666667,4.456172266011246,0.03333333333333333
SP_SP,a1bea7061f61f6fdd9a85a6325ba1033,6,-2.1666666666666665,3.430257521916783,3.5,1.5165750888103102,0.16666666666666666
SP_SP,a2b5b6105ea5942300631d2e76f4ffe0,7,-4.714285714285714,4.680252333449759,4.571428571428571,1.2724180205607034,0.0
SP_SP,a2e874074c877c5a05abae80ad6e488f,26,-13.576923076923077,10.632678221118429,14.653846153846153,11.005243505501577,0.07692307692307693
SP_SP,a369d693961cb93b61ca2cc518872a85,7,-15.857142857142858,3.0237157840738176,8.285714285714286,2.563479777846623,0.0
SP_SP,a36ac007a4d18f865c8d32c3b2402c2d,5,-19.8,12.070625501605125,8.0,2.0,0.0
SP_SP,a36b125ac6d5fdbc7f50de85c9157bdc,12,-10.666666666666666,11.956993642621752,11.416666666666666,6.185883244545723,0.08333333333333333
SP_SP,a3e9a2c700480d9bb01fba070ba80a0e,52,-10.557692307692308,5.304136238522009,9.25,4.409770791251236,0.038461538461538464
SP_SP,a414555ce331b8c8aea4a9cb8395194d,6,-10.0,2.756809750418044,6.833333333333333,3.65604522218567,0.0
SP_SP,a416b6a846a11724393025641d4edd5e,70,-9.0,7.417175523986417,8.014285714285714,4.921095839852171,0.08571428571428572
SP_SP,a420f60ff1aa9acc80d0e42959f2b313,27,-11.74074074074074,4.477229505574184,3.925925925925926,2.1470180739077653,0.0
SP_SP,a49928bcdf77c55c6d6e05e09a9b4ca5,46,-4.195652173913044,6.2631889826097416,12.0,6.497862896539309,0.17391304347826086
SP_SP,a5a1bfcf728ab0e19182959cf0771ee4,11,-10.636363636363637,6.1526047698958735,8.181818181818182,2.926369143432927,0.0
SP_SP,a673821011d0cec28146ea42f5ab767f,58,-8.637931034482758,7.369206379375392,9.206896551724139,7.045612347946186,0.08620689655172414
SP_SP,a6fe7de3d16f6149ffe280349a8535a0,29,-11.827586206896552,5.6509731495509525,10.310344827586206,5.007875570937256,0.034482758620689655
SP_SP,a7f13822ceb966b076af67121f87b063,24,-20.166666666666668,6.294695259168398,16.75,7.913939270844116,0.0
SP_SP,aac51c486b672a9850d59f3e84b1cf88,8,-7.375,8.911268949241421,3.125,1.6420805617960927,0.0
SP_SP,aae3bfea055532c57fb453ed3ec80b30,15,-10.733333333333333,6.808258290662962,7.8,3.40587727318528,0.0
SP_SP,aba1721a889e04decc910aa13b768ef4,38,-9.868421052631579,6.963887748569756,5.684210526315789,4.736889520862733,0.05263157894736842
SP_SP,ac6417315ae5da8f9a38ee11de6f7780,6,-13.5,10.27131929208707,10.5,7.76530746332687,0.16666666666666666
SP_SP,acadd4d36859671cb635527c6c977533,6,-14.666666666666666,9.626352718795768,9.666666666666666,3.9327683210007005,0.0
SP_SP,aced59e9b31ef866a94f9e7f29d8d418,32,-10.09375,4.835082645989455,6.75,4.235030563168079,0.0
SP_SP,ad781527c93d00d89a11eecd9dcad7c1,13,-9.461538461538462,19.81840636300585,18.923076923076923,12.379159492614582,0.38461538461538464
SP_SP,af3ef48d0e13835e529c29ac573c63e5,16,-8.875,6.5,7.25,3.3763886032268267,0.0625
SP_SP,afa6714acee029b2dfdf357e5579cc03,5,-7.6,8.294576541331088,9.4,7.231873892705818,0.2
SP_SP,b14db04aa7881970e83ffa9426897925,30,-7.466666666666667,8.64125363404038,12.066666666666666,9.310481054771785,0.06666666666666667
SP_SP,b17b679f4f5ce2e03ce6968c62648246,18,-15.055555555555555,11.237920166703562,12.444444444444445,5.731463443363691,0.0
SP_SP,b18871c324516afa228a13e8f1ef0ae9,5,-9.4,4.979959839195493,7.4,2.5099800796022267,0.0
SP_SP,b18dc380845b24038cfc48006478f099,19,-9.421052631578947,6.727355345269081,7.315789473684211,6.880347468445885,0.10526315789473684
SP_SP,b1b3948701c5c72445495bd161b83a4c,9,3.5555555555555554,10.17486008639813,19.11111111111111,10.227957328377505,0.6666666666666666
SP_SP,b2479f944e1b90cf8a5de1bbfde284d6,48,-9.916666666666666,5.4297577757710425,9.979166666666666,3.367489015498572,0.0
SP_SP,b29d3380981c51df13fc6fbe87e1763d,6,-9.666666666666666,5.125101625008686,8.166666666666666,4.445971959725642,0.0
SP_SP,b2a6d334e2833acea353624840e25a0e,7,-18.428571428571427,6.704653678780206,3.4285714285714284,2.5727509827123995,0.0
SP_SP,b2ba3715d723d245138f291a6fe42594,158,-8.265822784810126,9.607864163138023,10.816455696202532,8.253035425061743,0.04430379746835443
SP_SP,b2eecf5ea250510da76590ca79d60e5d,5,-11.8,5.310367218940701,5.2,2.280350850198276,0.0
SP_SP,b33aaadd1a8891d2dfef0c4c3bdf0371,9,-8.444444444444445,19.500712237705006,12.777777777777779,19.62637114813751,0.1111111111111111
SP_SP,b33e7c55446eabf8fe1a42d037ac7d6d,55,-10.781818181818181,12.337373075771618,11.436363636363636,11.742237209328325,0.05454545454545454
SP_SP,b372ee768ed69e46ca8cdbd267aa7a38,21,-19.285714285714285,6.581358956498705,7.9523809523809526,2.819152185962838,0.0
SP_SP,b39d7fe263ef469605dbb32608aee0af,19,-13.31578947368421,8.178920273612237,9.210526315789474,4.063098808769553,0.05263157894736842
SP_SP,b494891378bd8f4560abe576c52deacd,10,-4.3,4.4484703987875305,3.0,1.3333333333333333,0.0
SP_SP,b499c00f28f4b7069ff6550af8c1348a,81,-10.061728395061728,7.749751091184066,6.950617283950617,5.909528819135881,0.07407407407407407
SP_SP,b4a476fbd28de64b1e347abf9089366a,11,-7.181818181818182,9.85716167888284,10.181818181818182,6.112580172368814,0.18181818181818182
SP_SP,b4ffb71f0cb1b1c3d63fad021ecf93e1,53,-13.0,5.710988059467874,4.981132075471698,2.7907165197775057,0.018867924528301886
SP_SP,b561927807645834b59ef0d16ba55a24,38,-8.31578947368421,7.267496178962707,6.921052631578948,4.187378583620122,0.13157894736842105
SP_SP,b56906f7fd1696e043f1bcce164c487b,11,-13.090909090909092,6.0902306270706275,7.636363636363637,6.021174757017557,0.09090909090909091
SP_SP,b64d51f0435e884e8de603b1655155ae,12,-9.666666666666666,13.0058262002656,5.833333333333333,3.1861442452461484,0.16666666666666666
SP_SP,b6d44737c043328708f6749c2dbe50bd,31,-11.580645161290322,6.998924648584176,5.225806451612903,3.3237496638521065,0.06451612903225806
SP_SP,b6e1504972665f739dec4facb9943775,7,-9.571428571428571,3.9096949095440023,4.857142857142857,2.340126166724879,0.0
SP_SP,b76dba6c951ab00dc4edf0a1aa88037e,62,-14.193548387096774,8.590575678103702,6.258064516129032,3.710576305691557,0.03225806451612903
SP_SP,b8114f2f589a6804810f04f99b36b498,5,-8.0,3.9370039370059056,3.8,1.9235384061671346,0.0
SP_SP,b81e3a6c866a764974fe849821abeebd,6,-7.333333333333333,10.708252269472673,4.833333333333333,3.4302575219167823,0.0
SP_SP,b839e41795b7f3ad94cc2014a52f6796,17,-10.411764705882353,6.154864169189802,4.647058823529412,2.8271269972931052,0.0
SP_SP,b83cedfb587e7911540e3f576d6917ce,13,-9.076923076923077,3.1480559731771622,6.3076923076923075,3.8597196656539574,0.0
SP_SP,b8555308bfdb4ca1ed54325a58da9a97,11,-6.818181818181818,5.8106485321034835,7.545454545454546,6.088737740511352,0.09090909090909091
SP_SP,b9ca8e8baa5d4aa038394a700f63e69f,7,-7.428571428571429,6.187545093630776,4.857142857142857,2.6726124191242437,0.0
SP_SP,ba143b05f0110f0dc71ad71b4466ce92,42,-6.428571428571429,6.655798341892898,6.238095238095238,5.150465400754286,0.09523809523809523
SP_SP,ba5daa4041e1f15cdf34b76e3e18a450,12,-10.5,5.600324665913251,3.6666666666666665,1.2309149097933274,0.0
SP_SP,ba6ce6de456f6c11d08c17701ba5c26f,5,-4.8,4.43846820423443,11.0,3.0,0.0
SP_SP,ba90964cff9b9e0e6f32b23b82465f7b,13,-10.923076923076923,6.396112601436626,3.076923076923077,1.497861723788195,0.0
SP_SP,bacb1f0ed56ad24198f5810d2b3fe9a5,11,-9.090909090909092,5.146932007605025,5.636363636363637,4.31909081341727,0.09090909090909091
SP_SP,bb135baca94c82fcb731335ad5b04a03,11,-19.272727272727273,16.649870324365345,7.7272727272727275,6.357529537342459,0.0
SP_SP,bba3293d6f5d5af2f415e004e8b93ae3,6,-10.0,2.449489742783178,4.166666666666667,1.9407902170679516,0.0
SP_SP,bbad7e518d7af88a0897397ffdca1979,26,-6.3076923076923075,9.821483516329826,9.615384615384615,6.841502309153586,0.15384615384615385
SP_SP,bc07d855eac23aab5ac8a120f21d16b2,5,-14.8,5.118593556827891,6.8,1.7888543819998317,0.0
SP_SP,bc2ac6b95e1accce9858528ee566c17e,15,-10.2,2.210365192839022,3.1333333333333333,1.8847761013926698,0.0
SP_SP,bc302730ea8cf49b5c74f579febb5bbf,6,-8.0,6.663332499583072,8.666666666666666,5.680375574437544,0.16666666666666666
SP_SP,bc47d5d1490df2b36add65d733eafaba,6,-9.0,8.899438184514796,9.0,8.876936408468858,0.16666666666666666
SP_SP,bccf933e006e9b94a6184af782963e77,17,-12.470588235294118,4.810374817241682,8.294117647058824,3.8204172854930545,0.0
SP_SP,bce6a5ecf98e99fd2a8868b15c51f04b,7,-1.1428571428571428,6.768273325562718,10.142857142857142,5.080307452263476,0.2857142857142857
SP_SP,bd15ee794d5e640d9dd71b665b2ab15b,5,-16.4,19.16507239746305,10.8,9.67987603226405,0.2
SP_SP,bd1d49a326abfa9b1036772e40445430,8,-10.0,11.904380946285519,12.625,9.72386607417911,0.125
SP_SP,bd23da7354813347129d751591d1a6e2,44,-9.363636363636363,3.341708998025433,5.386363636363637,2.7383232782710936,0.0
SP_SP,bd4889b5e9133b35b66e42a8665cea5c,13,-10.153846153846153,4.160251471689219,5.6923076923076925,3.038218101251,0.0
SP_SP,bd697db56ff8e7c9cd1abeb7f72029b2,6,-9.5,7.231873892705818,7.333333333333333,2.6583202716502514,0.0
SP_SP,be8e909810184b9b19e886129149d8e5,6,-10.0,2.8284271247461903,5.0,4.09878030638384,0.0
SP_SP,beadbee30901a7f61d031b6b686095ad,27,-5.962962962962963,11.507460728660012,9.814814814814815,10.069134242200983,0.2222222222222222
SP_SP,bf00385a5f7fc1ef39a13c2e9ee50a5f,19,-9.789473684210526,4.995319446668953,3.736842105263158,1.6945043609385506,0.0
SP_SP,bf3c6d2a28b2b5501e6c15448982dcc9,8,-9.0,4.105745103771404,6.75,7.106335201775948,0.0
SP_SP,bf84056e679dbe9c69929847a40e338f,24,-8.166666666666666,3.1987316326899036,7.875,3.9266370166937463,0.0
SP_SP,bfd27a966d91cfaafdb25d076585f0da,36,-15.666666666666666,7.364005121438431,8.13888888888889,5.24896059249708,0.027777777777777776
SP_SP,c003204e1ab016dfa150abc119207b24,80,-8.6,9.466262545602591,6.45,7.875454577999074,0.0625
SP_SP,c0098efcf800861dcae589affca31408,6,-12.5,2.5099800796022262,8.166666666666666,2.8577380332470415,0.0
SP_SP,c013e57c075a06e5b5c48ee03c525719,21,-10.428571428571429,7.23582357835947,7.238095238095238,4.097618355883841,0.047619047619047616
SP_SP,c0563dd588b775f2e37747ef6ad6c92c,13,-7.538461538461538,4.033513452218893,7.076923076923077,4.769023982282931,0.07692307692307693
SP_SP,c12b92bf1c350f3e6bf88d3596219c86,6,-17.833333333333332,6.462713568360172,5.333333333333333,2.065591117977289,0.0
SP_SP,c273175f7c6c80fb02f051e2fc6d0d72,6,-5.166666666666667,7.652886165798278,9.333333333333334,6.531972647421808,0.16666666666666666
SP_SP,c2d70ce2c5d0a2eb75e78668236e6dc8,5,-8.6,6.148170459575759,5.0,4.527692569068709,0.0
SP_SP,c31eff8334d6b3047ed34bebd4d62c36,60,-6.666666666666667,7.475761208714301,9.366666666666667,4.701123798811451,0.18333333333333332
SP_SP,c3867b4666c7d76867627c2f7fb22e21,104,-9.326923076923077,8.92845598986507,11.39423076923077,8.20539518135177,0.09615384615384616
SP_SP,c3acdfac4e3e97ff87529454fbc03642,6,-7.333333333333333,6.889605697474034,9.0,5.329165037789691,0.16666666666666666
SP_SP,c3e1abd72a42fe690fcd89cf5720fe29,9,-7.666666666666667,3.7080992435478315,2.7777777777777777,1.3017082793177757,0.0
SP_SP,c510bc1718f0f2961eaa42a23330681a,6,-8.666666666666666,7.633260552782583,4.0,1.7888543819998317,0.0
SP_SP,c54679b132454625907c773d273d4126,5,-7.8,3.03315017762062,5.6,1.6733200530681511,0.0
SP_SP,c5e60e39c0f42b8e827daa13cff74afa,5,-4.4,5.176871642217914,4.0,1.5811388300841898,0.0
SP_SP,c5f7feb04a6a1fb3596322bfc3cf1917,6,-9.666666666666666,8.959166627910582,5.333333333333333,1.9663841605003498,0.0
SP_SP,c60b801f2d52c7f7f91de00870882a75,12,-5.0,9.204741860979738,11.333333333333334,6.443225241690028,0.25
SP_SP,c66dccfb3f109511246da627dd5a2498,14,-11.571428571428571,6.034698204349777,8.428571428571429,4.847113109316255,0.07142857142857142
SP_SP,c68fb906c8f4b4b946d8386bfa6e5467,18,-11.777777777777779,5.461690705219138,7.166666666666667,4.422535870901644,0.05555555555555555
SP_SP,c6bda72e4dbf5c5866b13cb1810c6d03,25,-11.6,5.107184482014854,5.64,4.328972164382672,0.0
SP_SP,c70c1b0d8ca86052f45a432a38b73958,171,-7.023391812865497,5.597219074603837,5.60233918128655,3.1182188206877166,0.05263157894736842
SP_SP,c794dab4928dd97beb41d05514441e86,8,-7.25,5.007137762377682,7.125,4.257346591481601,0.125
SP_SP,c826c40d7b19f62a09e2d7c5e7295ee2,110,-9.10909090909091,4.894005797294616,7.118181818181818,5.036985807175233,0.03636363636363636
SP_SP,c8417879a15366a17c30af34c798c332,11,-11.545454545454545,3.0451153135353137,5.454545454545454,3.531674853766591,0.0
SP_SP,c84592044b180dec206770c38603814b,6,-10.166666666666666,5.564770136013407,7.833333333333333,4.070217029430577,0.0
SP_SP,c8b0e2b0a7095e5d8219575d5e7e1181,31,-7.870967741935484,6.438125687309267,6.258064516129032,5.691910879692829,0.0967741935483871
SP_SP,c8b3445d737de6befde0c88ede534a5e,15,-9.733333333333333,6.21595489350552,6.733333333333333,5.483308003994183,0.06666666666666667
SP_SP,c8cc60ffd415254af5d9b9f34f32c369,5,-7.8,3.8340579025361627,2.2,0.8366600265340756,0.0
SP_SP,c8e135e7b21ecbc36c1153a29d2f5a06,6,-11.166666666666666,5.269408568963567,7.666666666666667,3.5023801430836525,0.0
SP_SP,c9aafcd0621b2207c10e32c649cada4d,24,-6.916666666666667,6.580053301400784,6.458333333333333,2.466808652396094,0.125
SP_SP,c9c7905cffc4ef9ff9f113554423e671,56,-9.089285714285714,6.052127456791269,5.767857142857143,5.041612553822154,0.05357142857142857
SP_SP,ca3bd7cd9f149df75950150d010fe4a2,30,-16.433333333333334,9.550892116963999,10.2,6.144243170475192,0.0
SP_SP,ca4b77513ac2040591b0d8fae6958380,8,-2.5,5.52914356581818,5.5,3.2071349029490928,0.125
SP_SP,ca7c6bd577e559472af1c699de9e764e,6,-8.333333333333334,2.804757862395017,4.666666666666667,4.273952113286562,0.0
SP_SP,caa9bc43a9fe8cf9c564ddd8a03cc4a6,7,-7.285714285714286,5.589105048046175,4.571428571428571,1.9023794624226837,0.0
SP_SP,cab85505710c7cb9b720bceb52b01cee,92,-13.576086956521738,7.770377245784531,5.554347826086956,3.52499436656017,0.0
SP_SP,cac4c8e7b1ca6252d8f20b2fc1a2e4af,26,0.46153846153846156,35.54966190469977,18.5,32.926888708166764,0.2692307692307692
SP_SP,cac63f48c38cd7d002a7e846dcd99a23,5,-13.0,4.949747468305833,4.2,2.280350850198276,0.0
SP_SP,cb3dd9ce66268c7a3ca7241ac70ab58c,22,-13.5,5.04975246918104,9.590909090909092,4.327751983355473,0.0
SP_SP,cb41bfbcbda0aea354a834ab222f9a59,6,26.333333333333332,73.15645334942548,46.166666666666664,71.48822746905023,0.3333333333333333
SP_SP,cb5df0dcb9e280b1780e9d589889f2c7,5,-12.6,14.67310464761974,20.6,8.324662155306966,0.2
SP_SP,cbd996ad3c1b7dc71fd0e5f5df9087e2,80,-11.5625,10.423735997803224,9.5375,8.987957836791924,0.025
SP_SP,cbf09e831b0c11f6f23ffb51004db972,6,-8.833333333333334,8.134289561274953,2.8333333333333335,2.136976056643281,0.0
SP_SP,cc419e0650a3c5ba77189a1882b7556a,652,-11.311349693251534,5.18828232118753,6.6579754601226995,4.0170008391002785,0.024539877300613498
SP_SP,cc63f0dd2acba93ffed4fe9f8e0321fa,21,-10.19047619047619,6.925453397569344,6.619047619047619,1.9615348703551125,0.0
SP_SP,cca3071e3e9bb7d12640c9fbe2301306,302,-15.47682119205298,8.656481785621603,10.413907284768213,5.869358913133189,0.029801324503311258
SP_SP,cce6ab8d1682639fe45ab70234f1665f,22,-13.772727272727273,7.533618735734591,15.0,7.124738925876847,0.045454545454545456
SP_SP,ccf8813e5a7d6c84d865cd38bfc2b130,15,-13.666666666666666,7.276838664721168,8.0,4.342481186734475,0.0
SP_SP,cd06602b43d8800bd0afad514919d35c,21,-11.476190476190476,5.929747445035476,9.523809523809524,4.3545269274520235,0.0
SP_SP,cd68562d3f44870c08922d380acae552,46,-9.91304347826087,5.909788817270402,10.0,5.064034403955452,0.06521739130434782
SP_SP,cda598c48d7c614bc1cad7d8ff6f0010,6,-12.333333333333334,6.97614984548545,4.0,1.4142135623730951,0.0
SP_SP,ce27a3cc3c8cc1ea79d11e561e9bebb6,55,-10.072727272727272,5.486868314961086,6.963636363636364,7.5864490213939195,0.01818181818181818
SP_SP,ce616e1913288884e7742faac9d981db,9,-5.333333333333333,5.431390245600108,6.0,4.663689526544407,0.1111111111111111
SP_SP,cea729054f157f5870bdd321a958d994,15,-7.866666666666666,5.591660457025862,5.2,4.843257463437481,0.06666666666666667
SP_SP,ceaec5548eefc6e23e6607c5435102e7,66,-12.257575757575758,7.0083699543652385,7.651515151515151,5.260863995266365,0.045454545454545456
SP_SP,cee48807215b30a12ca2ca10ffb5f250,9,-8.333333333333334,6.96419413859206,17.666666666666668,8.12403840463596,0.1111111111111111
SP_SP,cfb1a033743668a192316f3c6d1d2671,67,-10.35820895522388,7.865732146348516,8.611940298507463,6.619427842803234,0.04477611940298507
SP_SP,cfe94489ddd337d1e29e12f2a7205d10,10,-6.5,4.27525177946022,4.2,2.1499353995462798,0.0
SP_SP,d06d019f72a04e5497a0b64190af170c,9,-13.444444444444445,5.960518247415889,3.888888888888889,3.3333333333333335,0.0
SP_SP,d101c6da914ae3d53f7bee42283f2fe2,7,-13.571428571428571,12.66039945205973,9.142857142857142,2.410295378065479,0.0
SP_SP,d12c926d74ceff0a90a21184466ce161,30,-13.2,5.06100712343386,4.033333333333333,2.385058856113709,0.0
SP_SP,d13e50eaa47b4cbe9eb81465865d8cfc,46,-2.5434782608695654,4.969715045437741,4.173913043478261,2.3314692346823986,0.13043478260869565
SP_SP,d1b65fc7debc3361ea86b5f14c68d2e2,16,-13.5625,5.977387946809766,5.6875,4.346933785248325,0.0625
SP_SP,d1c281d3ae149232351cd8c8cc885f0d,98,-12.183673469387756,6.380296568706639,9.275510204081632,4.879539889254174,0.030612244897959183
SP_SP,d20b021d3efdf267a402c402a48ea64b,38,-7.342105263157895,11.177381397605572,13.5,10.789759910161065,0.15789473684210525
SP_SP,d2374cbcbb3ca4ab1086534108cc3ab7,243,-14.753086419753087,9.003944311351677,11.386831275720164,5.060639663322511,0.024691358024691357
SP_SP,d29ba1220fb8634fa3a107e54497b8a4,5,-14.8,6.3796551630946325,5.0,2.0,0.0
SP_SP,d3f39f05462b79a4562d35893a28f159,20,-13.2,10.35475990216958,8.35,7.828927465697833,0.1
SP_SP,d4910f1cdcfdabd48d6b316e395d4a23,5,-4.4,2.701851217221259,5.0,1.5811388300841898,0.0
SP_SP,d4e12e7884759a14fa0f5f896c791cae,15,-8.933333333333334,5.586548470166871,6.466666666666667,5.553205852306867,0.06666666666666667
SP_SP,d4f117125b59ce73c3302f88ee40c458,8,-8.875,4.793969425970806,6.0,2.7774602993176543,0.0
SP_SP,d50d79cb34e38265a8649c383dcffd48,21,-11.428571428571429,8.518048066144194,8.285714285714286,4.776430227092793,0.047619047619047616
SP_SP,d51e0a403fe2e689ece6c73359d96e12,5,-17.0,2.5495097567963927,5.8,2.7748873851023217,0.0
SP_SP,d566c37fa119d5e66c4e9052e83ee4ea,41,-8.439024390243903,5.399299864277798,3.707317073170732,2.015488804719892,0.0
SP_SP,d57e18d5f73c7ccb7f7339b61166898d,26,-9.653846153846153,4.849266399712911,4.5,2.3366642891095846,0.0
SP_SP,d5ba419e26d246a0719437cf37d9b46d,18,-6.5,6.03177858854057,5.166666666666667,2.3326329481056884,0.05555555555555555
SP_SP,d650b663c3b5f6fb392b6326366efa9a,29,-10.10344827586207,3.3947946244024725,4.862068965517241,2.3410031111688983,0.0
SP_SP,d673a59aac7a70d8b01e6902bf090a11,29,-10.827586206896552,7.324464707487609,8.724137931034482,4.712419394719038,0.06896551724137931
SP_SP,d6ab728cf30867cf3f1a2e216ae2f9b7,5,-6.2,3.3466401061363023,3.0,0.7071067811865476,0.0
SP_SP,d6b1ce66b035a475f00c017792ff9769,31,-9.258064516129032,7.009363936599306,6.354838709677419,4.637157082356777,0.06451612903225806
SP_SP,d71d863e5ef30d94e440c11be17dcd8f,6,-2.0,11.47170431975999,13.333333333333334,12.940891262454324,0.3333333333333333
SP_SP,d91fb3b7d041e83b64a00a3edfb37e4f,239,-10.255230125523013,7.961944930019829,7.493723849372385,5.961973541676926,0.05439330543933055
SP_SP,d93919c944be9cff128f6c9cb899eacb,10,-10.0,6.091888960832355,13.1,4.1486276177925525,0.0
SP_SP,d9442042130b7fe579d1295f9f4a248f,10,-4.8,6.069962474714687,8.4,4.452215428550399,0.1
SP_SP,d97df38225e5abadaff1e72cb72b823c,12,-10.333333333333334,4.185110693297313,4.916666666666667,3.287948609787881,0.0
SP_SP,d9a84e1403de8da0c3aa531d6d108ba6,31,-7.741935483870968,4.7886514589912395,3.4516129032258065,2.0950530570436534,0.03225806451612903
SP_SP,d9bd94811c3338dceb4181f3dbc0c73e,36,-6.25,6.737422143732508,5.0,4.20883424647321,0.05555555555555555
SP_SP,d9e8c084b68fe958861d8f2c21202e6b,5,-11.4,2.408318915758459,4.8,2.280350850198276,0.0
SP_SP,da7039f29f90ce5b4846ffc0fcc93beb,8,-14.125,8.253787009609589,3.125,1.3562026818605375,0.0
SP_SP,da8622b14eb17ae2831f4ac5b9dab84a,710,-10.749295774647887,7.323222202308399,6.561971830985915,5.947676560902775,0.02535211267605634
SP_SP,dace965ca58120f92f8d742a9fa1864b,6,-10.833333333333334,2.714160398109638,6.833333333333333,2.639444385977221,0.0
SP_SP,db2956745b3a8e9f3785c99f34b5d25e,14,-9.357142857142858,8.77590357265185,10.142857142857142,5.274862635574108,0.14285714285714285
SP_SP,db4350fd57ae30082dec7acbaacc17f9,48,-11.625,6.13890627170394,6.25,4.624173301618815,0.020833333333333332
SP_SP,dbb9b48c841a0e39e21f98e1a6b2ec3e,56,-10.857142857142858,5.7316618926754614,6.482142857142857,4.331663847566163,0.017857142857142856
SP_SP,dbd66278cbfe1aa1000f90a217ca4695,45,-10.28888888888889,6.447769953537221,5.466666666666667,4.208217070101175,0.0
SP_SP,dc4a0fc896dc34b0d5bfec8438291c80,97,-11.742268041237113,5.90952330021118,10.360824742268042,5.206537491082544,0.030927835051546393
SP_SP,dc8798cbf453b7e0f98745e396cc5616,20,-8.7,8.013803880279262,10.6,8.450474916582467,0.05
SP_SP,dd533b429f380718b70ad9922c294bae,7,-10.857142857142858,4.0178174601214955,9.571428571428571,3.5523298860110977,0.0
SP_SP,dd7ddc04e1b6c2c614352b383efe2d36,66,-7.454545454545454,6.561383105089067,10.772727272727273,4.7419420057624055,0.09090909090909091
SP_SP,de0c78824586e9a5f5f04fd84e25df39,5,-12.8,3.96232255123179,2.6,0.8944271909999159,0.0
SP_SP,de23c3b98a88888289c6f5cc1209054a,75,-10.026666666666667,4.543999111787758,6.333333333333333,4.227750450756747,0.013333333333333334
SP_SP,dee656f0f566ed1aa85bd137c943f08f,31,-12.419354838709678,9.258416688067806,8.806451612903226,7.245317360607055,0.06451612903225806
SP_SP,dfc5fb7259bb2b599ca565e6e9448f0f,7,-12.571428571428571,7.9761549395086115,8.142857142857142,1.0690449676496971,0.0
SP_SP,e067ad2c1c0b48758eb1b5228bcf7a68,26,-7.346153846153846,6.740577468984732,11.615384615384615,7.626673838978159,0.07692307692307693
SP_SP,e06f09ec0a4aca210779cf1cfc63cf19,12,-13.75,13.545378279223977,12.833333333333334,8.747293953855188,0.08333333333333333
SP_SP,e0a366315b1b726b6c7832d664c0f530,22,-10.090909090909092,6.421015280268163,4.681818181818182,5.149076326195506,0.045454545454545456
SP_SP,e24d3429d294b2eb200b064ebb035879,8,-7.625,4.438065859293727,2.875,1.552647508520297,0.0
SP_SP,e24fc9fcd865784fb25705606fe3dfe7,23,-11.478260869565217,5.5174892611617805,6.173913043478261,5.597500853977307,0.043478260869565216
SP_SP,e26901d5ab434ce92fd9b5c256820a4e,96,-11.354166666666666,5.448281557502748,7.322916666666667,3.64329172060151,0.010416666666666666
SP_SP,e2c92f9c1c7746d899d18f2e158bbff7,6,-6.833333333333333,3.710345895825168,7.666666666666667,3.559026084010437,0.0
SP_SP,e333046ce6517bd8bb510291d44f0130,29,-12.448275862068966,5.186426012036143,6.379310344827586,3.063772104349337,0.0
SP_SP,e3a386fc36e22064434e1fa256f6a9fa,9,-5.444444444444445,5.659308948783214,5.333333333333333,4.663689526544408,0.1111111111111111
SP_SP,e504a4e2efaa45cbff7e268a2c58c956,7,-7.571428571428571,7.2768386647211685,10.571428571428571,6.948792289723034,0.14285714285714285
SP_SP,e5475dcab1e07b63d7f6e902d8f5eda8,13,-10.76923076923077,5.230580690418068,7.230769230769231,3.539158236875122,0.0
SP_SP,e5a3438891c0bfdb9394643f95273d8e,94,-7.287234042553192,7.400410247892221,9.042553191489361,6.8547368342652435,0.0851063829787234
SP_SP,e5a38146df062edaf55c38afa99e42dc,56,-12.357142857142858,7.28242859448455,6.160714285714286,4.368385537906676,0.0
SP_SP,e5e33c0d8e7e002f398f5dc4cbbb338f,9,-12.555555555555555,6.691619966628244,7.222222222222222,2.6352313834736494,0.0
SP_SP,e601b04acf48b4576e73ddca9481f0dc,7,-9.0,4.864839839775475,3.5714285714285716,2.370453040886408,0.0
SP_SP,e627629ba868740e287800f1a9be81c2,7,-10.857142857142858,6.148944934663491,5.285714285714286,3.3022358947782493,0.0
SP_SP,e62b2d6ac10570a035a30bafcf01d263,31,-7.129032258064516,6.545950073563914,10.419354838709678,6.815542010964778,0.0967741935483871
SP_SP,e63e8bfa530fb16910dd6956e592bb81,24,-11.791666666666666,8.059448501288877,7.958333333333333,4.956148282396467,0.08333333333333333
SP_SP,e64d65bc8dbec2accda90c58de5d1246,6,-4.833333333333333,8.328665359267754,11.166666666666666,6.968978882638881,0.3333333333333333
SP_SP,e6a69c4a27dfdd98ffe5aa757ad744bc,11,-14.636363636363637,6.592006178284835,5.909090909090909,1.9211738835693897,0.0
SP_SP,e7d5b006eb624f13074497221eb37807,11,-9.0,4.358898943540674,5.818181818181818,2.821991559809555,0.0
SP_SP,e7df4cd29ab5abab70fb0783ddb53987,14,-8.928571428571429,8.33402927496922,8.071428571428571,6.776251354368609,0.07142857142857142
SP_SP,e83c76265fc54bf41eac728805e4da77,7,-11.0,7.52772652709081,10.714285714285714,6.369570517030843,0.0
SP_SP,e84ad2127668df3aafc6b73531a0beb8,10,-9.2,2.0976176963403033,4.6,1.776388345929897,0.0
SP_SP,e883aa812c37a7413226856f4579fe91,11,-7.909090909090909,3.0480992587035436,5.181818181818182,2.0404990476930793,0.0
SP_SP,e89c4adbe7b1d0819dbb636e16461cf1,10,-11.3,8.743886753358346,8.3,7.732327520797918,0.1
SP_SP,e8b4225284fbb02d16f200513f1f395d,17,-10.0,9.082951062292475,9.0,5.26782687642637,0.11764705882352941
SP_SP,e8f6dc8e6a1dcde89d20e3995c8d90b3,14,-23.357142857142858,18.274013254880835,11.0,7.635947374602074,0.14285714285714285
SP_SP,e9511df20ccd82658a30c37b7fb343af,9,-14.555555555555555,5.918426968188235,8.222222222222221,3.527668414752788,0.0
SP_SP,e96498ed8daaa3e9c23f7a62da76591c,8,-12.5,2.7774602993176547,6.625,2.7222627143085005,0.0
SP_SP,e9779976487b77c6d4ac45f75ec7afe9,378,-8.798941798941799,6.417962106777408,6.378306878306878,5.487604096256121,0.03968253968253968
SP_SP,e9d99831abad74458942f21e16f33f92,54,-9.092592592592593,7.731993124669995,8.203703703703704,6.901953865090312,0.07407407407407407
SP_SP,ea00f977a203ff88adf7057cb7806998,15,-5.733333333333333,4.2336520314982815,4.8,3.0047581314594076,0.06666666666666667
SP_SP,ea566164622c6b439516ab18062c42cd,23,-8.521739130434783,6.207543542976131,7.260869565217392,7.007900679715638,0.043478260869565216
SP_SP,ea65d8b58316a6f2362f2a9e4b3e86ad,5,-6.8,4.868264577855234,7.0,5.916079783099616,0.0
SP_SP,ea67327e24487bdfac5fbfa37ea124df,16,-12.5,8.41427358718505,7.1875,1.8337120820892248,0.0
SP_SP,ea8482cd71df3c1969d7b9473ff13abc,412,-8.689320388349515,5.449219906604267,7.361650485436893,4.433096625132518,0.038834951456310676
SP_SP,eb5b6204dde3a6e03b5f1bb8479f055b,11,-9.363636363636363,5.869799439039246,7.7272727272727275,6.084256882987586,0.09090909090909091
SP_SP,eb72802c83dc7547529c9546d1a9b8ef,5,-7.4,2.9664793948382653,3.2,1.0954451150103321,0.0
SP_SP,ebd2d60905fb58271facef5596b620d3,30,-13.2,3.717618815205832,7.266666666666667,2.803118132431777,0.0
SP_SP,ec4608a1f76453166bb312b2968aeaf4,10,-4.5,18.64433187623282,15.2,17.434321195720685,0.2
SP_SP,ec80e49e69745ab6c14f984bf2149423,7,-10.571428571428571,5.094347941825426,5.428571428571429,2.6367367999823097,0.0
SP_SP,ec8879960bd2221d5c32f8e12f7da711,11,-12.545454545454545,3.559877423834601,4.7272727272727275,2.6491851234260353,0.0
SP_SP,ececbfcff9804a2d6b40f589df8eef2b,39,-11.025641025641026,5.918246448538707,7.666666666666667,2.746608754286421,0.02564102564102564
SP_SP,ed4311e67debd72b8610a5347a743087,9,-7.222222222222222,6.815016100086957,3.6666666666666665,2.179449471770337,0.1111111111111111
SP_SP,ed4acab38528488b65a9a9c603ff024a,17,-12.0,5.60133912560202,6.117647058823529,2.689850203570277,0.0
SP_SP,ed8cb7b190ceb6067227478e48cf8dde,7,-3.5714285714285716,3.309438162646486,6.428571428571429,2.7602622373694166,0.14285714285714285
SP_SP,ede0c03645598cdfc63ca8237acbe73d,24,-6.458333333333333,11.321311825458894,13.708333333333334,10.49007467402719,0.2916666666666667
SP_SP,edf96ef93ed595084bbcbd9224bd2894,13,-9.76923076923077,4.728527715787902,7.6923076923076925,3.3262745773767035,0.0
SP_SP,eed78ac17f7f795a19a709745f00cd4e,7,-14.571428571428571,5.7404164441598615,8.285714285714286,1.3801311186847085,0.0
SP_SP,ef30892870c278497523264be1be2241,7,-14.571428571428571,6.023762469230862,7.714285714285714,5.794085654478071,0.0
SP_SP,ef506c96320abeedfb894c34db06f478,96,-9.354166666666666,5.890186605330433,7.395833333333333,5.5922487081705405,0.0625
SP_SP,efcd8d2104f1a05d028af7bad20d974b,21,-14.19047619047619,4.3199426803957435,6.809523809523809,2.65742446024431,0.0
SP_SP,f00e21b1e91a79653163b7fd8f293ff1,6,-18.166666666666668,3.9707262140150967,11.333333333333334,0.8164965809277264,0.0
SP_SP,f0b47fbbc6dee9aafe415a6e33051b3f,33,-10.212121212121213,10.36145976611638,7.333333333333333,3.705289012569285,0.12121212121212122
SP_SP,f0e103c63864d5405b958d984b6e94c9,5,-9.4,1.5165750888103102,3.8,3.492849839314596,0.0
SP_SP,f125f3a310c2e5f822d116147de1e474,6,-6.666666666666667,7.146094504459528,6.5,2.8809720581775866,0.16666666666666666
SP_SP,f12d3c2a14729ae461b920c11fe20fdc,8,-10.875,7.199950396654529,5.0,3.625307868699863,0.0
SP_SP,f12ff17ad8bbf01ec5c33b17e506649b,6,-7.666666666666667,3.265986323710904,4.833333333333333,2.6394443859772205,0.0
SP_SP,f181738b150df1f37cb0bd72e705b193,20,-10.2,6.135316231716006,4.35,3.8151360602073856,0.05
SP_SP,f1b93673502375d491780bb49d615dbc,6,-2.3333333333333335,6.623191577077223,14.166666666666666,10.264826674945207,0.16666666666666666
SP_SP,f214d28e8d8e3ef068748498ccc2f813,22,-10.090909090909092,4.513567809648412,5.7272727272727275,3.5211174928236058,0.0
SP_SP,f262cbc1c910c83959f849465454ddd3,116,-9.913793103448276,4.713660011567199,5.077586206896552,3.8224755513057027,0.017241379310344827
SP_SP,f27e33c6d29b5138fa9967bcd445b6d5,40,-8.55,5.88326614329324,7.5,3.456691763625728,0.05
SP_SP,f35b3c613c4f7b2275f4185d0a3c59ec,5,-10.8,5.761944116355173,5.4,2.4083189157584592,0.0
SP_SP,f3c38ab652836d21de61fb8314b69182,6,-7.166666666666667,3.65604522218567,4.166666666666667,2.786873995477131,0.0
SP_SP,f3da5b2ff499efb8d4a6d371d175d7dd,45,-9.488888888888889,6.272676035510255,5.733333333333333,4.589513739344982,0.044444444444444446
SP_SP,f41ce2e25237f9092cd8e6e7516c7a2f,15,-11.333333333333334,5.887840577551898,6.733333333333333,3.534860406754147,0.0
SP_SP,f45122a9ab94eb4f3f8953578bc0c560,72,-10.097222222222221,6.333812064930995,7.666666666666667,6.261890098495325,0.027777777777777776
SP_SP,f46490624488d3ff7ce78613913a7711,40,-6.725,5.751198314376062,6.25,3.7672679347648863,0.125
SP_SP,f4a04f7be452aa3bb31760bf00055dd0,8,-20.625,6.588680769753099,4.625,4.2067123233504535,0.0
SP_SP,f4aba7c0bca51484c30ab7bdc34bcdd1,52,-11.98076923076923,10.79122807275661,8.942307692307692,5.740852780603864,0.09615384615384616
SP_SP,f4db9b37944bcb8873e6b456ee190bbf,6,-7.666666666666667,5.715476066494083,5.666666666666667,3.2041639575194445,0.16666666666666666
SP_SP,f52c2422904463fdd7741f99045fecb6,7,-6.0,5.41602560309064,3.7142857142857144,1.799470821684875,0.0
SP_SP,f593898ec748b7a8cb81fc04edafd98a,7,-18.0,6.377042156569663,7.142857142857143,4.3369947901195145,0.0
SP_SP,f5a590cf36251cf1162ea35bef76fe84,48,-8.75,7.102591675623645,7.541666666666667,5.87080165367027,0.08333333333333333
SP_SP,f5b44895715ddfe3087dc414f30268f3,10,-8.8,4.315347288715269,6.7,2.4517567397911058,0.0
SP_SP,f5f1f2c5f923f36ad79ea1d07185ddc9,6,-7.5,2.8809720581775866,11.333333333333334,3.141125063837266,0.0
SP_SP,f615fe7efbef0f4f08fd3086bc7a3e60,14,-11.928571428571429,5.075799076375686,4.428571428571429,3.1308461799005394,0.07142857142857142
SP_SP,f61c63d13f7cd800549d5acdd390ae72,17,-10.647058823529411,7.549347459139997,9.882352941176471,6.8454579187697195,0.11764705882352941
SP_SP,f63d8f293af3a6454377546bd9dd19ff,5,-16.6,5.224940191045253,9.2,2.9495762407505253,0.0
SP_SP,f680f85bee2d253556ac91be391d2c82,18,-9.88888888888889,6.229803970940007,5.388888888888889,3.8826747737471927,0.05555555555555555
SP_SP,f7496d659ca9fdaf323c0aae84176632,13,-13.923076923076923,9.638996649561426,10.923076923076923,6.849106249012086,0.07692307692307693
SP_SP,f76a3b1349b6df1ee875d1f3fa4340f0,15,-3.4,6.926140958096982,14.266666666666667,8.506020276979179,0.3333333333333333
SP_SP,f7ba60f8c3f99e7ee4042fdef03b70c4,76,-8.907894736842104,5.966970491137465,6.078947368421052,4.3810597131888445,0.05263157894736842
SP_SP,f7ccf836d21b2fb1de37564105216cc1,43,-9.674418604651162,7.38957093358625,8.488372093023257,6.05676360625539,0.023255813953488372
SP_SP,f80edd2c5aaa505cc4b0a3b219abf4b8,54,-9.277777777777779,5.988721054967733,8.12962962962963,7.493509886980555,0.0
SP_SP,f84fa566034f5e8e880a07ec624c56af,53,-7.679245283018868,4.56480509696686,7.264150943396227,3.5742182759968997,0.03773584905660377
SP_SP,f8db351d8c4c4c22c6835c19a46f01b0,286,-10.304195804195805,5.525867389254966,5.433566433566433,3.551247748222489,0.03496503496503497
SP_SP,f918546be4bec7104d117789ba758b2b,11,-9.090909090909092,6.456849780729693,7.181818181818182,4.468068527186705,0.09090909090909091
SP_SP,f9244d45189d3a3605499abddeade7d5,5,-16.6,8.17312669668102,8.8,2.6832815729997477,0.0
SP_SP,f92d8c817434bd2d84d4e9c61322b7fa,5,-9.0,6.123724356957945,8.4,5.504543577809154,0.0
SP_SP,f97e2b0650c2068227e1d366140eb62f,8,-12.5,13.50132268652647,15.0,12.118462891684855,0.125
SP_SP,f9ec7093df3a7b346b7bcf7864069ca3,5,-4.4,5.029910535983717,3.0,0.7071067811865476,0.0
SP_SP,fa1c13f2614d7b5c4749cbc52fecda94,204,-9.916666666666666,6.008033756757005,6.852941176470588,4.236591851794345,0.0392156862745098
SP_SP,fa40cc5b934574b62717c68f3d678b6d,135,-9.25925925925926,7.786290058817757,7.014814814814815,6.8119574248513795,0.02962962962962963
SP_SP,fac1a9017ade7bdc94058fc1c969f355,5,-9.8,8.34865258589672,5.4,0.5477225575051662,0.0
SP_SP,fbc14c0cf93505ef89f64665ffa4a7b5,10,-11.7,4.110960958218893,7.7,3.8887301554906353,0.0
SP_SP,fcb5ace8bcc92f75707dc0f01a27d269,38,-8.210526315789474,7.393049675153601,7.605263157894737,6.360942789565041,0.02631578947368421
SP_SP,fcdd820084f17e9982427971e4e9d47f,6,-12.166666666666666,13.46724421203784,11.166666666666666,8.727351641057364,0.16666666666666666
SP_SP,fd386aa7bed2af3c7035c65506c9b4a3,32,-6.3125,5.145856460267564,3.65625,2.3363795399803324,0.09375
SP_SP,fdaaf5bfda82b7b80535610c831b8d09,7,-12.857142857142858,2.4784787961282104,5.571428571428571,2.878491668515698,0.0
SP_SP,fdb9095204a334cd8872252ffec6f2db,21,-9.285714285714286,7.450790945549722,5.0,7.099295739719539,0.047619047619047616
SP_SP,fe2032dab1a61af8794248c8196565c9,142,-9.295774647887324,12.203236829299707,6.042253521126761,12.105841295308073,0.056338028169014086
SP_SP,fe26f3ecb51a15e6d8335cd92da42562,5,-8.6,6.54217089351845,11.4,8.473488065725943,0.2
SP_SP,fe49ee029e61e789a1f3a5525f57ba8d,9,-11.333333333333334,3.674234614174767,6.222222222222222,3.8333333333333335,0.0
SP_SP,fe87f472055fbcf1d7e691c00b1560dc,5,-2.4,7.503332592921628,5.4,5.9833101206606365,0.2
SP_SP,febab0275244b9a49a623f0bd613ca2f,58,-11.258620689655173,5.4790200968805145,5.137931034482759,3.181350677858571,0.017241379310344827
SP_SP,ff063b022a9a0aab91bad2c9088760b7,40,-9.825,3.9928622212579175,4.675,3.640142995218872,0.0
SP_SP,ff1fb4c404b2efe68b03350a8dc24122,23,-6.608695652173913,6.436678494342069,6.869565217391305,5.872155774392841,0.17391304347826086
SP_SP,ff4e2d38692ce827b1a4f4b8196e680d,5,-14.4,4.505552130427524,4.4,3.361547262794322,0.0
SP_SP,ff69aa92bb6b1bf9b8b7a51c2ed9cf8b,12,-10.083333333333334,5.035480176314926,6.166666666666667,3.9273709303097952,0.0
SP_SP,ffad1e7127fb622cb64a900751590acd,6,-8.0,3.1622776601683795,6.833333333333333,3.3115957885386114,0.0
SP_SP,ffc470761de7d0232558ba5e786e57b7,13,-12.23076923076923,6.685230563885415,5.230769230769231,3.4436861586059724,0.0
SP_SP,ffeee66ac5d5a62fe688b9d26f83f534,8,-3.75,10.68710838881527,18.0,8.96022958889527,0.25
SP_SP,fffd5413c0700ac820c7069d66d98c89,22,-11.363636363636363,6.622799397646879,7.7272727272727275,5.426406494715213,0.045454545454545456
SP_SP,ffff564a4f9085cd26170f4732393726,5,-46.6,3.577708763999663,10.2,3.2710854467592254,0.0
SP_TO,6560211a19b47992c3666cc44a7e94c0,9,-13.444444444444445,6.227180564089801,12.0,4.031128874149275,0.0
SP_TO,7a67c85e85bb2ce8582c35f2203ad736,8,-15.875,7.453426824526517,14.625,6.5013734812620285,0.0
SP_TO,955fee9216a65b617aa5c0531780ce60,6,-7.833333333333333,7.5210814825174355,19.5,8.312640976248161,0.16666666666666666
SP_TO,cc419e0650a3c5ba77189a1882b7556a,6,-15.666666666666666,11.518101695447331,14.333333333333334,7.711463328491335,0.16666666666666666
SP_TO,ea8482cd71df3c1969d7b9473ff13abc,6,-4.666666666666667,9.437513796899408,22.833333333333332,9.347013783378447,0.3333333333333333
